Date,SPY,QQQ,IWM,EFA,EEM,TLT,LQD,GLD,VNQ
2021-09-20,-0.016815006555291667,-0.020879797272743694,-0.02406460514764941,-0.018682757535421146,-0.02723134963062357,0.012325309449291666,0.003097894355537534,0.007118755657040232,-0.006127833921838466
2021-09-21,-0.0009447833466049715,0.0012299051824706808,0.0015181060832398785,0.009823749743238075,0.007374106343791542,-0.0008607496975354678,-7.343716115837395e-05,0.006646896542603642,0.00047280140691441375
2021-09-22,0.009707438266307378,0.00929708341624469,0.01541942796873741,0.005000494971466374,0.01243252787903959,0.0059466735773394674,0.0027951779580774883,-0.003740999554961988,0.0096881055628808
2021-09-23,0.012076687182166701,0.009184578834211976,0.017545590163448033,0.010790843062797428,0.00781393187054169,-0.022856101945780694,-0.00692862666530214,-0.011613566243419804,-0.001967588113671148
2021-09-24,0.0016460493722210146,0.0009378060883422634,-0.004834711949077253,-0.00941993474667946,-0.011941013761290975,-0.009821858245508075,-0.0021470834349388568,-0.0012850982867504968,-0.010750176196069994
2021-09-27,-0.002865117819971452,-0.008013986810028406,0.015084086718464285,-0.0006230083404270559,0.006477561639094631,-0.0036819095077795794,-0.0005184191592952914,0.0020798706668898603,-0.013541615792087569
2021-09-28,-0.020357702818273538,-0.028705828155320745,-0.023006012084619165,-0.022048025226787615,-0.012997355795341559,-0.01570012496178741,-0.010736217130302705,-0.009763940911599711,-0.006791311856573223
2021-09-29,0.0016816211503618561,-0.0016407050796409806,-0.002126286861064308,-0.002295721623762681,-0.009359926362413784,0.0017338628686864865,-0.00022452158624197693,-0.004514933012786493,0.00746811742773712
2021-09-30,-0.012297443498869853,-0.0036807932725855252,-0.00941837113437316,-0.003965783195635453,0.007971465781047016,-0.00013834620813746312,-0.0026278666628529734,0.017816984307014394,-0.016661509494015903
2021-10-01,0.011814037807407196,0.006182441822455864,0.01600829161743267,0.00243263538456695,-0.000992890473430208,0.008379836531974938,0.007242002754538568,0.002250511092103835,0.014049018137259672
2021-10-04,-0.012979838269281174,-0.02121273688029479,-0.00912914119421071,-0.01054153025750093,-0.014812140314002242,-0.0025482830452006056,-0.0016466867819673325,0.004667408258472783,0.0001937817774910755
2021-10-05,0.010351087854954422,0.013408426851175825,0.0034444934739772393,0.006826107178442342,0.007032920910183815,-0.009703605926119963,-0.004127675043874568,-0.004667408258472783,-0.00690078476599254
2021-10-06,0.00414759292042266,0.00638739031080604,-0.0052164901573279465,-0.006696967562585421,-0.005622443321319004,0.0056255011741352945,0.00030065402442147615,0.0026697573525336082,0.009512593034247452
2021-10-07,0.008608472284026725,0.009133448185580484,0.015300514905431939,0.00772316901255099,0.01934461067733695,-0.010512653235371872,-0.004445577885312524,-0.005285683868044622,0.002701510052425249
2021-10-08,-0.001825446165164557,-0.004999058931929312,-0.0075533777719165585,-0.00012814602663802077,0.0037456022992157223,-0.0070239987675408955,-0.004617478687764631,0.0004262740437868118,-0.009487075360419261
2021-10-11,-0.007266081535881597,-0.00769934469352318,-0.00574818830521906,-0.003211182261617651,-0.001969634039618917,-0.002540421722319053,-0.0018981516789189357,-0.0018893655741347715,0.0025257257723678705
2021-10-12,-0.0024646830044270374,-0.0034938892542557554,0.005477254232341799,0.0005145928535528199,-0.0051395166863486,0.01695521190456173,0.006364188266727133,0.004504271350483258,0.013012908760131836
2021-10-13,0.0035912496085721557,0.007976022363664015,0.004728884659940924,0.009852372999627157,0.013776968779828813,0.009679521574725847,0.005048355806420268,0.01763773443447203,0.007251933368464414
2021-10-14,0.016680852528071277,0.018249104752817935,0.014717752657104732,0.009882134599707548,0.0031229115659758833,0.0037089953045610358,0.004723011575721969,0.002443480858075553,0.012096116533816925
2021-10-15,0.0075869844980100964,0.006280886605125602,-0.003148199739274382,0.008286380514959113,0.012008592477829705,-0.005844104448751608,-0.003597028539997993,-0.01602049176485476,-0.0007518059518822895
2021-10-18,0.0029559589225902627,0.01000565539655529,-0.0005775384856567811,-0.004260250606360927,-0.0025061395970866762,0.00467752608454397,-0.0008256248538902611,-0.002482990902389126,0.0025349861534307294
2021-10-19,0.007685338582084533,0.007538746795422213,0.0037257382249311632,0.00600913103149292,0.013230066614039693,-0.013890166081948152,-0.00549926567123471,0.0032085191864092977,0.0004686800815409953
2021-10-20,0.003920129803979933,-0.001305652113009259,0.006619262533987147,0.0034888339182872485,-0.00019043384647288164,-0.006773029977345857,-0.0024200842408559353,0.008725778175469046,0.015622446617711283
2021-10-21,0.002604668581966507,0.006088168959385243,0.0025476471014833635,-0.004737706100002015,-0.006498727075460398,-0.0011919573040719555,-0.002122918141597374,-0.0008991093021597507,0.0013830487427233251
2021-10-22,-0.0010367473306107655,-0.008437727024316999,-0.0023716870865682083,0.005980568212729409,-0.0021113517335056287,0.010952628356392324,0.004013748924215577,0.006098334452754983,0.004688058484990876
2021-10-25,0.005348517091881,0.010185864692664026,0.009453396684775406,-0.0019896994647483623,0.005174905361599702,-0.0015273792799499475,0.00045379345783391756,0.006890365329616621,0.00320471566475522
2021-10-26,0.00089962945574662,0.003143689859363974,-0.00756454524236716,0.0019896994647483623,-0.005174905361599702,0.008234716382669482,0.004296635394961612,-0.007427027125168628,0.002738533115087982
2021-10-27,-0.004439988265469985,0.0023185660060924818,-0.01856121283795087,-0.0039830315776017144,-0.008103452677670209,0.0180309097570186,0.006074512945351884,0.0026206236403645278,-0.008514182994633579
2021-10-28,0.009602585127099772,0.011043890111885446,0.019745628460963616,0.009680980833034702,0.0009680898735999754,-0.003389941028258292,-0.001496821404818327,-0.0002379136626089462,0.013878618206974558
2021-10-29,0.0020271202005783806,0.00490711916133435,-0.0002629636372741828,-0.0058223213139960706,-0.014621527189606187,0.003051568209381017,-0.0005239190475796462,-0.00854429930170042,-0.011307683992184181
2021-11-01,0.0017187952167025955,0.0034128963722581673,0.02558528303296903,0.009643986294016749,0.007824883154332607,-0.007225821728458648,-0.0017880994811347861,0.005207004497418843,0.0049401750225426255
2021-11-02,0.004034814987195823,0.004172623991141933,0.0020920094319354376,-0.0020939358940159636,-0.009003944098383343,0.004428803980266238,0.0038280323513602,-0.0021513131388868345,0.004734132461703844
2021-11-03,0.006086703411916972,0.010559675237596267,0.017713782076866025,0.008105244502806919,0.004707757620252995,-0.010387855100884913,-0.002550462386835761,-0.008350148277322944,0.0033550087204332613
2021-11-04,0.0047014390416189045,0.012737196420119723,-0.00037716413161881235,-0.0006116611784552362,-0.0023511926000843175,0.010455432177890245,0.005243550207895353,0.011277125295739765,-0.009550291932791666
2021-11-05,0.0034638409352316657,0.0009534937981339198,0.013573261725149166,0.0014673369499842437,-0.0011775040761179412,0.01484562556803759,0.007294890799276033,0.012978359326946354,0.005104797927741878
2021-11-08,0.0008530776413868679,-0.0013554571360483436,0.003097049550460973,-0.00012224135654204105,0.009187762255415066,-0.0018772217636096045,-0.0023017592059151326,0.0035851848469015124,-0.000818624153736458
2021-11-09,-0.0033107060413408718,-0.006907158181985729,-0.0058300116220477705,-0.0022023565639086584,-0.0038995013930192,0.012934137770846732,0.0026728391363910475,0.004916006634196002,0.0017274027142581971
2021-11-10,-0.008077418544997883,-0.0148061357057383,-0.015883273966820433,-0.012200488325316172,-0.004110756786277925,-0.01845172056399491,-0.010284378517172676,0.010800248284572156,-0.004643748035487505
2021-11-11,0.00032347451738079513,0.002768865655806252,0.008014996888749515,0.0035893115366762984,0.017114290673366117,-0.0014860854425489123,-0.002850625038944621,0.005586453042739414,0.0016416057600228129
2021-11-12,0.007518581296501736,0.010467647511703149,0.0010024727685395973,0.005421492908886272,0.002696074374191504,-0.004402294602408041,-0.0010520873460544422,0.00189346149789138,-0.0007294281431979854
2021-11-15,0.0003423084433533674,-0.00022818558455650617,-0.003974495344031048,-0.0018446886363658876,-0.003274538638086799,-0.012635934438912422,-0.007623989038101797,-0.0015489449243064612,0.006996584867714262
2021-11-16,0.003949945710239433,0.007095969476606179,0.0018429023363335517,-0.0022187005483242928,0.0013497258050958472,-0.0025466982382393866,-0.0016686833321646333,-0.0072601560044773805,-0.006631846165774391
2021-11-17,-0.002432298712981229,0.0005280622368539767,-0.01318333037346786,-0.001234533415953365,-0.005215975869949485,0.007893787898439086,0.004014936436677274,0.009095692432078195,0.0030944184503400862
2021-11-18,0.0033907831135220334,0.010308288035964175,-0.004248871192429782,0.0009877927144374965,-0.012277214644872192,0.003753496570410242,0.002265148406023876,-0.0032143154449517652,0.000181505780464164
2021-11-19,-0.0017897012510266208,0.005560182085576848,-0.009153617764936506,-0.00855188639411164,-0.001569865775862933,0.01050238128141423,0.0037643010290207,-0.007675708262916636,-0.00592266900234506
2021-11-22,-0.0028193137847525307,-0.011677343963045317,-0.00426303392280758,-0.005867274025750824,-0.008084663212995391,-0.011797900666465466,-0.00875503695151636,-0.02267561664312101,-0.004947416537699922
2021-11-23,0.0013252828050518417,-0.004568160832690182,-0.0017275762612145584,-0.001002034301683885,-0.0009903339784766985,-0.01456474083304915,-0.0071507035711588784,-0.008690053468478176,0.008049772110449993
2021-11-24,0.00266615990257435,0.0032149241447800847,0.0010801374301498967,-0.006664621259192316,-0.001388100289635652,0.01592821348940099,0.004798603530101531,-0.0009569597921075257,0.012044612828942647
2021-11-26,-0.02255582650137189,-0.01914079005528979,-0.038426414491776306,-0.027241415254130708,-0.0341137979592987,0.024954754724217487,0.008096956550728507,-0.001616846252669113,-0.028209311924569214
2021-11-29,0.01219210114389746,0.02147048431962517,-0.0006286405418594043,0.005043827778345111,0.003894017368601066,-0.008070174898573867,0.0006783275050183946,-0.0013795005365553337,0.007380005950196278
2021-11-30,-0.019649472972320225,-0.014795468369285913,-0.020595847864768757,-0.008810775472896104,-0.0010233415375187072,0.015087542601292192,0.0021817368162846407,-0.006744546424564568,-0.01911552344003553
2021-12-01,-0.01116915049696221,-0.01715923973989142,-0.02276246629472478,-0.005742503657701903,0.0036787887487550464,0.006149847076055259,0.00014300145997481195,0.003980006790396118,-0.01662587087845324
2021-12-02,0.015200050881352567,0.007181209757749052,0.027517954411848677,0.012357708036701887,0.012165566084969992,0.0012465820686946572,0.0023307591332661914,-0.005552205835400947,0.0295639766584177
2021-12-03,-0.008739145861516029,-0.017541686854967153,-0.020741711547241692,-0.0041454579661230895,-0.014207686074286574,0.011861594035824652,0.008301979193618969,0.008376819081740372,-0.003334882509268944
2021-12-06,0.01177354545680842,0.007981234386540415,0.019874688352135905,0.009560781016739739,0.007737673488339425,-0.013830141009185226,-0.005077606894802855,-0.002463595385072459,0.017385564036525913
2021-12-07,0.0204738576782848,0.02966912213946138,0.022929358216104312,0.020868668192069784,0.01569775838614884,-0.008113040750449052,0.00044890156664401104,0.0035432060613329597,0.014305292047438911
2021-12-08,0.002644314148120941,0.0044644884943867424,0.006804106330425164,0.0018869274173489714,0.003985759641884634,-0.017435630441855032,-0.006681971452726643,0.0005393685677796967,0.007165988353608377
2021-12-09,-0.006774392732216583,-0.014823584381944421,-0.02290810698767043,-0.008329968937657029,-0.0047848043276648156,0.005577635489454558,-0.0008289288889411495,-0.006130129283900665,-0.014564596602512303
2021-12-10,0.009369521980595152,0.010811722455481565,-0.0027699925840334316,0.002152032792288594,0.0007990446857801814,-0.0024149027515703025,0.00113041566066574,0.004211020685246147,0.003074302691916664
2021-12-13,-0.008897853603608397,-0.014552128937967979,-0.014721904881697334,-0.00941128787183576,-0.01598594983709134,0.014670318365098467,0.004507954918873125,0.0025181269175167387,0.009345875923626679
2021-12-14,-0.006903698925352586,-0.010404279095811653,-0.008646605434302401,-0.005339524749477853,-0.002266470743531812,-0.0023858737707191935,-0.004507954918873125,-0.009385206339642238,-0.012873231978586475
2021-12-15,0.015504015367723056,0.022541320952511157,0.015749904696220618,0.013489303672787223,-0.002892000743436096,-0.00966886668536393,0.001279190686163112,0.004282351988517341,0.013946056838927134
2021-12-16,-0.008857352670611718,-0.026050958377873634,-0.020429629621220968,0.00012857449408443244,0.0012404656383795398,0.00038914520438648736,-2.996666870380693e-05,0.012024970840539773,-0.0003573709101321043
2021-12-17,-0.010700130026099153,-0.005001551556778061,0.009151877253143148,-0.012704273227465812,-0.004970858401811995,0.011267934409486813,0.002333317059145301,-0.0021431166861889395,-0.001252133828617552
2021-12-20,-0.010690364984606404,-0.009747788826263815,-0.014136754671511653,-0.002220499595925851,-0.015063287289314609,-0.00752017516329051,-0.004370087469947492,-0.004240244730916665,-0.00781655470169973
2021-12-21,0.017603260099170903,0.022133624008865205,0.028168272495781466,0.011052950248248372,0.016722870183988103,-0.0038146204662847794,0.0019610831516354565,-0.0004189761834467731,0.011211328609693538
2021-12-22,0.009948927222535708,0.01210506834056968,0.009579043092905692,0.009267649535487088,0.00475661600363253,0.004616086236578276,0.00158155044376862,0.009356118800107005,0.010204632785119294
2021-12-23,0.00620293264011007,0.0075107165724217495,0.007958076425069294,0.005876393001448932,0.005144584130519547,-0.008714927368522751,-0.0015058631846018855,0.002251481491211571,-0.0010597069850240004
2021-12-27,0.014052956927745441,0.01639228304513729,0.009323985730410378,0.007739809569367928,0.004505474954248356,0.002420989562111231,0.002934210799770298,0.002364450476828317,0.01683367069929087
2021-12-28,-0.0008177230013286518,-0.004645620658706662,-0.006131682669426652,0.00037880706400716946,-0.0032747654777161017,-0.003971427993824328,-0.0012777050443020244,-0.004319380340024992,0.00367751942022565
2021-12-29,0.0012784284582245675,-0.00014943992669635975,0.0010770321471049726,-0.00037880706400716946,-0.004520286965005393,-0.010984193505636064,-0.0055072279706136484,-0.0002965516280148961,0.006706850930669361
2021-12-30,-0.0027681047168988115,-0.0029927926922876935,-0.0002690585677322943,-0.0026253067306889477,0.011390919405364741,0.008351197719629333,0.004001452425949736,0.0071515817441829554,0.004331339618803831
2021-12-31,-0.0025235610009879395,-0.006264170836800531,-0.0021554423906327003,-0.0008892912114291107,-0.004901042109129339,0.001958635843357648,-0.001508116110000124,0.006808358432550676,0.0027621939209439006
2022-01-03,0.0057731906873979,0.009580734832523419,0.012819126902590128,0.006461069807691899,0.007139300418387506,-0.02660042329409773,-0.010697015749872918,-0.015503300973700007,-0.007874958993071779
2022-01-04,-0.0003349937486341048,-0.013055476494034046,-0.001510098973104057,0.005666416873999935,-0.003461225668636825,-0.004166684225325845,0.0008388165303871986,0.007339514803168967,-0.0012170736681147432
2022-01-05,-0.019388836122315567,-0.031202999954626165,-0.034456398944680444,-0.008828368079300652,-0.016451249159871395,-0.005442901801180788,-0.00588555301517335,-0.0030121970522101194,-0.029036100554186817
2022-01-06,-0.0009398849737438653,-0.0007027788224807097,0.005688462130688521,-0.00508007706405067,0.004551157211321488,0.0025852597464375293,-0.0013039342654597164,-0.012319703780208968,0.0008950132376419617
2022-01-07,-0.0039613356658749765,-0.010891875253792094,-0.011641093567946292,0.0029241718008856665,0.00904055626222,-0.007214000782409968,-0.004307365361126969,0.004540812572282782,-0.006642833964008332
2022-01-10,-0.0012450800378820404,0.0006579844877112606,-0.003477002893885306,-0.009310691789967684,0.0,0.0024574708899551823,-0.0009258690972187011,0.003035593623995858,-0.005780801857805606
2022-01-11,0.009067057930177924,0.014910485275645868,0.010579020787542248,0.01083309411882638,0.02284995343128715,0.006639211121881594,0.0030049318161982086,0.011992457136645207,0.0015389331795185868
2022-01-12,0.0026998696534530353,0.0039576820190188045,-0.007472220831567178,0.009713065812423594,0.016457142161665494,-0.0038382560901615292,-0.0006927543188455232,0.002639137142411485,0.001174935387409981
2022-01-13,-0.013874325930339992,-0.02533457884940482,-0.009209455546531409,-0.007307510117186666,-0.014260452858521067,0.008841374708443261,0.0031511655247014048,-0.00340277134129785,-0.0019893454569404057
2022-01-14,0.0004086117268933265,0.006203352262819983,0.0014007988913400382,-0.0010122011938138442,-0.000398977946957757,-0.015225031977809778,-0.008864188983729093,-0.002883829150556849,-0.009093449133034781
2022-01-18,-0.01786806184634493,-0.025209297932577535,-0.03070301703407008,-0.014792498579327074,-0.01792054753974215,-0.014173631797959274,-0.009568719170932383,-0.001651618267930921,-0.010560768882972305
2022-01-19,-0.01043773159985939,-0.01104435119068814,-0.016397233272456013,-0.0008996922614734615,0.004257395750626891,0.006898614786938317,0.0015623281436294434,0.01575575060513401,-0.013570239189649946
2022-01-20,-0.0111300418218514,-0.013073508609497075,-0.018262765131689562,-0.004898250480553479,0.005849819329802219,0.0061487095093921695,-0.0005465264123811764,-0.0025020112544043016,-0.012903703551410572
2022-01-21,-0.019825748225477113,-0.0281203762318043,-0.018907401861805617,-0.01366052064226686,-0.014586927926142135,0.011835441760631227,0.006537824602733444,-0.0032677719138094474,-0.002467298503599835
2022-01-24,0.004237737543372866,0.004567463930971627,0.022785173787550406,-0.010005379669508763,-0.014181690433570537,-0.008248899990099368,-0.0031078167824505343,0.005479160681096218,0.001898535063596718
2022-01-25,-0.012283983842905855,-0.023454446740099222,-0.01343786820707571,-0.006104645348962379,-0.0018647553216912804,-0.00161553935506209,-0.0028056058558094676,0.003192034576976255,-0.003991728042985088
2022-01-26,-0.0025120553400999057,-0.0015658045812800836,-0.014538912199368426,-0.003868041063499028,-0.012731024980892958,-0.012168360092644548,-0.006812568539968922,-0.01629856790431372,-0.01574071038441005
2022-01-27,-0.004950227772170024,-0.010121675600010427,-0.02296935607974504,-0.004688277981115263,-0.011619530610454287,0.018196479859291514,0.0022759443653930234,-0.012982115320597565,-0.016680736019544895
2022-01-28,0.024532110092001957,0.030887148499483708,0.019288552942791526,0.0033510950647821502,0.004875493664012964,0.00034965848531953725,0.001097107838871736,-0.0029877523376660164,0.031849995717084134
2022-01-31,0.017850729125710174,0.03147754001205261,0.03021766516237978,0.014480339767997563,0.032250868000556654,-0.0051835291775717,0.00046945893259486837,0.0059070563312300095,0.012216766411221158
2022-02-01,0.006734165562856553,0.006780692945508093,0.010479338817418693,0.009451428084824798,0.006123679167514329,-0.003324906910160408,0.001661390598564516,0.0008325368758193008,-0.0035833043694921685
2022-02-02,0.00966722356683647,0.008092795784723883,-0.00998289972257016,0.007419600667330606,-0.0016293237383435688,0.003380749998981969,7.833275527246997e-05,0.0036194338899537826,0.012672101728175456
2022-02-03,-0.023785594329200244,-0.04138890686517893,-0.01910443125976169,-0.015948323546184362,-0.010655852308207425,-0.007835905458592585,-0.008096017651915588,-0.0014224174555623748,-0.010690272069289186
2022-02-04,0.004691253535510143,0.012536174022639734,0.004294058799978906,0.00236914685003331,0.0024690867967418484,-0.014852443107495894,-0.009993491595275295,0.0015408910869814108,-0.00994848650337321
2022-02-07,-0.0032145656597863947,-0.008077306709523668,0.004927813957365856,0.001707342983038096,-0.0020570326575177766,0.0006475959001708276,0.0018313196415915556,0.0073753173535777705,-0.0014293635183166842
2022-02-08,0.008194295512500283,0.011172861863842698,0.016910633257489316,0.005105180068665227,0.009632213706163295,-0.0067085339484211914,-0.003746719274730026,0.003052207946077523,-0.004683357413160394
2022-02-09,0.014529991543685838,0.020969432737872218,0.01881000416387657,0.01606058390371956,0.015582594483178891,0.0018800217951238096,0.0033487924703070604,0.0033934142753979657,0.02235788083399548
2022-02-10,-0.018129015151616024,-0.022892550609775242,-0.015461750023293419,-0.012801772608109552,-0.006648678690740262,-0.01602039558782753,-0.013704669050737195,-0.0038037857675305986,-0.02389200464757746
2022-02-11,-0.019915679835792233,-0.03223602050558405,-0.010177340089244424,-0.0152113864035881,-0.015276835832064517,0.01471922864606423,0.007396658692115032,0.01887560786556186,-0.009157086918888169
2022-02-14,-0.003274727665739441,0.0012385667796648292,-0.003482066458635913,-0.006495733078441646,-0.007002946392859588,-0.012519361270819651,-0.008931008713574329,0.005336451777181672,-0.009144031370023953
2022-02-15,0.015998165356175598,0.024559895293817746,0.026455499959448403,0.01818715765499057,0.021470843744514134,-0.011417705785355281,-0.005023746393781003,-0.009545260370239284,0.008950521888976937
2022-02-16,0.0011202823650622307,-0.0002527554787459252,0.0020844736051461865,0.00378042279883406,0.007256741297331004,0.0059088368278414904,0.0014607682766891728,0.010231731307338343,0.004638048414874696
2022-02-17,-0.021592850665825836,-0.03019512054433804,-0.0259523013959857,-0.016264930307546166,-0.011717380264040678,0.007411187788407325,0.000730145825848183,0.01357550816897568,-0.010661079434565401
2022-02-18,-0.006496322576832192,-0.011471040744425842,-0.00863565143305145,-0.004240780298277791,-0.010007258384944873,0.010472196568044545,0.002428483691581107,-0.0007337240197315964,-0.006059349375941103
2022-02-22,-0.010789308292835642,-0.010094609943922528,-0.014187489561550137,-0.011755119849582663,-0.014263956124838106,0.0026008887631432387,-0.0012947313523836712,0.002086858856896079,-0.0036339120163431105
2022-02-23,-0.017898023258399398,-0.02594882897441586,-0.018889775115109586,-0.008230579879228372,-0.011727675011631078,-0.013877315682838898,-0.009108477457461461,0.004497100140273602,-0.016667050979927822
2022-02-24,0.014937100868377406,0.03305209177205004,0.025882521308684403,-0.013503798767879438,-0.020860661631617372,0.0006583673462445816,0.004727420509438751,-0.006471023453826774,0.016667050979927822
2022-02-25,0.02182408288546167,0.015388231434295463,0.022270870289824884,0.02468605059095985,0.01832951102658109,0.0007306882225952549,0.004057803477155453,-0.003336237275936682,0.023818705239178506
2022-02-28,-0.0025617908309589765,0.0029742297061954304,0.004041256051450226,-0.019208024759042708,-0.013180404319860006,0.0216818281673552,0.01063313741570937,0.010311993951243714,-0.015002809343451773
2022-03-01,-0.015347368772941294,-0.015429537834747542,-0.01901686976771444,-0.022094062661925484,-0.013356450317951296,0.011495643441359782,0.0034140999194764987,0.01800043176575361,-0.005280062883036507
2022-03-02,0.018228941068004545,0.016640031177624692,0.023531485946462816,0.012487884854780695,0.0017334733210043751,-0.034780608126052215,-0.015320189806447893,-0.010460864384516988,0.018552190247171474
2022-03-03,-0.004991050308925438,-0.014387949198016337,-0.011919614952310198,-0.01991559224603634,-0.014172188659646423,0.010133669415262503,0.003649655993105405,0.005935763844875375,0.008146835260248508
2022-03-04,-0.008157927341051696,-0.014597801973306623,-0.015781215076530408,-0.02940569274942728,-0.020408953937387064,0.017116861884248102,0.0009713190348605849,0.015803608419049375,0.004571522636828362
2022-03-07,-0.029922143053052963,-0.03757843687546103,-0.025180990771734635,-0.0322394703917217,-0.03814566475002179,-0.007659180399193666,-0.012206474646647258,0.014753495270293016,-0.019962183426075697
2022-03-08,-0.007610603970841012,-0.004658881461162778,0.0055080741226465335,0.00864018614268769,0.003254269914768848,-0.010110633303560768,-0.005994346620071589,0.0269914293684268,-0.004858533917156294
2022-03-09,0.026457528709097566,0.035365133060030196,0.02779425168436589,0.040976036208344446,0.027919670394358942,-0.00984744183794195,0.00172814489286921,-0.030161495266206373,0.015272933656131471
2022-03-10,-0.0045256111677849375,-0.011167011566378449,-0.0017990228021025345,-0.012030863186909713,-0.018909449945886614,-0.014471242554232155,-0.01149510924765007,0.0031163668784781606,0.0024913130318289234
2022-03-11,-0.01279664465505892,-0.02095649130520716,-0.016085139710792618,-0.010865711028531067,-0.02115131007279336,0.003340901001540608,-0.0004158815305670416,-0.00705269602424341,-0.007974161656553846
2022-03-14,-0.007335228798034166,-0.019391181740656904,-0.020645570844802563,0.009134949771713252,-0.024492931532006157,-0.023625452968638605,-0.014584390851504203,-0.01518847505814147,-0.007843802506464215
2022-03-15,0.021752150199843,0.030884928447883375,0.015805137796291113,0.009481515542667296,0.0014432177865884022,-0.001747342160006049,0.007821466146775258,-0.01888261003368097,0.006685613267436885
2022-03-16,0.021931974678481403,0.036415524239860275,0.030978942461325154,0.03525903808277242,0.07745071415483995,0.009759841079064913,0.008509047557757832,0.0062412859954879,0.011808366998662834
2022-03-17,0.01243333617667819,0.012033568096087244,0.015575946561476428,0.008384314942285975,-0.005129858776507401,-0.007481519063052389,0.009753589060696122,0.004876733952654533,0.015342744516583018
2022-03-18,0.010893243452251511,0.020261149909349463,0.010475649914953422,0.009670952975327829,0.01420979055743743,0.012138611632842355,0.001972582590736849,-0.008828710707897258,0.0
2022-03-21,-0.0002922992301428451,-0.0027839363799895267,-0.008868139815512599,-0.006255016269841818,-0.015552440179259719,-0.023428371907963985,-0.013971626764328171,0.007611755019546251,-0.0061277999193158905
2022-03-22,0.011633261385052052,0.019461829426850485,0.009977211668611652,0.009367972553068427,0.017974530210429496,-0.012894808301533445,-0.0024169988432660716,-0.007277189924242755,0.002549722205512417
2022-03-23,-0.012962082402095731,-0.014475564061529056,-0.01750168855839629,-0.013057859251293102,-0.006619763512024424,0.021677826393458943,0.002833394662522082,0.01356720957605173,-0.0112825972192514
2022-03-24,0.014961827023494578,0.021983440728307713,0.011433319779122542,0.009266868467577183,0.005299274630477413,-0.007863327242392693,0.000415839394197981,0.0072341375131088625,0.006310396946217267
2022-03-25,0.004871853233210821,-0.0008345885473328707,0.0013592434021072464,0.0005426543939135442,-0.007959198622225383,-0.013969771885619764,-0.007933837289849421,-0.004103860537691517,0.01240848516752191
2022-03-28,0.007087721909674549,0.015354183357885631,0.00033954195067753545,-0.0032591607760128483,0.0033240347888603416,0.00851282068487702,0.005518390705289811,-0.01837151770682066,0.010580797714807133
2022-03-29,0.012295122610183284,0.01706309758348734,0.02641939315771502,0.021928559304706496,0.01689179551025699,0.007524290865758232,0.00838669358093913,0.00044668806848946474,0.0289185854496381
2022-03-30,-0.006193921361076882,-0.011107273751995272,-0.02027892362730288,-0.0041334471089724545,-0.0028318491176770877,0.00777174990456686,0.0023124718640463726,0.008006283379257795,-0.007265665772908214
2022-03-31,-0.01551117347592168,-0.012472043636612362,-0.010612235625370836,-0.016707742974652717,-0.015166668329243294,0.0024256927749206625,-0.0023124718640463726,0.0003875207880481568,-0.012289180417571544
2022-04-01,0.0028302110882378884,-0.0019050290832218764,0.011142415867158029,0.009331469664169312,0.016474686346141798,0.0037991954594245314,0.0033498087130494625,-0.0063862158789014245,0.019283220580832428
2022-04-04,0.00853009900661661,0.020379679619769497,0.0016367098019420823,0.00403011186881308,0.017493166498358192,-0.0069740025363893565,0.0034626971300157905,0.00483506168268466,-0.004899778705892643
2022-04-05,-0.012711839205537423,-0.022454144642821028,-0.02394866812553964,-0.013633104668129725,-0.01858318560604788,-0.022851341863148633,-0.017685325455266465,-0.006284549046099208,-0.004923656522850095
2022-04-06,-0.010049667283838382,-0.021950771148917525,-0.014289456409829704,-0.012032045698229688,-0.013172353415963567,-0.008127118096986408,-0.005880488089147207,0.0023404756196958587,0.011812663697862824
2022-04-07,0.005026443397992075,0.0023749660851706267,-0.0032534773959369545,0.0021985276343148286,-0.007987641869577455,-0.0075611120570311385,-0.004645015578434553,0.003777741580450744,-0.009986280807686931
2022-04-08,-0.0026778136544800546,-0.014077836327596849,-0.008003534286504355,0.00041170138852475446,0.0008907148513910279,-0.010889689147535186,-0.007903865322941961,0.006246419748616283,0.001640889204974627
2022-04-11,-0.017239783675464082,-0.023941708974103193,-0.0067442733012885725,-0.010620140645129617,-0.012542407760588237,-0.015951240764108476,-0.009774794035458001,0.004947206140849758,-0.010806844504921642
2022-04-12,-0.0037122129740492227,-0.004233413878491632,0.003149624666304973,-0.007515525412686408,-0.0031600502675277475,-0.0013817420558774884,0.0006896068762092256,0.007647435301758598,-0.0014744511076019151
2022-04-13,0.01138857539278959,0.02012338162415972,0.018841519124354278,0.010699648550495766,0.013028024162005103,0.002031059568697202,0.005152696737660278,0.004777109287769754,0.007075661526995347
2022-04-14,-0.012530053017504983,-0.0231327064722322,-0.009753258876906479,-0.004571830622460915,-0.013028024162005103,-0.020249321862696235,-0.011718143740074183,-0.003309019437270244,-0.004312836250136343
2022-04-18,0.0004110554199892036,0.0007681209825740609,-0.006757951686423347,-0.005848709304451916,-0.003397249355268528,-0.004980979300971633,-0.007656350392242217,0.0030924062818558085,-0.004054682625058703
2022-04-19,0.016013674591637717,0.022104741429012087,0.019741164822603352,0.004737471714417296,-0.005003287897864972,-0.0075190932771356245,-0.007979603586321993,-0.015228268112133847,0.021557309616996534
2022-04-20,-0.0007417159668561268,-0.01469195716387528,0.003812989530445954,0.006649945614419117,-0.005945793991748882,0.0199261817215719,0.010334907186947184,0.004883006193092676,0.016490776523790274
2022-04-21,-0.01506645726308431,-0.020908201888589772,-0.022643635734060474,-0.010828761154209054,-0.01945406220261825,-0.007426109143464643,-0.010687149082348135,-0.003563943502360445,-0.006957489687189344
2022-04-22,-0.02782253134629098,-0.026534819256639253,-0.026225637985974437,-0.016466451515136704,-0.008926285373776377,-0.0063137770086934,-0.0011449954441866694,-0.00976966135240076,-0.01769955828656755
2022-04-25,0.005780798792730302,0.012764091888506357,0.006053923330108013,-0.004836658958321749,-0.0073417722793811535,0.009951351816618548,0.011047739703320403,-0.01813443252023017,-0.0025540880385763742
2022-04-26,-0.029388416533445927,-0.03847579308852822,-0.03202657961770061,-0.028346051558177265,-0.02211096034479887,0.010016569092553773,-0.0005235459073302806,0.0015238553873304639,-0.016578347194141863
2022-04-27,0.002807806834665527,-0.0011988084132825705,-0.004163393386268588,0.004537475161292548,0.01159720380117335,-0.012908986743375372,-0.009643461221056526,-0.007585723242633513,-0.006615250093816805
2022-04-28,0.02494554349354683,0.034899449624193224,0.018494814660537706,0.01406507543131763,0.014309717464370042,0.0014885760838270201,0.002990978485202689,0.005383804789462765,0.018248954023206032
2022-04-29,-0.03765569753220177,-0.04604251418519123,-0.029304003960190173,-0.011731480004531392,0.0035458113586366302,-0.013057928008180397,-0.011128237871201208,-0.00011298334784104469,-0.04698356838300022
2022-05-02,0.006001372868490229,0.01655844404138751,0.01043480326180557,-0.002479881988733723,-0.0014167362496926295,-0.017485845696793234,-0.005945332113714841,-0.018714522902945063,-0.0244449600988057
2022-05-03,0.004573558894049867,0.0010668489482732468,0.008524547467490429,0.0074210184436944715,0.0072981618371863455,0.006719127060505592,0.0064261293502356764,0.002645759356915356,0.012346061987495993
2022-05-04,0.029998438129098304,0.033253023490908085,0.02633594875294154,0.01738923570709794,0.010732766511971636,0.005494926821138613,0.009738957261983039,0.009774616775434453,0.01142516917405434
2022-05-05,-0.03618976384861039,-0.051676311319589274,-0.04140977335713725,-0.032728007720677965,-0.03759746063008462,-0.02778047701244013,-0.015448993101003339,-0.0038184194446895248,-0.027030111200284423
2022-05-06,-0.0059869268811088006,-0.012053255659048467,-0.016782655977130467,-0.009763504554980429,-0.013830060049065729,-0.014845044789979944,-0.008537016165294453,0.001654504919470945,-0.011940136484419384
2022-05-09,-0.0325409583598697,-0.03991309803263654,-0.042974006776344886,-0.030641638017506523,-0.029253658711809294,0.008758536800820949,0.003513147083567425,-0.014585347642546154,-0.04504352262778433
2022-05-10,0.002307896269547527,0.01207565379351383,0.00028567144617319684,0.007482856850907993,0.004768567173541793,0.009028709288409154,0.004218176484477532,-0.008481065653521469,-0.018387921253528283
2022-05-11,-0.016013787089399045,-0.030107042407720996,-0.025178321089319944,-0.005951178001627255,-0.007035026130740363,0.019089262490240344,0.004645924031432713,0.008133958004822084,-0.0021354585890911437
2022-05-12,-0.0010444667194375867,-0.0023671878534035073,0.011655269637585342,-0.002451732886920688,-0.006577314796083922,-0.0018674424258202649,0.00044526749558926326,-0.0154527061706764,0.007772261628196553
2022-05-13,0.023626571597592516,0.03638981633412541,0.031199897108957764,0.027390576226191676,0.027289254657018258,-0.014891058247983757,-0.005270167354550992,-0.008142627698811467,0.02606518771784838
2022-05-16,-0.004065930520506633,-0.011659610279631138,-0.0047851557563172165,0.000895467648870607,-0.0039595145420263655,-0.0010349645082001757,0.001342481959009767,0.00949327965207658,-0.006322977990572021
2022-05-17,0.02036178392900112,0.025571888360781614,0.030125395879371908,0.018471051594509014,0.024250955706231814,-0.012157549094392373,-0.0057411798088145005,-0.006299094085683521,0.013529770814891151
2022-05-18,-0.04114663741385893,-0.050335993524750045,-0.03567054667475844,-0.024154732182759986,-0.024250955706231814,0.02109401111661402,0.0036816520149249854,0.0005313437048437564,-0.02946137764534207
2022-05-19,-0.00614331099122456,-0.005373142423836796,0.0016441689879567178,0.009553673180060507,0.01574443907473677,0.002391962501087974,0.0026854140662200265,0.014590277160261067,-0.004447133522044844
2022-05-20,0.0004363478487112715,-0.003112714458659127,-0.0025521104570733755,0.006810951591464054,0.004140845539663651,0.01128608316143076,0.004904117777727812,0.0006977677571926577,0.006347051243939639
2022-05-23,0.01853731523606772,0.01649075521250598,0.012024127187835632,0.01682670526334551,0.007507014661245037,-0.016591101062850555,-0.0035641920780937753,0.004639589893868923,0.011533203762573052
2022-05-24,-0.007663051775771201,-0.02149162330217269,-0.01492500968249999,-0.0015974956868376466,-0.017522910113499268,0.019539842149526976,0.013037447742100916,0.007493711725538255,0.008407980071051924
2022-05-25,0.008795972377984462,0.013898494440234721,0.017838465057902653,0.0002907882670468709,0.004898303187953701,0.00394672169018051,0.010256359982680152,-0.006048248796559186,0.008440519424518733
2022-05-26,0.019784561682662627,0.02733012171689264,0.02207880628655623,0.010981088992751964,0.015515419625538485,-0.004535350295379104,0.0002612854724191038,-0.0018506096399271144,0.0012293366020408314
2022-05-27,0.024252343414224775,0.032118160391130246,0.026570231998030103,0.011998587530891669,0.011480601665056156,0.002438328269851908,0.005217867335063353,0.0005208853826914606,0.02646886721696262
2022-05-31,-0.005626640095905522,-0.0026563495012297267,-0.012495233811172568,-0.005981266829577336,0.01393344245826933,-0.02138954181418029,-0.007399739392749183,-0.009942270255165475,-0.01233912469163112
2022-06-01,-0.008121424522270715,-0.007423235202272949,-0.005682329092271843,-0.01062616189890253,-0.007060469518121781,-0.0011437853675779763,-0.005850735587387135,0.006348836617416254,-0.008311335191538483
2022-06-02,0.018864498612446212,0.02701726449700015,0.024128720122710057,0.02057503276574124,0.017094446898278548,0.0005161791985388575,0.0004403651813884579,0.012234040087981235,0.01364709272953224
2022-06-03,-0.01654760608857142,-0.026364114961961782,-0.009047040709862841,-0.014386650257526057,-0.01638616243617319,-0.0021524421071710265,-0.0031752248299801167,-0.010203900438868097,-0.013443461064048812
2022-06-06,0.0030400641406211903,0.0033255545763282157,0.0043206574158221045,0.004009263370503113,0.00541361146016639,-0.018615773945175107,-0.0070932472013751635,-0.0044134478528645715,-0.003159758548357594
2022-06-07,0.009546453520729692,0.00858893011234585,0.01599967406434999,0.002996324755032198,0.0030470004449894006,0.01074252511356022,0.005324444335454537,0.006497267812168417,0.013687037379480849
2022-06-08,-0.01093183447822188,-0.007222342776473489,-0.015573789215541645,-0.0140606009688371,0.00536812440614165,-0.00889996243121427,-0.005769192813585455,-0.0009256257836884885,-0.02332902814544635
2022-06-09,-0.02407012343184256,-0.027149949115314875,-0.0209480033388596,-0.021224242411558514,-0.02394718441765198,0.003324833962036422,-0.006608740012873149,-0.0031883338247284954,-0.02399181800902017
2022-06-10,-0.029424204750771565,-0.035907530577643954,-0.027503267194926018,-0.024432388714868303,-0.01112215178011855,-0.006221387102088194,-0.009724944323592055,0.013323135228160865,-0.022419931608194332
2022-06-13,-0.03870811039648725,-0.04761186517411087,-0.04811848038885902,-0.03364040252585809,-0.03563856490577244,-0.03188205881016426,-0.0233432586390645,-0.026767358824472787,-0.05128214559568889
2022-06-14,-0.0030176346937356158,0.00181369692290545,-0.004829811243358684,-0.009477189808223763,0.013762305795446128,-0.012693754369663246,-0.0052000368149682785,-0.00803540720328666,-0.007643716157536673
2022-06-15,0.014155716643718286,0.02466515598112906,0.01453558713740577,0.018548548877689086,0.013084930251451965,0.018484382346454886,0.015519937267796102,0.012966509676610727,0.023429201642104047
2022-06-16,-0.033656168631844174,-0.041182890172204445,-0.04742373524376742,-0.022267694394717097,-0.031139608047303202,0.007908359512087237,0.0010996915073580027,0.011180446816136502,-0.026640917195199343
2022-06-17,0.0021536085093805113,0.01208618805723205,0.007779390812197029,-0.004058127253823152,0.0037884417565043904,0.0032173124473828807,0.002012505729134695,-0.008256810144045446,0.00755403877250771
2022-06-21,0.024861920937115478,0.024916442872068956,0.017761196464531004,0.015013805578634631,0.016004247862079435,-0.017097686317562477,-0.010103023258628774,-0.0037437854344899435,0.013815253131468808
2022-06-22,-0.0018146017203779508,-0.001459630136646517,-0.001904866778411396,-0.006752529186837997,-0.0180230415697058,0.027128890255971427,0.007266302492296539,0.003977268335422224,0.012628004291905803
2022-06-23,0.009754702767020618,0.014782939406333462,0.011905981079529226,-0.0011298909476868957,0.0030264003776379056,0.008181781530846699,0.007667963738611228,-0.006148118298448857,0.01882033590152421
2022-06-24,0.031299062725440585,0.033689928955720205,0.030501866661092336,0.0294396029817916,0.02339585738447658,-0.013939460501654288,0.0011819204408354267,-0.0009989609969460744,0.02105349142044144
2022-06-27,-0.003827219226796963,-0.007358759501355117,0.0037057469297767653,-0.0042429453278209905,0.0012291108891004932,-0.008565632945941815,-0.009216783615421775,-0.0011176944418576085,-0.0015046004717804706
2022-06-28,-0.020644421946792946,-0.030940716669537238,-0.018956310774332685,-0.00679466553568453,-0.006161339325513104,0.004648459184700471,-0.00027499026633925894,-0.0016493806069401984,-0.012227718687174871
2022-06-29,-0.0008147970850389541,0.0009167570726686947,-0.010200282195089727,-0.003812470194438866,-0.003963373315876595,0.015487968022153353,0.005942564114988613,-0.0007666517068587453,-0.006224989413836646
2022-06-30,-0.008157403409740915,-0.012480615037375742,-0.00782250852475741,-0.005426150850628808,-0.0047268428374644955,0.008743723022345051,0.0030037856565039434,-0.006095587698334626,-0.0018640091961321659
2022-07-01,0.010520824815116292,0.0065788873264729375,0.012031728166749467,0.0023973351910697716,-0.006254132121167988,0.010213992488803392,0.012560514162800906,-0.0008313996785860311,0.017839962358952022
2022-07-05,0.0018869770853591206,0.016974747042968197,0.008250183166395253,-0.021624137987489522,-0.007809274569001712,0.007826431364824415,-0.0002698695805518625,-0.021437799680384728,-0.0028072461677064453
2022-07-06,0.0033716284160698606,0.006391582669716733,-0.00743376683159358,0.0008153161366721839,-0.006088555580891164,-0.016933609176020603,-0.004963338973261955,-0.015969017587404544,-0.001839601077686659
2022-07-07,0.01486604261202018,0.021173254311638523,0.02339079532264865,0.01504517486680701,0.019902500531039813,-0.00883894292743026,-9.039289090395641e-05,0.0005548992912700612,0.002704246167446911
2022-07-08,-0.0008228960443839028,0.0012534579398524315,-0.00011375030169880063,0.0011234322462874147,0.0,-0.011137347041558776,-0.0016298765271560711,0.0004314382372543335,-0.0053071737725485235
2022-07-11,-0.011489483099537345,-0.021596318225559408,-0.020308493979062092,-0.016331645113533355,-0.02705252216013898,0.017096960266862027,0.0028056665781397427,-0.005374926525164803,-0.0021743917819909697
2022-07-12,-0.008887977700550387,-0.009734307663548769,-0.003435060144575175,-0.00016292484505786575,-0.0038516720316406072,0.005924774015463541,0.0014442682178010813,-0.00372364890598309,-0.003925977547923232
2022-07-13,-0.0052657840133756295,-0.0020631348222428514,-0.000874997753200546,-0.0004893532911753873,-0.0023182740905896004,0.011400933234916977,0.007462157076926879,0.004776265963685411,-0.004819081286934868
2022-07-14,-0.002431251502796883,0.003564527355475633,-0.010326398713728757,-0.014128593925982535,-0.009066040462739178,-0.008192466304010715,-0.006379582903855763,-0.014146649261641109,-0.009044057173293929
2022-07-15,0.01892487029448553,0.017976669972322945,0.020605046520870474,0.015758701582206935,0.0051908096575186136,0.005612387570701927,0.007990252013589938,-0.002010475816356383,0.016809090175137875
2022-07-18,-0.008291343170697019,-0.008498915000180851,-0.0028351255404359677,0.004063264384692289,0.006965070152289421,-0.010473009438865866,-0.0069993933082672655,0.0009429497894322125,-0.00710661516357014
2022-07-19,0.02666059993375658,0.030289852002449713,0.034675770106618486,0.02688594768724606,0.016318683985151683,-0.005409225847074595,0.002787514287317272,0.002384623832616839,0.02556482746199329
2022-07-20,0.0063529227807732624,0.01573239103033952,0.015547990469412909,-0.0066539724178760196,-0.0043089031754677265,0.0026210161641415652,-0.0010780791822959657,-0.009446509339211318,-0.0023559022724350953
2022-07-21,0.010131597346196841,0.01425296803111209,0.0051112130113581955,0.010279190789724169,0.011365223468466468,0.01712876827631682,0.01357210006287346,0.014011796602265036,0.007902042354266392
2022-07-22,-0.009321166418121862,-0.017690896819460455,-0.0160808170606348,-0.0025203345829778456,-0.010096070619531883,0.016671076322813505,0.007685702274483397,0.0024926409954950657,0.00519785405852069
2022-07-25,0.00121396748414071,-0.005711980088054958,0.005167444231307883,0.007698851264255957,0.003545442929739906,-0.009833110358808739,-0.008484313179274672,-0.0027423043036360895,0.0016916293604802846
2022-07-26,-0.011901461110459977,-0.01984456347290564,-0.006170747224558681,-0.014028095102461613,-0.00786727880516569,0.0007665069541538116,-0.00017761873581800813,-0.0011865143173865889,0.0010556034388713442
2022-07-27,0.025634945298142142,0.04139126281454697,0.02249664151577946,0.023375408123190056,0.018427966001410834,-0.0056338724979339005,0.0066357860230636945,0.010133467249785255,0.005996528222723008
2022-07-28,0.012464391648395079,0.00973054080259761,0.013645995087292029,0.005104028381471615,0.00424319415831409,0.007929569769632216,0.008254852682913594,0.01211168004371821,0.03189636092728332
2022-07-29,0.014473588394922743,0.018072500841772587,0.0070743410263984785,0.013789087549187506,-0.004743677976767557,-0.0027211903617549993,0.0023588399182035147,0.002807145958569457,0.005369909542200624
2022-08-01,-0.0029657034563079776,-0.0006023022525569743,-0.0003740282633266645,0.001368462940313897,-0.008544869721634818,0.023797704620840854,0.0019745029565525485,0.005651232868696177,-0.008116764976858093
2022-08-02,-0.006619229860081788,-0.0029861233121897257,-0.0009619129893660983,-0.01608349975279566,-0.004807075402209815,-0.02138657996959825,-0.012296069941900356,-0.005955990148902579,-0.012919377242988084
2022-08-03,0.015538132186514453,0.026868719941185226,0.014598780694682567,0.005850531019393479,0.007831398786809718,0.015621825919950538,0.010810923023911734,0.0024352760679882124,0.0031938860613633935
2022-08-04,-0.0006757715220953031,0.00466519968208523,-0.0021102112878415014,0.00505329179502656,0.0070210374700643285,-0.00033506855038734074,0.0015723884411951161,0.016404693683583993,-0.0015441310770523131
2022-08-05,-0.0016916245708316069,-0.008202298456866153,0.007628390446432931,-0.007050970932705347,0.0009989036552573438,-0.0240911842558047,-0.01362102548986055,-0.011309781450743017,0.002778128211079256
2022-08-08,-0.0011615379216527444,-0.0032375797085277824,0.010531474565985022,0.002304711079173849,0.001247515445265801,0.016012343796105277,0.003973643292981777,0.008434348290836446,0.008898708418325185
2022-08-09,-0.00397898162738386,-0.011383282745154766,-0.013733392040655268,-0.0053859231258561735,-0.0037469102335525584,-0.0038942812206554933,-0.004504791719961432,0.0030548677970774207,0.005483958832870783
2022-08-10,0.02078632266471825,0.027528680834529418,0.028150104829952838,0.02227741595952537,0.012434968707951466,-0.006552974879529216,0.009428130676407243,-0.002515111058863262,0.015077260398430603
2022-08-11,0.0,-0.005692457334437684,0.003725053878773643,-0.0003018238116245797,0.003946856181352487,-0.023585500945486615,-0.009693689813937922,-0.002641706914864095,-0.0023972024303056116
2022-08-12,0.016787532836278984,0.019283651197856244,0.020216826262476673,0.0076687385166707145,0.010530099037649343,0.010090007630361164,0.011533302267610068,0.009155976822721179,0.01705392098103431
2022-08-15,0.0041122205190227135,0.008048465960071916,0.0035372713005275003,-0.006009736891107842,-0.004639023974471801,-0.000865991182594783,-0.0007004019646501547,-0.012950528089989533,0.004022532031947357
2022-08-16,0.0019566932558907624,-0.002344330180674703,-0.000397764766010944,-0.00030154358703882167,-0.0002449237462633924,0.004149116544033049,-0.003861844737534703,-0.0017516299628299592,-0.002647209721239996
2022-08-17,-0.007123236673558964,-0.011471744182392385,-0.01695976565618551,-0.008021190268661549,-0.0041703318835595304,-0.010492300930215137,-0.009453552862586534,-0.00648934594710493,-0.006006669980775925
2022-08-18,0.00290224241684367,0.0024021173906447757,0.006607304021368776,-0.003348559763375114,-0.005669917460146223,0.001480676555980942,0.0025708367832848467,-0.0026198444873024584,-0.006639394530539633
2022-08-19,-0.013529312038810914,-0.019689499379272668,-0.021699637241357372,-0.013816475525590732,-0.013690262726476554,-0.01623320882172674,-0.011935315019723447,-0.007347552958115067,-0.0105944405720102
2022-08-22,-0.021041967212598323,-0.026680239313818355,-0.020816432095103643,-0.01715041581855825,-0.008810640839314043,-0.0033672832850619727,-0.006743470721921163,-0.006659303367833047,-0.0220460992253404
2022-08-23,-0.0024222287041331114,-0.0008272010267527108,0.001625077609593184,0.00047160011556535153,0.005295778639127224,-0.005518388597712587,0.0010820552421293428,0.006966551217581163,-0.012923377184018037
2022-08-24,0.0031959327348829447,0.0028926119830243735,0.007616870468825532,0.0012567383045949398,-0.00025180614097175535,-0.007345786426195211,-0.0029781447445538234,0.002944580504679273,0.005706879992041003
2022-08-25,0.014018780889490934,0.017527608425422336,0.01542012970570017,0.01092897474417942,0.021404658047341485,0.01383988931713187,0.010250981941717363,0.0030581063588206447,0.014789144049362157
2022-08-26,-0.034435028986227856,-0.04185174971233785,-0.03340754219268227,-0.026592691334195173,-0.01488492318928758,0.007509585555597553,-0.006011780911327591,-0.012227153201929575,-0.025503217083254093
2022-08-29,-0.006634307326359945,-0.009904638668482235,-0.009249763202434202,-0.0022349339110201427,-0.00626792871708215,-0.008308021448443448,-0.007407471428918733,0.0006180465249858713,-0.009034616004021778
2022-08-30,-0.011038570416077143,-0.011198530768632864,-0.014091908575057488,-0.00721789265800421,-0.011891487328632877,0.002481852907454396,0.0012686613400090252,-0.00837555613648,-0.013921064791217574
2022-08-31,-0.00763814959359177,-0.005830747774706602,-0.006084951050213228,-0.006784160030839814,0.003556940268939268,-0.00960666001641819,-0.01056020421741799,-0.007755309612976546,-0.004719512029196515
2022-09-01,0.003133080928804155,0.0004343903497003865,-0.01095901717535952,-0.013543511019765475,-0.007893214011870153,-0.018478015772064538,-0.006038492523395611,-0.0088290234746502,0.001826159400136973
2022-09-02,-0.01060042856029586,-0.014228951893922925,-0.007798805873780346,-0.006592970056214842,-0.00924491051140608,0.005641029469890313,0.0007387611752323053,0.008766173723187443,-0.01404971362509233
2022-09-06,-0.0037804990583154563,-0.00720836069572961,-0.009933243939045155,-0.0024836844785465217,-0.011938868414619108,-0.02508061950471241,-0.013655438511520401,-0.005856578259355594,0.008992922111860757
2022-09-07,0.01780568814538963,0.02000001164539622,0.021526539185798832,0.008748050424379539,0.008838068232413843,0.01569177612712469,0.013562809122393382,0.010117286090114419,0.019335009718669305
2022-09-08,0.006514954986386101,0.005171137224317057,0.008308411614900812,0.0006571002755721977,-0.0054495899466320274,-0.010310207370196167,-0.0023092932357400286,-0.006020378897494183,0.002747037609605485
2022-09-09,0.015415847595403598,0.021626525645903172,0.019886816295534793,0.025137113253328458,0.014723078852787452,0.0022181904269080732,0.0023092932357400286,0.005269846503476394,0.010808800316100431
2022-09-12,0.01069030362528789,0.011815735819181938,0.01204058065624114,0.013837252783932996,0.014762508640159933,-0.008251343705830472,-0.0022167854667429765,0.005055386193322242,0.009659725950889708
2022-09-13,-0.044456296008863916,-0.056397653749995946,-0.03990660157418979,-0.03536766176589312,-0.0313087006510524,0.0023248680190137705,-0.007239398975458222,-0.013096728906648814,-0.03899750958078485
2022-09-14,0.003808584401382653,0.007901858643661441,0.0038883482758338417,0.0032673940533780588,0.004940831171102111,0.003430644500131308,0.004739522062214618,-0.003855034555311221,-0.01145824814248897
2022-09-15,-0.01141833678584625,-0.016793958497498096,-0.007295982619833552,-0.008846695914122016,-0.010692632529162083,-0.0006483490240656309,-0.004831940960363212,-0.018855801737618805,-0.01865510654648528
2022-09-16,-0.007658017839130338,-0.0061334812938200756,-0.014641755624950292,-0.0061072483673854094,-0.009219095550021095,-0.00837055194508629,-0.0023319837602091553,0.005533767627080799,0.00011050654707744911
2022-09-19,0.007724943342342527,0.007757201288803195,0.00851165064929127,0.0034707679276877457,0.0031705460956494846,0.002332125517201966,0.0016793122883456135,0.0007697907679808935,-0.0014407315651849828
2022-09-20,-0.011544842476139294,-0.008003022040014685,-0.013720885384901571,-0.01713970712376378,-0.005554819822098267,-0.010020070682491777,-0.010023564736795443,-0.005722932055293839,-0.02458983351715638
2022-09-21,-0.01759761333878984,-0.018068290236006312,-0.015393639451391827,-0.01317834462410028,-0.016852030497949144,0.016614061549913295,0.0037587640876095563,0.004632228320962994,-0.015926995187008686
2022-09-22,-0.008435422888777744,-0.012384209752210218,-0.022785377982254218,-0.002895140238626581,-0.004867654227783014,-0.025880482197268684,-0.01416980629519049,-0.0005778441890038621,-0.012786282976965602
2022-09-23,-0.01689673738095454,-0.016415507254044392,-0.02409335424534742,-0.032414904436250946,-0.024977410207946527,0.004076282301102019,-0.0028580596865390717,-0.017427816406674346,-0.013381016506628818
2022-09-26,-0.009942011219640001,-0.004146471865250412,-0.013786301781490096,-0.014909732009059429,-0.012304144255224969,-0.019295427965693612,-0.017517612392794035,-0.01170141432179772,-0.028444791596326624
2022-09-27,-0.002556040747951016,0.00040119462577870024,0.00340519039511733,-0.00681853039326219,-0.0011261343522765976,-0.02668387411949169,-0.015164388783722949,0.0020477436877319732,-0.013406526570159727
2022-09-28,0.019485376205762073,0.019696458877984213,0.03113780151677581,0.02384037542644135,0.008694491354126033,0.032933464423495096,0.01991058333243867,0.020573557832177514,0.02053251135713463
2022-09-29,-0.021110346066378405,-0.02925110584603363,-0.02267487455003092,-0.011849143958082564,-0.022593733291723872,-0.005189236512275208,-0.007468719143368219,-0.00019394717180531984,-0.02982339510625387
2022-09-30,-0.015584212421500432,-0.017102043086709706,-0.007310288164325662,-0.003564454107774395,-0.003719803265203936,-0.012994727657777538,-0.00253438993000632,6.462035224608087e-05,0.01116379203336404
2022-10-03,0.026058591037961598,0.02318929900372879,0.026152767340232863,0.01962403785555855,0.016209414162315028,0.015765093148076836,0.018330315885918935,0.024019005945364214,0.017679767567166493
2022-10-04,0.03051625537927194,0.030956740090694268,0.03887089514434994,0.03930822053337302,0.032198293826961155,-0.002797050013217728,0.004604856711465821,0.014226444596111776,0.02001897831813526
2022-10-05,-0.0023309122945258665,-0.0005320025316732924,-0.007413948488753874,-0.010660830070418736,0.0005460391862115443,-0.009607715249120297,-0.007590250583027647,-0.005553659432976588,-0.01977382037706743
2022-10-06,-0.01036918164073164,-0.007904053159767166,-0.005625123927110565,-0.017678209324543115,-0.0060241592047916015,-0.00557400343594594,-0.002316926837667488,-0.0011269264553863678,-0.02820617313982776
2022-10-07,-0.0282905400604756,-0.03884873769026864,-0.029856491006653663,-0.016059113379990997,-0.02109412087514384,-0.00975532068219831,-0.010006577562008623,-0.011023386142689162,-0.024364981829483767
2022-10-10,-0.007664518610936533,-0.010046869907387013,-0.005590774872649362,-0.0056467181296477875,-0.014124512211518336,-0.01566801699051279,-0.009023051541281468,-0.0153182032171566,-0.009471262683627302
2022-10-11,-0.0063532270401287505,-0.013833512847243767,0.00029835096806962724,-0.011032189828147576,-0.01606017271651261,0.004415952201167528,-0.0020712776319014026,-0.0020602123309396703,0.01011683756840398
2022-10-12,-0.003303858488788336,-0.00034268916266011473,-0.0027467167941015447,-0.003225776672855396,0.0011558650561278583,0.004894390003012283,-0.0011855546067778278,0.005335071671709102,-0.010508024915169223
2022-10-13,0.02604886656658323,0.02318177413322875,0.024450668178817914,0.020432442771824988,0.002883529254717576,-0.009612320514067463,0.0017778498834140066,-0.0069476110871145025,0.018093109313183753
2022-10-14,-0.02305233516222671,-0.030518337709716015,-0.027144423617495583,-0.015061863755152949,-0.015085794042581924,-0.008284188957745187,-0.00961695945129204,-0.012537160793022473,-0.025160074858556314
2022-10-17,0.025372237371129813,0.03248790392947498,0.03139460180338549,0.024339856533351245,0.0271065724482491,-0.004881765038560637,0.004770256770044057,0.002872080630747398,0.03700071189348009
2022-10-18,0.011681169066307895,0.007876956019019055,0.011781622628165955,0.007118775770969421,0.0002844566124324821,0.0023424287900208896,0.005931444122573737,0.002148660090393051,0.01082571363818019
2022-10-19,-0.007111787650364576,-0.0036535979331429047,-0.01714102549543206,-0.012359874658429693,-0.01837027961623905,-0.018373911721483616,-0.013794742693035822,-0.013488925988339062,-0.025231140609559333
2022-10-20,-0.008420584213536308,-0.005114739066470975,-0.012814733541583578,-0.0022797591277226026,0.0063531217425323305,-0.017240999538483237,-0.008732173125880038,-0.0015834633753089022,-0.004375136074847852
2022-10-21,0.02401085081699339,0.023177132300794767,0.021479831748821177,0.01792136137106004,0.015140851801319855,-0.018187066796703455,0.002818865236474899,0.01767059741452659,0.007836027880281371
2022-10-24,0.012162252794728268,0.010941362767526996,0.0042758187666596115,0.0001723817603380695,-0.03873332588710898,-0.008299182270787853,-0.000502607634451202,-0.003248865884512675,-0.0001279003149194935
2022-10-25,0.015842286981576414,0.020474734148512752,0.02690665812805193,0.021828953391700434,0.008218602898814265,0.028696868245079443,0.013287240490493346,0.0022753535606359065,0.03853614785684911
2022-10-26,-0.007562633670133323,-0.022344154486077628,0.0049267574580316165,0.009402385729301965,0.016236941920103387,0.01430494630173662,0.0045549708625554075,0.0063434463543528,-0.0006157745357002753
2022-10-27,-0.0053541762885274125,-0.01837404380151053,0.000223196987212404,-0.009402385729301965,-0.007795678123521554,0.010416152847692928,0.00463307905287369,-0.0015497241473587664,0.001477572758798118
2022-10-28,0.02351211188603397,0.030142196370850804,0.022471581207178737,0.009903675440358306,-0.006105540712959989,-0.006897719382600975,0.0020625163015681736,-0.01026317410117894,0.02178362036358994
2022-10-31,-0.007249489930921449,-0.011696273518391642,0.0009280680628984683,-0.009397651380193217,-0.0029205839200576733,-0.007153518639319678,-0.0054118899319242075,-0.008194886192774753,-0.001084087175525994
2022-11-01,-0.004385554173930828,-0.010270361491856228,0.001362555126187992,0.007893171106844399,0.018258741182133775,0.009302514591546185,0.007169215106110016,0.010151726172797026,-0.0003617310090975323
2022-11-02,-0.02541646670462061,-0.034878171662151125,-0.033736213580986885,-0.014660285649703564,-0.008363483604459265,-0.004349864624241917,-0.004826334987736658,-0.00699697020289225,-0.027871264151563935
2022-11-03,-0.01035024999203582,-0.01972793935226136,-0.006726986517610278,-0.008523693570243296,0.005775397301343244,-0.005411885963819252,-0.003560801477057396,-0.0038132974339371017,-0.0013642385424894599
2022-11-04,0.014290563600759754,0.01595681000342708,0.013409112587121186,0.039279935475998506,0.04145519875958481,-0.016943346997586595,0.0019796296029088722,0.03023458325284345,0.013562075226898784
2022-11-07,0.009520245111584558,0.010934730239119617,0.004523170869007664,0.0031226168059257375,0.0005523376519858125,-0.010026326987817136,-0.003665907362511156,-0.003970260739379228,0.0
2022-11-08,0.005380681620155592,0.007260781830906282,0.0003899171475474361,0.01125900639746602,0.007152649805730604,0.010875326644026018,0.00416022532460758,0.02283632894068699,0.0030568307679565976
2022-11-09,-0.020817234757525505,-0.023346945435803512,-0.02784000533875819,-0.014052407763543329,-0.01742055200300241,0.003281778408057434,-0.0025733403751253547,-0.00502989475916138,-0.010308172748201727
2022-11-10,0.053497422861493504,0.07119311829445163,0.05973813493834346,0.05459529039896438,0.03562012133697223,0.037752360047369926,0.03294668088381858,0.029990153003992326,0.07059498171968581
2022-11-11,0.009632032651518685,0.01825845766809664,0.008166015103264535,0.01974761823442872,0.02682432596594264,-0.003670942883495343,0.0026810357595747902,0.006584597947117743,-0.00011488901840905896
2022-11-14,-0.008543167640425509,-0.008789781033333277,-0.01124542574002696,-0.010596750007631606,-0.006045589437859267,-0.0024550157094713754,-0.0050812288717887455,0.002185266227277438,-0.024672434442803315
2022-11-15,0.008492998407978902,0.013743431748174828,0.014717267607375462,0.006616916955337615,0.02267778314292901,0.01605096293586783,0.01384088337996836,0.0035106980811026034,0.010781664551105408
2022-11-16,-0.0076581479448520895,-0.013743431748174828,-0.01775191485051497,-0.0023031639998682962,-0.016108218247113726,0.021632731382912773,0.008494965933414811,-0.0022987420952169657,-0.009133256397048761
2022-11-17,-0.0030646405228900164,-0.0022095430511850367,-0.009324275477271549,-0.0004614282052193275,0.001831700237991285,-0.010608496103293952,-0.005371711387788913,-0.007293959961672591,-0.006846519061750378
2022-11-18,0.004530101798861708,3.5291194554254446e-05,0.006443521655251416,0.0019975039661046523,-0.0057683900887082196,-0.006901087765911029,-9.487546749564757e-05,-0.006917507382314447,0.012593601920566577
2022-11-21,-0.003642557926221812,-0.010340702130868351,-0.005238946370198505,-0.007549458389401131,-0.012701925793896063,0.004206539677190868,-0.0015128297142172897,-0.0056056352070879,0.005249517750057997
2022-11-22,0.013367229297906569,0.014300083608075553,0.010613192381840442,0.013822841877017211,0.002394009677082032,0.014091600361362033,0.008857868517954337,0.0011730356909014361,0.005453437772516168
2022-11-23,0.006281833039059492,0.009986702661568536,0.002595292985115627,0.0109225236105015,0.008202082565836655,0.017291180204820122,0.009988293274221682,0.006212503317279072,0.0008096580859549007
2022-11-25,-0.0002237471814776626,-0.006600033403110217,0.002103813568175461,0.005116731489129833,-0.004754291136425781,-0.00339522405828685,0.0010211182424120224,0.0008581023409730548,0.006338847469203657
2022-11-28,-0.016085777166571447,-0.01478190846165095,-0.020358839082799562,-0.012993107742669707,-0.004511174941959961,0.0028143286775383913,-0.0072639034063142205,-0.00793489366537159,-0.027133925228844724
2022-11-29,-0.0017189579736287541,-0.00759836637692235,0.00291022975753652,0.0028850593587437245,0.021313892567102144,-0.011795345801155932,-0.004965842009326593,0.004928261563008185,0.016391653804143758
2022-11-30,0.031014569942572123,0.04457711853991597,0.0270478076863494,0.017585166228901272,0.028489075259948926,0.00732736628290187,0.01213734003316258,0.0127009210150133,0.02262027327965388
2022-12-01,-0.0007360217334051455,0.0012263397851137725,-0.002190491724180177,0.009637604129657973,-0.0032950793374575404,0.031446282555702254,0.012434420419251246,0.018217842396307304,-0.0021596451889607238
2022-12-02,-0.0011543384453034378,-0.003991115363488618,0.005812928095327408,-0.0007379875970094929,0.0038011338685266516,0.01249723940355807,0.006049808017306368,-0.0034616677176240174,-0.0029627007033594666
2022-12-05,-0.01815316389428201,-0.016925834235018478,-0.027932233530800765,-0.01322963526633103,-0.011446166090218757,-0.014106091389084696,-0.008535641288344387,-0.017307805302720247,-0.018427331041434236
2022-12-06,-0.014519619694407737,-0.020938304651877182,-0.015429915448417653,-0.004499169740274311,-0.0012800884600059348,0.012798171942552727,0.003037420855541484,0.0027336344458790407,-0.009459966916287144
2022-12-07,-0.001702618730174521,-0.004090958558816915,-0.0029476348612513803,0.0,-0.005908697415069941,0.02328879776325099,0.01105773813854416,0.008998493556537923,0.0019930595398092166
2022-12-08,0.00780341702758669,0.011765406409375956,0.007214537288752432,0.00509755386463695,0.012037570691139976,-0.0027441722056353868,-0.0031857761582880784,0.0008413425277824516,0.00700188142691438
2022-12-09,-0.00749819621259018,-0.006396957621946697,-0.012351908626516916,0.0005980262749227805,-0.006641195935835675,-0.026358719218971594,-0.007504681192198603,0.0035378943750199454,-0.00186247669929962
2022-12-12,0.014314214623948551,0.012473031767998854,0.011688208095522512,0.002984714724735049,-0.003080106775161351,0.0031922800814578878,-0.0012869830631299095,-0.00829484183350182,0.007660330258461023
2022-12-13,0.007541322412743412,0.010692912280843458,0.008248888434827073,0.014082965397871128,0.007125563036566529,0.00960954419605109,0.008700174214521184,0.016936889733695004,0.018330215602538225
2022-12-14,-0.006414101101371195,-0.007441201619741378,-0.006582716006760414,-0.0008854815067440569,0.0005181686470305813,0.004262466745467819,0.000911575223865313,-0.0024359858905977916,-0.006834593111937792
2022-12-15,-0.024765697704457246,-0.03415344558798861,-0.025347790206250664,-0.025874568655011032,-0.023320754781751774,0.003893998939878962,0.0008400372370092057,-0.016494600382901403,-0.013463309011815028
2022-12-16,-0.011876476520771284,-0.009580242380765824,-0.007484471299758155,-0.008826492779614448,0.002911843460164487,-0.011233737110895703,-0.0043000525427814296,0.008671019495159804,-0.02617356076262478
2022-12-19,-0.008515859001652082,-0.014153306751815364,-0.01362679754606333,-0.0024487397424630686,0.0007927590293661524,-0.016947644872040257,-0.010137393110512427,-0.002821808248999247,-0.012806124988512302
2022-12-20,0.001367463907847366,-0.0007788613012467138,0.005276251736714421,0.003975902088987127,-0.00026418318628751436,-0.017916909854776897,-0.011833199336779288,0.016458298941439686,-0.002532571674223938
2022-12-21,0.01484184962112689,0.014402185577895743,0.017086659241563495,0.010325127348478347,0.008942655368128882,0.0025107208731212083,0.006818793700984926,-0.0016573862871149814,0.008537219415915231
2022-12-22,-0.014369019343211775,-0.024769389410990605,-0.01316190248823279,-0.00819051662059156,-0.008942655368128882,-0.00019302689960642994,-0.000279506846252886,-0.01215898016893302,-0.00421037966253035
2022-12-23,0.005735726151231191,0.0022465586077400346,0.004540503035953769,0.003496785785649159,-0.0013219638379746712,-0.014769064119168895,-0.0030776493527602256,0.0029938350392546553,0.008862271800722965
2022-12-27,-0.003951241687479623,-0.014239050983193557,-0.006731801597338105,0.0015164713874868951,0.014706243070139458,-0.019970985258096263,-0.012973499129507182,0.008394677302770326,-0.00036281660655301806
2022-12-28,-0.01250560817852353,-0.013290671813010135,-0.015650971756747012,-0.010664174303845364,-0.014706243070139458,-0.0059090768037943775,-0.0031276107923430274,-0.0045159890327513,-0.017194282236532743
2022-12-29,0.017840201332867345,0.024082722344368257,0.02501711327808742,0.01565248840144129,0.016529409395642958,0.011287273285107702,0.007093819119109668,0.005582639597805361,0.021657734079187918
2022-12-30,-0.002637594294592205,-0.0006004693802506011,-0.0028065073179721622,-0.010306283273278538,-0.013887444895042567,-0.011186928918979433,-0.006334783850129533,0.004667758029330393,-0.007248044495859141
2023-01-03,-0.004218644356987156,-0.00678259798369929,-0.005520834206414804,0.008797427833763471,0.00840794370917708,0.018904296771800055,0.006900428763107591,0.008335816871946733,0.0009693828417747241
2023-01-04,0.0076903176303249055,0.004752410224000414,0.012379788903419175,0.013201431979634748,0.02964508579658931,0.013606940173019666,0.007226757617742052,0.009367889939565721,0.02239732891640589
2023-01-05,-0.011478911662351265,-0.01577831440359212,-0.010766478872723972,-0.010035383758069116,-0.0030526507336543496,0.00417190325709349,-0.0007483836387196519,-0.012529630867487818,-0.027253988022277298
2023-01-06,0.022672896918402685,0.027227511013430572,0.022206484051078057,0.02526897769459424,0.020676378974212373,0.01822947693012633,0.016245394255379964,0.018534663811199614,0.026543379503961795
2023-01-09,-0.0005666404472535191,0.006452400057080254,0.0016880975300077594,0.00424748804974584,0.007459088886749843,0.005310111780637783,0.003951529441788004,0.002242601067979244,0.0003554713610514071
2023-01-10,0.006988233997980764,0.008429031264443942,0.014677059707847384,0.0029187443930034362,0.007157934739253857,-0.01668833632106459,-0.0033990672432357982,0.0036693044744913195,0.002248561918751335
2023-01-11,0.012568311070939586,0.017152107860274768,0.012387549204264658,0.007549611257838151,0.004172367593145321,0.016120739630765435,0.008522113877648785,-0.0006870298860048862,0.035193144866640935
2023-01-12,0.003634354682467311,0.005389796003403724,0.01665861692470738,0.01464484485389228,0.004886418154052219,0.01949094243813665,0.011251681517132184,0.011501603213231348,0.012588873283585045
2023-01-13,0.0038719687441375328,0.006856955937608156,0.006543651149777396,0.0052598831370263,0.006558921264628648,-0.009417160580510675,-0.0032533705758401865,0.01193033370259311,-0.0062178965247188245
2023-01-17,-0.001833479109520475,0.0020265488845430113,-0.001230268196506401,0.0031142759419537924,-0.005584536579011257,-0.006484543101484164,-0.003627793151083303,-0.006566591290623869,0.0028313268663389124
2023-01-18,-0.015914054763779717,-0.013085021578404188,-0.016297391965259145,-0.003539839968237146,-0.00684091777682605,0.0239425029729583,0.011651831573307625,-0.0028758838411491183,-0.014695518931248763
2023-01-19,-0.007306369339617369,-0.009873040140587541,-0.009621949526196438,-0.001561447429498486,0.007571058619908477,-0.0062792512725984295,-0.0020677355920506457,0.015743931377470766,-0.005523557473219753
2023-01-20,0.018457468122359266,0.026999210737821855,0.01634565888055839,0.008769596972737048,0.015212172523475065,-0.016343961477798707,-0.0052324343560581354,-0.0033409804213135885,0.011815530772141258
2023-01-23,0.011927297220831079,0.021972610585793362,0.012299787810452045,0.0040755101733580545,0.007163428995163201,-0.004719322187423103,-0.0028987044508932414,0.0018946378029900401,0.004551178722099536
2023-01-24,-0.001074086752057113,-0.0020437864887954404,-0.0021375346420002828,-0.001263074116866214,0.0007133715829121812,0.014278195758762102,0.00524758385680002,0.0036119840879402787,0.002494401976253613
2023-01-25,0.0003748868089576973,-0.0022218834297671464,0.0027778625335406204,0.006578654124555605,0.0009504365648536073,0.0024220655849340744,0.00045137429517350114,0.004593393795208733,0.00045276057295495775
2023-01-26,0.010930401343744123,0.019309976456464817,0.005904310513626498,0.0008367064254057865,0.009456565091058078,-0.004663317234873787,-0.0003610993131486495,-0.009096515003608197,0.01114327966591766
2023-01-27,0.002295094870244263,0.009904936163861677,0.005394774299213978,-0.0019535839460251836,-0.004717006644848976,-0.0025269295103482747,-0.0028915513370613155,-0.00139396157562377,0.011130933446698243
2023-01-30,-0.012626129230464578,-0.020426042256326937,-0.014023527922997658,-0.006445211739094958,-0.020299153014358584,-0.003661374777021109,-0.0038083013676484256,-0.0025700149312912757,-0.01281141964444199
2023-01-31,0.01459636626623606,0.014875028623828612,0.023995440218120834,0.005746700801902094,-0.0021736939636629593,0.007962932485170882,0.007151186263109288,0.00362961650726934,0.020749554266634718
2023-02-01,0.010571751474047986,0.021157999919744874,0.015597885600744377,0.00890511805898786,0.012255358605302469,0.011949341772217181,0.010100040448435266,0.01251813452838757,0.006131225758923442
2023-02-02,0.014451898172608502,0.03526091985720736,0.0195009664692547,-0.0013863171461929724,-0.005988755558763437,0.0012934765061975995,0.0014318311526047012,-0.020970284008537732,0.022448468135332078
2023-02-03,-0.010686080330023273,-0.01793212748720663,-0.00672899735291832,-0.009337431240657779,-0.017939848277714443,-0.015068645465150965,-0.01142337489395473,-0.025274496401227253,-0.018962055894093943
2023-02-06,-0.006129935278979204,-0.008495195295538771,-0.014573512921591814,-0.010273800485449236,-0.014785930403255598,-0.007431489051151985,-0.007719307474927994,0.0020732591842405057,-0.007314201080900418
2023-02-07,0.01299374630039729,0.020507076978249827,0.0073900579838159786,0.008451976452123589,0.003964381257636873,-0.008058121738375057,-0.003287216858409714,0.0009200023760849163,-0.0021937667151865625
2023-02-08,-0.010994977433969488,-0.01794114068913011,-0.014731084709080022,-0.00619118228529647,-0.0012372455978999497,0.004747803890812641,0.0010053542943486704,0.002468544755507729,-0.004732619700098972
2023-02-09,-0.00870686434166501,-0.008877334898551581,-0.014582810971252691,0.0018333684233828862,0.004693106384272117,-0.009518425815086218,-0.008442019988595284,-0.007943887464013422,-0.010982480939984995
2023-02-10,0.002330847385791479,-0.00658473132141868,0.0019986170723145236,-0.004377129129705004,-0.009657248119792516,-0.011253058382991732,-0.007027629538898239,0.0019053779351274613,0.003451877353974453
2023-02-13,0.011670626632180436,0.015889134018384432,0.011961298701259615,0.009996540810893961,0.008177699876743993,0.008379756489878432,0.0037045818257430696,-0.005089097798950171,0.008853490384852947
2023-02-14,-0.00046015939877452894,0.007362237737870814,-0.00046748830194154323,0.0018196485310237875,-0.0017290470109396772,-0.0023046345164656756,-0.002499200628049536,0.0007534549847427741,-0.007964479006448144
2023-02-15,0.0032420284089464957,0.007631883964771546,0.010078581067051395,-0.004484837672252162,-0.008441003653158141,-0.009368709258840369,-0.003807485214931461,-0.010014646847400499,0.003990071518069627
2023-02-16,-0.013864499533103647,-0.01894277372432107,-0.009611092765109852,-0.004928624222876543,0.0002494025494086394,-0.014269543874362078,-0.008033908341478657,-0.0008195726363133815,-0.00978208800902447
2023-02-17,-0.002501276540159303,-0.007080799719179964,0.0027479843308872987,0.0025376638186589418,-0.011027781001825776,0.007746631453781738,0.003931730792340105,0.002982339072148399,-0.003917464698139028
2023-02-21,-0.020264981862921694,-0.023959632667976294,-0.02995829274520556,-0.01104349803669713,-0.012680862091815293,-0.019628660571918033,-0.014302099617132136,-0.0037440046605539123,-0.020277958531753626
2023-02-22,-0.0013790822794073065,0.0007479850410829769,0.002717500488921054,-0.005567945083027048,-0.004861316639458657,0.009122458971721592,0.0028393025163522267,-0.005642376897915469,-0.00908239255876886
2023-02-23,0.005305493138987316,0.008695788517998793,0.007104474092635371,0.005140806017243094,0.004861316639458657,0.009724622675337358,0.00781264488672928,-0.000530591852650808,0.00747886572338885
2023-02-24,-0.01074001656268564,-0.016885838658584618,-0.009394987820933842,-0.016804765034923896,-0.02271661852558271,-0.01308620532512439,-0.007529528990507295,-0.0072206822499252254,-0.017693780252977298
2023-02-27,0.0033998958116070455,0.007135828024596336,0.003513709296458778,0.011807235415540518,0.005208471117805313,0.0027687622596568318,0.0002833733672398253,0.0039126704061276385,0.0015159939621920415
2023-02-28,-0.0037028788649173805,-0.0012936704984589653,5.315217626122859e-05,-0.007327057582225294,-0.00703783160934357,0.0045330213499559235,0.0003777062877308168,0.004545621851780979,-0.0013992737867010163
2023-03-01,-0.003842915332664454,-0.008071739018982171,0.001274382109303751,0.005320847966322262,0.02122233065176271,-0.010801093868673561,-0.0062533570196787736,0.0057555556009338815,-0.012679146999157176
2023-03-02,0.00774704658008929,0.008241984690260828,0.002385467459847135,0.002006209615903032,0.003578864760108491,-0.008906738828783567,0.0008574425926806128,-0.0005857351538960387,0.011628687084391132
2023-03-03,0.01591044121067764,0.020463005170465287,0.013828988031172607,0.014494877929178251,0.008891262554724388,0.02393693914255124,0.011271697847626605,0.010666001055863461,0.01506782781270477
2023-03-06,0.0006925595470868018,0.0011337940934268431,-0.014729402023849758,-0.002542803421008877,-0.0035471289257489325,-0.0077832873530390145,-0.0027352805579869965,-0.005056593695139888,-0.003919173543841303
2023-03-07,-0.015447348089985269,-0.012341533092297574,-0.011673701527333158,-0.016831034737782247,-0.016893101786478404,0.0061138184655122885,-0.0028374115269578226,-0.017635068390636555,-0.023604687040997163
2023-03-08,0.0016306877548872833,0.004981779021325572,0.00048252370319534776,0.005451372153388867,0.004121543380973147,0.0009824746684090613,-0.001611072939925684,-0.00047456302828230434,0.011404776017547746
2023-03-09,-0.01862196996247878,-0.017477743644602306,-0.02820773018850531,-0.007322972313947851,-0.02235586539164114,0.0024525326050088836,-0.000949406223386795,0.009801127700098,-0.023179972777505498
2023-03-10,-0.014534773887916685,-0.014143290523747076,-0.029253436529181442,-0.010721548136140235,-0.005271620627708362,0.03390476031967182,0.014236512696306214,0.02133366724772401,-0.03370357106459032
2023-03-13,-0.0014261328333802226,0.007388884728580791,-0.016424338480688583,-0.006869890361731912,0.0015842536601127222,0.0022703217200223946,0.0008426238129297658,0.022688861946559058,0.013031943627841436
2023-03-14,0.016394868199975043,0.022719746966982868,0.018352330053239108,0.01325866006242471,0.0005275998902503076,-0.01657815619392089,-0.002997658300425421,-0.005807897981361165,0.009603293317796968
2023-03-15,-0.006273879738205146,0.005232334856224874,-0.016622585635375664,-0.031463921339453194,-0.017289888458928537,0.01912616365883313,0.009523642361407347,0.007773838437142189,-0.00072636125692771
2023-03-16,0.017392901885927792,0.026019514260377186,0.013558801208901627,0.015414557184667999,0.015178034908565508,-0.007853576531796413,-0.0014880807861388234,0.0020180543660703876,-0.002181615874095044
2023-03-17,-0.011761616850319179,-0.004737442183573748,-0.02736275643760777,-0.011985096010375784,-0.006096842726435625,0.014897260753655495,0.00501330966407032,0.028704276731303935,-0.022949742799128536
2023-03-20,0.00956968375013112,0.003542684714600952,0.012881748176416075,0.015508949434835273,0.0037156369057398386,-0.00883603404179567,-0.0029678827048389422,0.00038079522406508914,0.011356628165720473
2023-03-21,0.013045027817642385,0.014181315838567521,0.018280942209211837,0.014982994678033101,0.00896623823142173,-0.008629517446110846,0.004818325772517618,-0.019055524569337123,-0.004428503911869441
2023-03-22,-0.017193289159530778,-0.013691215420147174,-0.02877102715116564,-0.0034711725376936897,0.00393034857078689,0.01324542974832621,0.0058061116357110976,0.016877382247648676,-0.038072329391435566
2023-03-23,0.0026998100280284376,0.011788296571577206,-0.004448263292659682,0.00014481375412156439,0.013764599498066854,0.0,0.002844686643055816,0.012460224063675973,-0.006295734895918947
2023-03-24,0.006540635167636033,0.0036737150752799153,0.009004877834371428,-0.003046803854740432,-0.002582815442601305,0.004220121739580307,0.003110547347893622,-0.011316136891164952,0.02532137369820031
2023-03-27,0.0018679850152869548,-0.006874865754077142,0.011056972112944763,0.009400762606544433,-0.0054451872182670336,-0.02377107386814359,-0.0120390931993688,-0.009299831745516407,-0.0011430395533533755
2023-03-28,-0.002247318735348891,-0.005325832597446123,-0.001440498391147571,0.0004316266090889087,0.014199359922207666,0.0018194634615165128,-0.0016652210009873158,0.008155744573005386,-0.0024169399768343425
2023-03-29,0.014430268291937054,0.018069704849836832,0.01129381029250176,0.012013737178272699,0.0028157944828337556,-0.0020111031369838273,0.004619514015489656,-0.0049731154716585735,0.021920561146790085
2023-03-30,0.005838188697584457,0.009420901621856714,-0.0013692053559601902,0.011590340479159522,0.009919873663154277,0.0045905903456811,0.0013820720381811924,0.008998964139578014,0.012999319267893661
2023-03-31,0.013996178033035989,0.01649387850133266,0.018214274537251995,0.005046346763847964,-0.0012662822175566468,0.014869722294299947,0.008980753925944995,-0.005225877277023727,0.021176425798676846
2023-04-03,0.0038031278914978373,-0.0024333942679461984,0.0004482813810691155,0.007938177601329421,0.0020254496812532885,0.004692139537378459,0.006021949360823342,0.00717858251921033,-0.007979971764800808
2023-04-04,-0.005563217934574816,-0.003379173179098416,-0.017692621802511077,0.00013864719550227278,0.0,0.004959547977986922,0.00127301063910501,0.018469345695108608,-0.001336190826978445
2023-04-05,-0.0026218328634186605,-0.009921313902525597,-0.009857083216934015,-0.006958937171104296,-0.00787115308488362,0.010400383692836357,0.003265092243380785,-0.0007982432900845993,-0.00536237071124912
2023-04-06,0.0038932547604142442,0.006719478380446731,0.0014962231806707749,0.004737322721637405,0.00407016820959738,0.00258314052923847,-0.0009063929224772949,-0.007159660374900234,0.006820165455014404
2023-04-10,0.0010259663477096836,-0.0005659056526106099,0.010639529327153063,-0.0006950898050748222,0.001015037369967775,-0.016255957817132405,-0.004632678087705955,-0.007427401530065936,0.00460173223873106
2023-04-11,0.0002685797778996246,-0.0064386393439086476,0.007877862356408194,0.0033327672265546227,0.006068266257714949,0.0020584260761991047,-0.00027326084599188505,0.006300665292291008,0.004219550797023075
2023-04-12,-0.004084328329387432,-0.008873045451864847,-0.0073659691922127735,0.006357148404164015,-0.007083303627682724,-0.0010290531017380644,-0.0020972141783186515,0.004873245294512607,-0.00482397990715544
2023-04-13,0.013195199873218932,0.01939287009006918,0.013163926529601966,0.012730295554368887,0.01361600284518616,-0.007889371716576221,0.0017325614530232514,0.013425150587981882,-0.00302690023302965
2023-04-14,-0.0024457564776847462,-0.0018816521122602126,-0.009360700023252733,-0.004089002159666677,-0.005273116107215703,-0.009188786328730103,-0.003285356355376301,-0.01786901721989853,-0.01564273459476162
2023-04-17,0.003582006158179496,0.0008472157607313235,0.012778389445847083,-0.0017769976480845884,0.004270795311504205,-0.011967044548123695,-0.0063277667852021935,-0.004463702764477162,0.02060208308268141
2023-04-18,0.0006518283329803864,6.270289765097914e-05,-0.0042600347655232795,0.005457804707821978,-0.0012543154336430717,0.003557424057978764,0.0033064209959858815,0.0038732698004286803,-0.0022951130339032844
2023-04-19,-0.00016884341837108963,-0.0004705139329761465,0.001291116020265548,-0.003134422264918335,-0.010090835499158235,-0.000960125201155293,-0.004963781110657983,-0.004789973842758144,0.005908196971258661
2023-04-20,-0.0054721107136126435,-0.007653645957588218,-0.005174765075846466,0.0,-0.001522451525417523,0.008512855096413752,0.0037712307835828796,0.003930524556986725,-0.009907058446076533
2023-04-21,0.0007767280277244382,0.0010428047546264807,0.001296047246825971,0.005037638282503032,-0.009439930325654267,-0.0056350723651021895,0.0006423881122401554,-0.009936876904451886,0.0001215279354340737
2023-04-24,0.00104257880816494,-0.0020866980862805917,-0.0006759383625025706,0.002577213735863282,-0.002309811373365278,0.009627405879838236,0.004393656827652137,0.0030347260178613666,-0.0037707564047062547
2023-04-25,-0.016001193533956126,-0.019044150655847858,-0.02499429533124431,-0.014051108196730056,-0.018934618001937853,0.014597532869833785,0.004375082881537651,0.0050734265105614185,-0.009919753820113009
2023-04-26,-0.0042445260047756506,0.006046524770741968,-0.009696485150797685,-0.0006873221367111881,0.005744193899443584,-0.010715094559657246,-0.004375082881537651,-0.005452222698837161,-0.009646227092987125
2023-04-27,0.019712354853813174,0.026827817846301727,0.013272932545391747,0.012432809148755553,0.013447345221487161,-0.009972396506624293,-0.0036599574258566747,5.4098929280321784e-05,0.022364839174191964
2023-04-28,0.008499041645995575,0.006874918201061675,0.00871379993241117,-0.00040724257062585423,0.005124398039136668,0.016002436811908716,0.007762046656616839,0.00027061589311294654,0.012199077496072519
2023-05-01,-0.0010102922698393968,-0.0011479467368031848,0.0005703474363034644,-0.0014954561258555543,-0.003327901946352352,-0.029258755632273648,-0.016269283433817172,-0.004501468248395035,-0.007470903428029807
2023-05-02,-0.011303057752010126,-0.008759726575959803,-0.02075006510498234,-0.01011747279958719,-0.009791371432080531,0.02461438441216046,0.01198854484444034,0.0191128216996459,-0.017077588123241227
2023-05-03,-0.00688746366510351,-0.0065652747512254805,0.0036628285519855197,0.0026073972286715374,-0.0015549090720652359,0.005566575011858532,0.0016484764445756639,0.008443330394000803,-0.003945049980691451
2023-05-04,-0.0071083001306790905,-0.0035360465834584076,-0.011262878142135335,-0.0020579864534955306,0.008007372864940354,-0.009927766690573492,-0.002749459528772924,0.007008337579460289,0.008241786542884988
2023-05-05,0.01834343685655515,0.021031603504598095,0.023489437831814897,0.014588727099846821,0.013289152535191917,-0.0033316690953055783,-0.00395348879183377,-0.01577167201286489,0.016523280058590828
2023-05-08,0.0002666143133920329,0.0024744405680516834,-0.002295395661391808,0.0002706736550033284,0.0005075426999461286,-0.014113453041867174,-0.007212195459517012,0.0012261535425386327,-0.0058006524835620965
2023-05-09,-0.004395220928357091,-0.006353343499500674,-0.0029922061234151087,-0.004067817756509662,-0.006108318320920514,-0.00358427337243139,-0.0003715800360648558,0.007061173494321338,-0.00425081284568396
2023-05-10,0.00466160976976937,0.010822815834098165,0.005058444973803589,-0.00204018903935399,-0.0005107586827977073,0.009657435157069294,0.007859981094221702,-0.00142946404099753,0.009569107560190915
2023-05-11,-0.001745480760687812,0.0032551902295523405,-0.007712813400490681,-0.002453431008554219,-0.003582316430626342,0.010516362159173731,0.0038608375140771756,-0.008619799546280227,-0.011030880279913724
2023-05-12,-0.0013112096824627884,-0.003593489642677916,-0.002024188540929117,-0.0017757836189087328,-0.011861954288584275,-0.00840425720904392,-0.00616613765955254,-0.0017115440993107356,-0.00012180497619151964
2023-05-15,0.0034441788040506793,0.005400341761713001,0.012142124256798503,0.0076271823203928335,0.018250115466416528,-0.010411601599861875,-0.005368668378934238,0.002138972799392569,-0.0017081025888989743
2023-05-16,-0.0067052321071896515,0.0011317017693883713,-0.014693080354767574,-0.009543277764652913,-0.0071576468892255996,-0.0030086169358201076,-0.005024868132724514,-0.012578168330723116,-0.025352428709588537
2023-05-17,0.012066004019501086,0.012031336027719775,0.022044504568344614,0.004646738841792342,0.004607214092722245,-0.0029202583088610012,-9.309905721632816e-05,-0.003467895133702825,0.013436481701794456
2023-05-18,0.009586987543019454,0.018402994634384662,0.006057141711739433,-0.0015010534476269655,-0.005377080348344165,-0.007437018353580349,-0.004207239709663746,-0.013057794413406931,-0.004831367696670696
2023-05-19,-0.001456025786867876,-0.0022558585073975124,-0.006113724866227521,0.005854933886763725,0.0007698662556219205,-0.007096359903662197,-0.001218509921280031,0.009850156652287723,-0.0016153327812880036
2023-05-22,0.00040589473587626657,0.0033524141512346617,0.012134309236031093,0.00027148190527803706,0.008175938433002017,-0.00356719757778734,-0.0003750909290856086,-0.0023442435084914948,0.006075967022900919
2023-05-23,-0.011286386780374968,-0.012757491031290868,-0.004723245104433005,-0.01476652354301855,-0.015643528386491745,0.0028746824766407997,0.0020621311059034753,0.0012000108481293736,-0.009440041982427871
2023-05-24,-0.007270886141026445,-0.005142581262471246,-0.010652925196303897,-0.01470824200579024,-0.007523452095629324,-0.004960931058123563,-0.003940780327698512,-0.008101176111367181,-0.021698736738321678
2023-05-25,0.008622459780630365,0.024041396697040973,-0.007835059561703162,-0.0013987426971393546,-0.0020856429779700925,-0.002490161976422378,-0.0032961525776888934,-0.009664579046816613,-0.00012766595510971257
2023-05-26,0.012867700638600432,0.025229477425185998,0.011303955847892233,0.009750715105970365,0.017589776576894423,0.008044830551538595,0.004235918353884038,0.003987606249999942,0.011414196113388897
2023-05-30,0.0003807232391412896,0.00452483254969227,-0.0036967205267499637,-0.010170857180642479,-0.011605560126996206,0.009941657107898294,0.007485840950566036,0.006171471778321447,0.003775889740206928
2023-05-31,-0.0055605069053186185,-0.005702402319383459,-0.00990659924286863,-0.010416739892440852,-0.009382475086718856,0.008679249222231178,0.003257228472422824,0.0015370188425896103,0.00501269682710781
2023-06-01,0.009456059018483565,0.011486246976944336,0.01076094409709949,0.014748429833897347,0.01764912757450965,0.003915634261563383,0.0030621024466057634,0.007867103377943607,0.0001251127862991197
2023-06-02,0.014357741382363898,0.007471671382008438,0.03562309141557751,0.012883848782132112,0.017090137410478157,-0.011018544761385307,-0.0026984772872022944,-0.014857275420165017,0.024079645667920424
2023-06-05,-0.0019181137021861971,0.0007047256478260877,-0.013495854468692059,-0.0057979394747089685,-0.0002530614257709729,-0.0018647342537709832,-0.0021455233569032117,0.006002365721135661,-0.006979046166848413
2023-06-06,0.002174904968642366,-0.0001692781386672948,0.02599829722403424,0.00827263404138101,0.008815228421926946,0.005876480095946768,0.0019593710268051012,0.001097437284125924,0.009537816965000445
2023-06-07,-0.0034636650221830934,-0.017110908599899943,0.018537755129952593,-0.008833907224149229,-0.004305558135684784,-0.014954975618272748,-0.008988170169948795,-0.012083252758881002,0.018209697666491387
2023-06-08,0.006030334198586118,0.012336821931416608,-0.003745650363677022,0.010524342755938498,0.007081485505070262,0.011628951565367807,0.006655412796088278,0.013124733073093253,-0.006233407170661565
2023-06-09,0.0017927270623170344,0.003815530177195825,-0.008127694683873976,-0.0016766053479289056,0.00452606671584066,-0.0013721712688985477,-0.0026195978690104482,-0.002688130119842036,-0.005788760173677687
2023-06-12,0.009030884392241312,0.016755899021855036,0.004152933509975476,0.004325193467616728,0.0020048574048843193,0.002938968429036848,0.003179666291065253,-0.0008792504640151577,0.0002416803140237178
2023-06-13,0.006571308428547695,0.007654828879370079,0.011398531696613645,0.009422270290293078,0.009965450432263268,-0.009929802930436438,-0.004492001732341322,-0.0073948331208413265,0.006388557385840876
2023-06-14,0.0011902638186525039,0.007240942515285731,-0.01080695318343139,0.0037165710860440626,0.0074092251614263915,0.007971479228328526,0.003090499995410667,0.000553774340214197,0.0037175352806011475
2023-06-15,0.012321232208496014,0.011845528570537667,0.008196181216649556,0.010524289783943708,0.009306852641845165,0.009559953778948582,0.008657995214964131,0.007005982383035736,0.00525330931871526
2023-06-16,-0.0034118122399169337,-0.0063128928536855256,-0.008034724112825131,-0.0021778151534874723,-0.0034187660451099333,-0.0038910836006307292,-0.001762576482898126,-0.0015404017609146337,-0.0007146762031933207
2023-06-20,-0.005201674510357357,-0.0014325913371697752,-0.004365607158672624,-0.013305171542119965,-0.01976357233542725,0.006896112052405812,0.0036147460874405013,-0.010404681043488573,-0.011867077659487357
2023-06-21,-0.005136947655745239,-0.013721373478232657,-0.0023254593565704695,0.001517803130957951,-0.004751844493603663,0.002417059083380302,-0.001110857374463592,-0.001447469926816325,-0.006047590013127824
2023-06-22,0.00360304809781109,0.011729929554023855,-0.007444976916117341,-0.006223696352287256,-0.003515783294815389,-0.012143546523667226,-0.005200516907112984,-0.009966480697038982,-0.01441852457262005
2023-06-23,-0.007588578074167351,-0.009963186291844117,-0.015169270049724126,-0.01566019925561779,-0.014698667661928955,0.009920375059723874,0.002789403917326183,0.002753451933942941,-0.013880653412548405
2023-06-26,-0.004093993800712958,-0.013495950205816953,0.0009961851454063364,0.0012675482645558844,0.003313413887207961,0.001063894613391625,0.0011132921458729683,0.0017380933759119088,0.02282504756498227
2023-06-27,0.01090349045793193,0.017048007703792223,0.014336554640153487,0.008688260955939775,0.010126711095301832,-0.002613678156158983,-0.0011132921458729683,-0.004604118590478379,0.012244820494356823
2023-06-28,0.000504197929654282,0.0019496425274239115,0.004896352252985459,0.0006974162618842428,-0.006063733127538828,0.0042556328245124675,0.004354202421995801,-0.0023100760234937567,0.0014449470310475832
2023-06-29,0.003933857724956802,-0.002004605096989742,0.01143985156915761,-0.0013950851717119406,-0.005336149294056014,-0.018213312062478337,-0.007609278086611937,-0.0010723394318450374,0.011108331596149768
2023-06-30,0.011731343562416896,0.015302473229947822,0.004763971447537152,0.01221203740497323,0.007867243743339358,0.011725924883869254,0.007332134629098874,0.006641221688667542,0.005520365960640206
2023-07-03,0.0011499870782287758,0.002352112508855697,0.0020270526001011646,-0.001104085238694097,0.011060859433576375,-0.005685086762952096,-0.0028058425855199687,0.001121247777740031,0.00976530620713767
2023-07-05,-0.0014883903133053877,-2.683376499579282e-05,-0.010015434489664798,-0.01124770825584509,-0.006018118282775209,-0.009547706112936538,-0.007189299932160331,-0.003536277643963359,0.0022493069461564374
2023-07-06,-0.00786134652920012,-0.007645177860834629,-0.01628004658417126,-0.01746753885541441,-0.020582610979563487,-0.014244060362429423,-0.01017135645125844,-0.002984649764026237,-0.007715675540175937
2023-07-07,-0.002527986472874666,-0.0033257057566649095,0.010503992096892567,0.007503347206857747,0.011233220901918806,-0.0060375828169849655,-0.0009470372496505064,0.0074730048154894035,-0.0022667487543195364
2023-07-10,0.002527986472874666,0.00032771229900152576,0.01696314823009626,0.002816619754182348,0.000761278593809589,0.001311154968955286,0.005197806614622991,0.0007833887164983011,0.004290331100509803
2023-07-11,0.006348345402387601,0.004928563701955824,0.010220686122290878,0.008961360373040073,0.010096039872750762,0.005127459664822531,0.00470204540650343,0.0037406077556987327,0.014169537413232902
2023-07-12,0.008013800528009263,0.012550911529795705,0.010847115831818854,0.0189166941419181,0.022104312390356817,0.011069473634846894,0.008780022136219756,0.013450555215707816,0.005378999977816434
2023-07-13,0.007905377403436553,0.016836267755731882,0.008045846413026858,0.015876522481243605,0.012934980312194977,0.01045790705754257,0.007042965282374247,0.000714444638602707,0.006393542404366848
2023-07-14,-0.0006229316042940525,-0.00021098338977232345,-0.009819549669259686,-0.005670242537771486,-0.005592646465347517,-0.005905725658926997,-0.007787219477930485,-0.003191736429074332,-0.001971909876531619
2023-07-17,0.0034661304472516363,0.00929497807011792,0.010646671174835198,-0.0012192949893714555,0.0012184648632471706,0.0004932775130823686,0.0016737732560123675,0.0007163001287571191,-0.006522870105844625
2023-07-18,0.007403103565970959,0.008147476850631108,0.012270588837541396,0.00648556860321392,-0.007333159025316949,0.004528980855481812,0.002505459467049498,0.01139115191595419,-0.005507858454310011
2023-07-19,0.0022212456155710214,-0.00023338446993026452,0.004226425430043257,-0.0005389921654792573,-0.0019646857020707564,0.011233306744764526,0.005637605900922438,0.00016334311378951583,0.011217692840046922
2023-07-20,-0.006656541855009301,-0.023321896361770733,-0.00877817707146722,-0.005133547947176353,-0.007401913700742391,-0.0122163293063684,-0.006750567897228166,-0.005076251540708121,-0.0032587693185988087
2023-07-21,0.0,-0.003003648092129829,-0.003183324519804742,0.0020296839782991682,-0.0014870004453433339,0.00029543647656105065,0.0017617946517258787,-0.0030692385170079106,0.004652211606852141
2023-07-24,0.004457249978156774,0.001596009218055805,0.00246517686766623,-0.0024362291798576408,0.013548692832676235,-0.0036441003002378736,-0.001204995794478414,-0.0042906650791518786,0.008204832478075907
2023-07-25,0.0027264838602061303,0.006755030703489595,-0.00010253009065941399,0.0010834509058650355,0.008284677354085002,-0.0018761723511051542,-0.001577763146743294,0.005552416740764343,-0.007161148004096063
2023-07-26,0.00015380203755999133,-0.0033320847644402463,0.007869703480185564,0.002703502703170102,0.005806881233187955,0.0009877394161099673,0.004633042847628666,0.004867250719561511,0.004510550365167454
2023-07-27,-0.006652135587238206,-0.002386817671169439,-0.01301317226587173,-0.002297397645471655,-0.012380446399842704,-0.019644118629127405,-0.012278105567690822,-0.015836715414990543,-0.021932807526082954
2023-07-28,0.009742679209279181,0.018050757172992427,0.01286044220361493,0.007145134804912523,0.02389401789519363,0.005122124015326968,0.006529885345872621,0.007949707574280929,-0.0008258861103547233
2023-07-31,0.0019022642688151237,0.0005212309862931974,0.011540155019148735,0.0002686434154277606,0.0004770056367440212,0.002401962377221345,0.002785696612580324,0.002690787072192613,0.006471682800945899
2023-08-01,-0.002865572616765455,-0.0023222516838448115,-0.0045898848984018414,-0.012568443755053949,-0.012714756640414215,-0.016523069651606548,-0.01001443759848808,-0.010418766955582193,-0.0016434469037038824
2023-08-02,-0.01400857204874928,-0.02218845340974429,-0.013692941370088363,-0.018807735955163274,-0.02419160817674504,-0.01075593644704842,-0.006127213109348162,-0.004776993918500061,-0.00577337680312251
2023-08-03,-0.0028699757934305126,-0.0016040254384224184,-0.0028230285738493066,-0.0027754199220675346,0.003949441706071699,-0.023341803506232495,-0.009023306769630146,-0.000334202918323534,-0.010930120350241879
2023-08-04,-0.0045330561284915305,-0.004692691347935707,-0.002006331656797755,0.0027754199220675346,-0.0012323805104457186,0.017557052342209722,0.010346228325895268,0.0036138763540742858,-0.008156435531513573
2023-08-07,0.008690686690301597,0.008431367742482543,0.0006694421073678569,0.00841800174564522,-0.0014812285393652758,-0.009890524459843952,-0.002458592486783928,-0.0022779889325192926,0.01244778914337541
2023-08-08,-0.004358228386452723,-0.008538619528254188,-0.006299142062006879,-0.006064953556765396,-0.012178406507990847,0.011546715116017126,0.003968185939222657,-0.006361270240024197,-0.0064439561267857215
2023-08-09,-0.0067075875685613795,-0.01105566326026608,-0.007851228544399902,-0.0002764397064076718,0.002497488513735213,0.005157908738178563,0.0009423090321458716,-0.004769563349673156,-0.00011973643186546923
2023-08-10,0.0003589187957162565,0.001846415992845074,-0.0044467661221760935,0.004278040687894169,0.001495525014152399,-0.016599723555742685,-0.00708955571483294,-0.0010691758408611918,-0.0038387422801058335
2023-08-11,-0.0005834242709843451,-0.006396202605712276,0.001414498867581493,-0.006770488845127431,-0.01480392517773721,-0.002303974869014347,-0.003421233034269555,0.0,0.0015615373679516154
2023-08-14,0.005505024880941178,0.011159962465745465,-0.0017291777418861898,-0.004446299522153474,-0.004814559525523787,-0.0022044690039395576,-0.00038074930337295143,-0.00304522053039058,-0.006622379762806219
2023-08-15,-0.011717223015477174,-0.010668349541681721,-0.013305556222067416,-0.012471221281728617,-0.011495778573900939,-0.006113695620116211,-0.005251755371496358,-0.0026580037072090335,-0.011298356927474273
2023-08-16,-0.007365512798480189,-0.010645576208781371,-0.01230009187126857,-0.008211941605507533,-0.009033642711647083,-0.007854836727686276,-0.004509228623015282,-0.005792775189195076,-0.012416368690637114
2023-08-17,-0.007648978363556935,-0.010983076623182875,-0.0118543232970314,-0.007133775509172935,0.0023307726404993012,-0.004271853246525126,-0.0026964591823119832,-0.0015390561619561538,-0.008073123179999087
2023-08-18,0.000481288622805387,-0.001255517422438679,0.00543040600303879,0.0,-0.006747888506801303,0.003525562608253985,0.0037536220129368303,0.00017111358955279599,0.003112945962364222
2023-08-21,0.006485234524456374,0.015982911424249124,-0.001463359166316458,0.003716035783128291,0.0023410786362756397,-0.013420129064600772,-0.005973448390265368,0.0027339296425665793,-0.00924203105321375
2023-08-22,-0.0027123822381049933,-0.001429819859614767,-0.0029874742439757185,-0.0018562618271920073,-0.0020807827872397766,0.007644605455628728,0.003087441069010488,0.0016481975934530269,0.002881626890735234
2023-08-23,0.011076214965617837,0.01564546046678661,0.010605723740940931,0.010803324202621312,0.015756630118112014,0.024475634009742286,0.013967615220208174,0.010113328144583988,0.015640671779330262
2023-08-24,-0.013956015366340502,-0.021607539513354368,-0.013929345196213916,-0.01380901867166795,-0.0038516720703900553,-0.006616299465082243,-0.0034262843922086006,-0.0002248455933200333,-0.0038252532133427053
2023-08-25,0.007025198021579193,0.007721547526264416,0.004248141943391737,0.006714838477239304,0.0010286201480069757,0.0032611999510239187,0.0005721275532115655,-0.0012941233726575518,0.0007415315828112057
2023-08-28,0.006321150481955584,0.00749916782848814,0.008873346327056275,0.010481588135014874,0.00971864559450264,0.0010496441371685705,0.0031390750721387306,0.002867238875764677,0.009345832300803103
2023-08-29,0.014351390049088586,0.021604539166741432,0.013855445777222641,0.012323316672028461,0.012645618097034461,0.010332361750847063,0.007946250105618446,0.009720692377633178,0.01204481456602835
2023-08-30,0.004110246831443121,0.00556144015534521,0.0037648484386263448,-0.0005568843747632002,-0.0032724401806634162,-0.0010388490642929682,-0.0014145272256742558,0.0024987503158229174,0.003621487986531946
2023-08-31,-0.001464405019707904,0.0029938594033662724,-0.0017480395054763065,-0.0039067810554112015,-0.01243208718251898,0.00445944106497187,0.0016971102043230601,-0.0016651113471644052,-0.007377740693555346
2023-09-01,0.0018634802882830925,-0.0010588498468511176,0.01180633781399898,-0.0005592591199290453,0.011675210512937628,-0.015701083013125228,-0.007143575757611487,0.0004997991755413267,0.001698166584533034
2023-09-05,-0.004331173697686097,0.0012705181946355282,-0.02128856874627072,-0.00871023061054732,-0.00810735676079144,-0.01412124611596699,-0.0071665127779079185,-0.008195174622491308,-0.011701848403176562
2023-09-06,-0.006745150720414372,-0.008847006139294677,-0.0037538855555814266,-0.0021189657064315526,-0.005612372223505524,0.0024565133747929124,-0.0009596674537242222,-0.004544556063018845,-0.002086525190025945
2023-09-07,-0.0030750345103518484,-0.007177139599264137,-0.009717602341717146,-0.003257525230794478,-0.011837453448779733,0.002769376574282667,0.004405913683971363,0.0010678794784508838,0.006246664960066539
2023-09-08,0.0015050210680866982,0.0013967360950442043,-0.0022268036488455323,-0.0014196836430988569,0.0020688390084542263,0.0038220804353716886,0.0007645835037406457,0.00033697027875945196,-0.0039148220947993195
2023-09-11,0.006555122916873657,0.011713673552883108,0.002389472589109154,0.010317522412816693,0.012323636198274812,-0.007232111073623315,-0.0019120131292211795,0.001851395103543041,0.00012247831462008918
2023-09-12,-0.005500768353065233,-0.011150377440157122,-0.0009768410674970696,-0.004086053262168932,-0.0030667265306685287,0.005747395004717326,-0.00028708412726796695,-0.005169992663579315,-0.0004903193625596103
2023-09-13,0.0011653350058971057,0.003801958313249365,-0.006591575997824783,-0.0031109400395159525,-0.001280461161893065,-0.0002124794004796371,0.0021990972564891464,-0.0023126820451926378,-0.010973454849827036
2023-09-14,0.008585167908032432,0.008143946693687454,0.014002406728489625,0.013085047587089171,0.006640919959702618,-0.007243606818928328,-0.0018165594189998302,0.0005080950731217726,0.017938564682619784
2023-09-15,-0.012121154156534253,-0.017271259877794876,-0.010510485428059546,-0.002239071711697349,-0.003825815229402618,-0.006113100641580438,-0.0015316155944535836,0.006582106894978068,-0.0037819553703490882
2023-09-18,0.0005860747693473556,0.0010418126136721995,-0.006666764976794859,-0.003508499384375696,-0.0012787060338022016,0.005685193274817202,0.0019143410552278084,0.005870383136318935,-0.008963097169202072
2023-09-19,-0.0020758533359073184,-0.0021334985833290077,-0.003900403512973938,0.0008431914268358653,-0.005902777885447019,-0.007407593530471601,-0.0033524847112644807,-0.0009480950413545131,-0.004573970186023679
2023-09-20,-0.00923580941603852,-0.014515334624469745,-0.010068102690547143,-0.0023910093825509904,-0.004127010314375568,0.0031197216586109633,0.00038336119130999435,0.0007251297423289671,0.0008671185824331573
2023-09-21,-0.016666544465448574,-0.01849450007716591,-0.015633543044139664,-0.01675468067662944,-0.017468770628688013,-0.02600919380747868,-0.010121858863206157,-0.007274811145922655,-0.034635985833690874
2023-09-22,-0.0022510417530661186,0.00013974310942188595,-0.002261420973496797,0.0008589991844631939,0.011766416370513344,0.00801609977148221,0.006085518906446374,0.0031961900557462286,-0.0075900086104558895
2023-09-25,0.004196248438161021,0.0047383903912194825,0.004461563193281393,-0.004445001952348981,-0.004428836705296035,-0.024916923448545347,-0.00977422710866982,-0.005163898932471156,-0.0009045344942260058
2023-09-26,-0.014800038281224559,-0.01513012652922896,-0.012940864779284134,-0.013017092351191195,-0.014199556042468586,-0.0034820683640486294,-0.0028239673294638834,-0.008023084937964775,-0.01839213020747099
2023-09-27,0.00039885167796605003,0.0023407293384458683,0.009305300464049537,-0.0018945236360456974,0.0015876257883018496,-0.005189403839759521,-0.0046921903112089325,-0.012443751217318777,-0.006736797290598062
2023-09-28,0.005780792500607035,0.008330347842360197,0.00899389242498394,0.008135054263116892,0.0026407066587426087,0.003049041606611347,0.0017622164832777898,-0.005009715204337795,0.009549866393672168
2023-09-29,-0.002429938292766387,0.0007259217349240288,-0.004741455265766525,-0.002897846145664573,0.0007908864977186347,0.00011282147722635472,-0.0021541851848647653,-0.01032850551809883,0.0029119131977601853
2023-10-02,-0.00039773931777631333,0.00831108675843062,-0.015222165862819104,-0.01476305404948075,-0.005019218944763093,-0.01688190075386764,-0.009203700453460861,-0.01055420585609923,-0.01854251019458175
2023-10-03,-0.013476487794269687,-0.017705379577288127,-0.01697578470591754,-0.012595688194553034,-0.013330115646585039,-0.021746168558490098,-0.011587256877038321,-0.002892421000057155,-0.019716421567250286
2023-10-04,0.0072556691630047965,0.013516800188606126,0.00046760465533512985,0.0017880129126384148,-0.0029563781804702316,0.014009047561285293,0.008703048931919533,-0.00011826350755939075,0.012147877016311703
2023-10-05,-0.000376899318570878,-0.0029507172746061627,0.0007587240501223391,0.008744067230307628,0.003761488149492287,-0.004997742766033042,-0.0011961779887279533,-0.0018344684108635434,0.005546974762669521
2023-10-06,0.011802811789800138,0.016616401013074267,0.00958343962638697,0.011006021950414002,0.014377135282836573,-0.012190751758269336,-0.0029958502558340427,0.0051398519222738415,0.0026943284159690606
2023-10-09,0.006381849726686539,0.005087269484067569,0.005763733016316941,-0.0014605304712693723,-0.004769520901778179,0.023198717198603447,0.012326178011641709,0.018218478536943472,0.010840088024111516
2023-10-10,0.005191454937446771,0.005522600517366527,0.011258254663810696,0.013645190334250934,0.014240748188262486,-0.0013834498198148637,0.00039515269008649767,-0.0016795054754084049,0.004780304001588576
2023-10-11,0.004087793755179092,0.00710992145771705,-0.0017062992515404218,0.00417247191534198,0.006264751242297084,0.020670667554942845,0.00610374583924056,0.007276507826109224,0.017204398589807823
2023-10-12,-0.006115170735871089,-0.0034809592466045203,-0.022858552305185853,-0.008362426323248684,-0.011252456890533669,-0.027502488658486257,-0.010458778544292002,-0.003054310387323511,-0.014690668093368942
2023-10-13,-0.004993211638218753,-0.012649520032027795,-0.008363332284210045,-0.009309025601828225,-0.003690754344824576,0.01773452685666399,0.00553955476435064,0.03164231938177586,-0.002513730496438882
2023-10-16,0.010466549124878988,0.011243043492178195,0.016021815219845692,0.007280109982914951,0.007368474195386554,-0.01622538467225354,-0.006928841344425507,-0.004876800474352017,0.011851619893972654
2023-10-17,-4.6083907482064035e-05,-0.0032812676037989874,0.011093105226932742,0.0005800235369379791,-0.002625346455529698,-0.011082041117556507,-0.00797780007140858,0.0018525567250016195,-0.0014412063368567374
2023-10-18,-0.013414663482106626,-0.013204626737747027,-0.02079216391235672,-0.017551835323513565,-0.015364620934765316,-0.008836689090351513,-0.008041957543889033,0.014367113783494645,-0.021466096096397713
2023-10-19,-0.008825178682911883,-0.009400839464261068,-0.016060508016421338,-0.00889293586019324,-0.005890362963766105,-0.02068552671777546,-0.00810688988453201,0.012199301049654387,-0.023993247943243645
2023-10-20,-0.012364189520396529,-0.015030147544906391,-0.013012729342070983,-0.008972730305885968,-0.01215731089518668,0.005661950369820978,0.003960414154506431,0.002727175302074336,-0.006745245524058419
2023-10-23,-0.0017346797683943649,0.0030127712753076352,-0.008507659904280374,0.0007508259595230271,-0.000815722158721055,0.011941840734233544,0.007773270232378948,-0.0033827788768210354,-0.009854695906757804
2023-10-24,0.007511095206856666,0.009681200725351502,0.008687918106160986,0.005687740971733746,0.012704558155853363,0.013090542608463984,0.005615867565384569,-0.00010933686369085649,0.01275123909372855
2023-10-25,-0.014456190360425225,-0.024780276864052375,-0.016657302148305853,-0.0071899570540159274,-0.013248705660117377,-0.022512347987252213,-0.009141484027954228,0.004199991317573648,-0.021718725352062762
2023-10-26,-0.01204668640362172,-0.01925147083378942,0.00256171739264488,-0.0072419636792400155,-0.004911482413903379,0.0152220131873948,0.007239317416797952,0.001577208003793018,0.018960504658977584
2023-10-27,-0.004543175945386224,0.004789833851510217,-0.011827533199224582,-0.003033138640456734,-0.0008209681752711084,-0.004257896984054099,-0.0020050349270350765,0.011562693424814086,-0.016149681331032895
2023-10-30,0.011884760977122433,0.011202314479887399,0.005532763318328193,0.012677440338275225,0.01034879309872494,-0.004514196843135032,-0.0030164674839721073,-0.0056565149769634004,0.006295999163186572
2023-10-31,0.006260742853721801,0.004770932573282316,0.008607375315968113,0.003592971035935477,-0.005705749883341049,-0.004893639791217375,-0.0014109509251856167,-0.0054715039881712,0.016872143159450737
2023-11-01,0.010608225338062383,0.017207823588102578,0.005697300867391064,0.009370173165450524,0.00922157726034456,0.02145070325887488,0.014209345953465125,-0.0031556165767172573,0.006152251940918951
2023-11-02,0.01898306406826933,0.01799050980998107,0.026304008513521104,0.02022338585544947,0.017396512278337273,0.02254056390972714,0.011803856488648456,0.0033185604405963076,0.03231922933929532
2023-11-03,0.009082042665416346,0.011680510991968873,0.026834051050918184,0.010534789896914809,0.020223854053992962,0.006755785406327597,0.004918724496328686,0.003632316427605531,0.0236040558821502
2023-11-06,0.0022977369847749785,0.00407079987748471,-0.012572387233966253,-0.00503713493015745,0.008027984787648546,-0.009747119665877158,-0.00531312605006562,-0.00782308105070495,-0.014539890189424476
2023-11-07,0.0028419534693648885,0.009408264024302504,-0.00354643897087481,-0.006078075965559648,-0.0018070773474159196,0.014641965986037064,0.00795858936360716,-0.004153745714032375,-0.008272629654021202
2023-11-08,0.0007322241943752417,0.0006436968044489788,-0.01071522484607712,-0.001307195537998851,-0.00674099643501469,0.01689036126393617,0.005076284604456305,-0.01001765347062733,0.003290743072500213
2023-11-09,-0.007829296649573436,-0.007725284622102535,-0.015603448165451894,-0.00014536302338807872,-0.009409338465171668,-0.023269636734362997,-0.010177872899552298,0.0039750574137906725,-0.015896473132852584
2023-11-10,0.015484304172295182,0.022233397842269298,0.011119229211889348,0.004496153758575261,0.007065210918207665,0.005584430326585732,0.005003745433366902,-0.010969699953244927,0.009303784526648151
2023-11-13,-0.0009537043850773586,-0.0031235373567550795,0.0003547002081303319,0.0026015382257478237,-0.00026081000726563275,-0.002275789944276241,9.784286172909162e-05,0.005555261386915866,-0.008369228741408108
2023-11-14,0.01921512897322586,0.02129816726943723,0.053460526339732084,0.0252276848274553,0.026256429860457065,0.02241465346890603,0.015537505186769884,0.008879636186604145,0.05401093988599559
2023-11-15,0.002114605040390849,0.0007522251200047236,0.001735594271567109,-0.001549443980840337,0.008349206176505142,-0.014133853248356587,-0.005216972667125397,-0.0026390807860945387,0.0029028874675178784
2023-11-16,0.0012224262918625328,0.0008555391251841016,-0.016297921247056202,-0.0007050871470681841,-0.009620331221303235,0.01235001628347554,0.00819957462930443,0.011222864579353953,-0.002144645501055642
2023-11-17,0.0012429758477612296,0.0002331069561014587,0.013609211943318655,0.013451217599674159,0.0012711250447980937,0.004675551473198425,0.0028781362855978543,-0.00010890827769749478,-0.0007582419664622364
2023-11-20,0.007668171790843559,0.012101486244270099,0.005816397856985844,0.003750879715395783,0.012372135189239852,0.006089778672926371,0.004015293337307213,-0.0016347162383043568,0.007303885149654299
2023-11-21,-0.0021817811105604434,-0.005826534677657591,-0.012964946006740696,-0.0038899550559516882,-0.006293146520213622,-0.0004417466309556417,0.000286108043355604,0.010740019593542094,-0.007051288980707504
2023-11-22,0.003853422709121368,0.004084616161675214,0.006250850434765809,0.002363516808896904,-0.0020221917661742417,0.0035276688099115106,0.003998258049347392,-0.004271361889172098,0.004915964389489602
2023-11-24,0.0006152081321975089,-0.0014110539175238301,0.006714095571974887,0.007608766203793138,0.0005059832470166725,-0.011844383788997881,-0.005143429873568195,0.00518811533968222,0.0028879440132882905
2023-11-27,-0.001802686193537184,-0.0008732905849093697,-0.0033515894397844193,-0.0034513443675106004,-0.004054844622095821,0.016565680664758275,0.00808374593633232,0.006715220224108087,0.003629306912314334
2023-11-28,0.00098967454218446,0.0026175871700351294,-0.003868053589409115,0.0002764397064076718,0.008344984036254832,0.0019694117662307775,0.0039709118792350395,0.013243765854618061,0.006599031521704823
2023-11-29,-0.000703618445182741,-0.0009742899932323468,0.005266061484181073,0.0020718485709885215,-0.005808650312918662,0.01249234753980133,0.008080998418701135,0.0014783465644931937,0.006925608416628926
2023-11-30,0.003929589324101812,-0.002517351064790674,0.0037919329520477163,-0.0008282938413941565,0.0020242382562010164,-0.011618213308117298,-0.005254709917061007,-0.004176660491013173,0.007245038399693371
2023-12-01,0.005898494506512364,0.002850727875922665,0.02880331299634964,0.010439801559263273,0.004287871844799174,0.01865891489043925,0.011968581126772015,0.01712403726695122,0.024295422814530454
2023-12-04,-0.005263111484240746,-0.009326817772339346,0.01065076777225471,-0.007819471335176686,-0.01139112259532249,-0.003986791914832644,-0.004582866293928234,-0.021850417580745685,0.007258175457166338
2023-12-05,-0.00019721871779054823,0.0025075873770283863,-0.01346702414840717,-0.0035872899259121738,-0.006128559717158311,0.021258076067974585,0.0079360568190463,-0.003786606077863297,-0.006660967263201201
2023-12-06,-0.004037731670289091,-0.005800400522146809,-0.0017914083321191043,0.0030361205709237282,-0.0012816558498500719,0.013229819027126943,0.0037129382664993216,0.003680115406357487,-0.0029882898084458986
2023-12-07,0.007601343690395446,0.013875475838358575,0.00719989856238179,0.00481145682838946,0.0048612642332726,-0.005753386769526969,9.283695713957485e-05,0.0016489674559858614,0.0028687548207324554
2023-12-08,0.004289935486101015,0.0044466461162215865,0.0075768573129142425,0.0030121941191474377,-0.004348299735334571,-0.008216886963980485,-0.005387586304249403,-0.01343017351466802,-0.001672448487194167
2023-12-11,0.003882086416993502,0.008505923854880137,0.002085704071021155,0.0024580721499294356,0.005878533588118184,-0.002117805567081632,-0.00027971997792697323,-0.011104320560253456,0.0027461260381222985
2023-12-12,0.004556716934339455,0.007932598389224665,-0.0010155234118913725,0.001771410040562138,0.0002547244881361266,0.0029638911567309023,0.0056673062821763764,-0.0005447904909061663,-0.0005964354407090866
2023-12-13,0.013695928690243164,0.012637094319761566,0.03328997521383936,0.014462892772197478,0.009887289380261954,0.023190962850427432,0.016629526459225552,0.022311764488914143,0.03758133651282414
2023-12-14,0.0032041923748042933,-0.0008672475699311732,0.027447698321420688,0.007353425484312837,0.014525853582551651,0.025680477475764185,0.010578486893033201,0.005845435089188555,0.028432617223386636
2023-12-15,-0.0016476835468521855,0.004822312522210659,-0.008439579785406437,-0.009771979571236322,-0.005985202794958955,0.0011103339636830967,-0.0014484483381789204,-0.009208782757507805,-0.014171838397917469
2023-12-18,0.005609125620952504,0.006278886757096203,0.00035525247313294983,0.0024185540869234856,-0.0005004132972863395,-0.007999767652105305,-0.004176884280754578,0.0045351876568231475,-0.002267974770649772
2023-12-19,0.006062607311866586,0.0050966469494468924,0.019194668489848965,0.008418556724819837,0.00847254615945836,0.005373776863273783,0.0012730531424391955,0.006790830606181686,0.007577838224043454
2023-12-20,-0.013954199587661087,-0.014971181856122229,-0.01975490093611576,-0.010143099798855637,-0.01816555519508123,0.006752494081148086,0.002631677206622385,-0.005460866362358985,-0.01224370296734989
2023-12-21,0.009437062851551659,0.011568210656912825,0.016873284999279647,0.016067288861224327,0.018620594000402946,-0.006347973246288774,-0.0003623633614830979,0.0070457557204406385,0.008828956554732592
2023-12-22,0.00200770345126422,0.0014950365396932952,0.009274710537763298,0.0009371951421615066,-0.0048132307236552485,-0.004558606601912096,-0.0017241149453779414,0.00442461403136285,0.0038841481075833073
2023-12-26,0.004213683914616517,0.006103104525345238,0.012919879182613059,0.0045393076542499244,0.007841171228124555,0.0028384999019941404,0.0020864783068610393,0.00759184215150821,0.0073832091639651765
2023-12-27,0.0018065188589320158,0.00203350939401048,0.0035216352289459962,0.00531439200175754,0.005778142292446553,0.017564803940807394,0.00929248251659942,0.004527577262521731,0.0048549192864379975
2023-12-28,0.0003775867714121972,-0.0004861643783131697,-0.003815703924064273,-0.0026538306376968634,0.0077357128593411595,-0.007289295704349108,-0.002607303903401359,-0.005832413160525185,0.007070129222710442
2023-12-29,-0.002899100864065751,-0.004337209276712883,-0.016454849774864222,0.0010624434635460034,-0.0004973700226003075,-0.009060840331453157,-0.0036983490670632335,-0.0015680697977629166,-0.01192504850914844
2024-01-02,-0.005612207570730554,-0.017066949191145042,-0.00594641698449383,-0.011210634372083916,-0.011757502054028812,-0.005781488419419389,-0.006800869974497914,-0.0023566846852940415,0.008564553767669736
2024-01-03,-0.008200085839249915,-0.010637899483055158,-0.027026197895475335,-0.007544229314991213,-0.005551318825019358,0.0041618629835209475,-0.00227677714210639,-0.008371755159892302,-0.024190650668000302
2024-01-04,-0.0032263398038363533,-0.0051597682093209585,-0.001958549310303148,0.0022963365334875974,-0.0032949291401602743,-0.015311146032150447,-0.005578245553953032,0.001004108607433274,-0.00184096293466407
2024-01-05,0.0013687603595116116,0.0011852617737995175,-0.002945319812318381,0.0006742791573453033,0.0012685655634427917,-0.0096117661944497,-0.003582877285281505,0.00015844285681954062,-0.002536858508272566
2024-01-08,0.014174931232713739,0.020457369239919032,0.017847551357971447,0.010594900496569082,0.002785294218694112,0.009817653308969554,0.007609728205853372,-0.007846978293016171,0.014215334998303852
2024-01-09,-0.001518195759625307,0.0019736064195985392,-0.008986296776944513,-0.00897832707533297,-0.014260531192546999,-0.006396453322688345,0.0017336335963724636,0.0003193058065589227,-0.006738414711944252
2024-01-10,0.00563960977486655,0.006754579949615369,0.0005639954430254335,0.006440397363030925,-0.0023109755141876853,-0.004668293573370619,-0.0012772343242168915,-0.0022906686849220037,0.001145342228167756
2024-01-11,-0.000440872447728502,0.0020787238097899063,-0.007873949108957667,-0.00013375966663264904,0.0041046129525459385,0.005599272080907269,0.006007105323270423,0.001971362878363081,-0.009315242580687055
2024-01-12,0.0006925423076635795,0.0005128709957888944,-0.0016546818667944052,0.0041380320510011614,0.003577754802656319,-0.0019666528678019546,0.002175464763550572,0.009746417465784418,0.005990061873520247
2024-01-16,-0.003677988827581302,-9.779530499010036e-05,-0.012445822857840128,-0.016926590524143137,-0.02453322849256745,-0.017769699589141652,-0.010193089226421925,-0.00953348146491706,-0.007377561587721182
2024-01-17,-0.005574069059249176,-0.005656578903261433,-0.007151897689282372,-0.009529131082111064,-0.01501405139092249,-0.0015834358479933641,-0.0021060903967553557,-0.011077075533253655,-0.01845005141897893
2024-01-18,0.008853297807151606,0.014094220803178459,0.00589345091112925,0.008851449977603565,0.008193600215788521,-0.009338620200606051,-0.0019267992900742215,0.008199176794244423,-0.005435952617515838
2024-01-19,0.012389219526640183,0.01963691559338976,0.009555424031734816,0.0023020205022534768,0.010473937101243003,0.0031933740900109697,0.0010095509516574452,0.0029842685447007966,0.011897199479944831
2024-01-22,0.0021121136135766605,0.0013050371700735752,0.021133536417964116,0.003106277798791801,-0.008895909813008362,0.005933949835167596,0.0027488313901402606,-0.0037851116316351963,0.005954253114942354
2024-01-23,0.0029122397970526848,0.004140917213959483,-0.0029042586798651016,-0.0028358855318630916,0.008635493499503433,-0.00795532980025282,-0.0036666849121322898,0.003891551309362029,-0.006891399627259709
2024-01-24,0.0010924555848852435,0.005534049321339829,-0.008249509931362198,0.007544229314991213,0.011141462629750354,-0.005874579246814449,-0.001930341827417692,-0.008281084265806093,-0.014402461385129683
2024-01-25,0.0054242345482338195,0.001220288911002676,0.008249509931362198,0.0028142690437356066,0.0012875114992336734,0.0065133033934206,0.006603106876359455,0.0039621270789886864,0.01276031406993372
2024-01-26,-0.001271325845207727,-0.005975246980349347,5.092898683756175e-05,0.004407002873522359,0.0007716085679709828,-0.0019174888336852547,-0.0028376631885329573,-0.0006949345993065847,-0.0028214553135255116
2024-01-29,0.007888316672834073,0.010188267822921482,0.017350409259740296,0.005845515452612027,0.0005141440369804684,0.011450436713134948,0.004116609536356286,0.0070336909422517024,0.006571022332247267
2024-01-30,-0.0007737233277858024,-0.006678723054032609,-0.008561650793772912,-0.0013254091663172929,-0.007999091858877705,0.009025192146378203,0.0031900714002075503,0.00137957417666712,-0.0094007584994662
2024-01-31,-0.0164520556773331,-0.019780618341433964,-0.024733014954355426,-0.0050532552074580295,-0.005455218561552844,0.00977250591048584,0.002544562853476151,-0.0007426235867571407,-0.009609098373121405
2024-02-01,0.013003203567516941,0.011706748930082611,0.013185064887291986,0.009816988268483762,0.009591874993879923,0.01942604785396007,0.0077040626612090435,0.010346957700094528,0.01795689899920294
2024-02-02,0.010472320585948935,0.016759293010857768,-0.00528403432477198,-0.007952319464877178,-0.002842144663175894,-0.022336596751587834,-0.009171499866052812,-0.009498266920116016,-0.012488536466984002
2024-02-05,-0.003647702724975055,-0.0013061926757220732,-0.012786541102514981,-0.005336750366081944,0.0012929420751883747,-0.020400184866182336,-0.009625013825728779,-0.005529246178959113,-0.021207261334859062
2024-02-06,0.0028991543696079702,-0.002009326032474945,0.008972999863607889,0.006134878155799051,0.02248436103428597,0.009726340219496699,0.005602970777100147,0.0052110917695982195,0.013351982227417736
2024-02-07,0.008305882028786904,0.010237627087068546,-0.002326329113232717,-0.0005321245398253183,0.001262479717114573,-0.004851164718488121,-0.002934879883011554,-0.00026523300170389064,-0.0014349498267458571
2024-02-08,0.00044154772428051103,0.0018501849436214357,0.0150502553404257,-0.001730894039175368,-0.005566872068710982,-0.00583178666117945,-0.005157747953930425,-0.0009022539588237066,0.008103991244559516
2024-02-09,0.005762693886311787,0.009795084896506268,0.016132117297402715,0.003458907201706829,0.004304392351596409,-0.002022320791869703,-0.0012936241613310528,-0.0038836838223863523,0.0015418248123930667
2024-02-12,-0.0004390099804387759,-0.003920296145208724,0.017997083621951404,0.0017249225313031857,0.007801602301221511,0.0011713014011505152,9.245724383877274e-05,-0.0026153866387215174,0.00023705424948072817
2024-02-13,-0.013868694587680253,-0.015720001410349127,-0.042011314247808684,-0.015497925546753777,-0.018980693570544993,-0.01728326824334303,-0.011061990793509224,-0.013884637194948368,-0.020831575120654477
2024-02-14,0.009046417983873845,0.010838380595806107,0.02296032835076911,0.011113393162804464,0.01420626790505164,0.005076632050792007,0.004662700137042286,-0.0005962900909111113,0.007832615440261925
2024-02-15,0.006876039515742782,0.0029732433054290297,0.026316472863784135,0.011254622012448756,0.004774425665493354,0.0051576116161662355,0.0036220069233934282,0.006701308514328375,0.023019508471564976
2024-02-16,-0.004992161827035879,-0.009109062411022606,-0.013691234103402117,0.001578825425484709,0.004751839122020485,-0.005804865170065732,-0.0036220069233934282,0.0036558786728404513,-0.010376051615506476
2024-02-20,-0.0055207608258998064,-0.007576726768663278,-0.013881526186836801,0.004066807151152929,0.0014959017375200112,0.0008622995972613623,0.003344076349106828,0.006045896751115443,-0.0017794123302685705
2024-02-21,0.0009053748279903573,-0.0040097398075173984,-0.004737611550657661,0.000785280112745923,0.0017423951541220006,-0.007134366504637946,-0.0025072472797429413,5.331114505757739e-05,0.0055651078226190975
2024-02-22,0.02048435729133935,0.028855285936318253,0.007549314394521112,0.011187903191919979,0.010144838197228445,0.004869656335902306,0.001579458362985342,0.0004266309391010026,0.0018871402464686327
2024-02-23,0.0006893939730465704,-0.0029490454127820698,0.002253859095030286,0.001292787919643601,-0.0004924945184030527,0.013297866760521693,0.0029655030785695757,0.005635602023986053,-0.0004713521855448377
2024-02-26,-0.0036692125739348214,-0.0005267371637884821,0.0062836949744724535,-0.0014221693917759737,-0.004443399618374144,-0.0029871045358875747,-0.0031512437554486183,-0.002229172292928183,-0.01102632551715299
2024-02-27,0.0018560286103221912,0.002402378101184155,0.014069095965520084,0.0027132881684295285,0.001977282180236184,-0.007076898828194622,-0.0013937176861062994,-0.0010632481058259202,0.0011917675320969323
2024-02-28,-0.0013226261864671685,-0.005338827289028458,-0.008269303466733824,-0.005823261117991585,-0.013172835071359579,0.006328339060068799,-9.241528631864782e-05,0.0018068578078276332,0.010070311392444964
2024-02-29,0.003588546390562719,0.0085329761517281,0.006944740631246837,0.002592279600376557,0.000500355765895133,0.0070328643563470905,0.0009291814427703216,0.005137049487700551,0.008451889628630305
2024-03-01,0.009344524009354593,0.014944662621807936,0.010546631790283811,0.009661900607288665,0.012178525168803578,0.006211869495799327,0.006068965537293636,0.018734204946424526,0.01185227463531735
2024-03-04,-0.0010729948253143107,-0.003574482707925597,-0.0009233864879343301,-0.0025673218377137985,-0.0022258179804057754,-0.004030808057144064,-0.0018549423990394942,0.016045575240363874,0.009313004668601188
2024-03-05,-0.010044494036917762,-0.018112788924254275,-0.009623245302349481,-0.001801310928960298,-0.00895314789209456,0.014141139849638051,0.0054622290937604845,0.006002093012313026,-0.012204867793140117
2024-03-06,0.005054426853978278,0.00626414013543819,0.007433269180488367,0.011777103678931589,0.014385216011578716,0.005851391041182374,0.0026740137239391615,0.008181839163568405,0.004968981834516661
2024-03-07,0.00987748937598365,0.015063966460644451,0.00829688137990825,0.011765593216446213,0.0061375069057336695,-0.0009382273577065448,0.002482911830949952,0.005667751261581699,-0.00023072878176400025
2024-03-08,-0.006020323643125103,-0.01453984713011458,-0.0006283476612418681,-0.0032753555192428507,-0.0009796387560956354,-0.0017743561308947164,0.0013770756615771873,0.008417025116951748,0.011464340206353008
2024-03-11,-0.0008601506557903704,-0.0037197993048900813,-0.007960801312865584,-0.005694409132708245,0.0022023968802087346,-0.0005220512613082207,0.00018316933829432003,0.0018333385345243869,-0.004798960908730443
2024-03-12,0.01069986175366111,0.014233165196570141,-0.0013655829659349195,0.007963040957454481,0.010939613968137696,-0.008396457987474903,-0.0032149129374525742,-0.011000916093968804,-0.0021785886828356027
2024-03-13,-0.0015687488826614526,-0.007715761417223632,0.0038965759202023165,0.0001260001130356514,-0.0031480181425438403,-0.0048602759005156315,-0.0010124699234239642,0.006982966028737714,-0.005063312241373019
2024-03-14,-0.001978678590086602,-0.002524449769076398,-0.018051182094791507,-0.007327973377758923,-0.005106249950832087,-0.015475913810169217,-0.007395346975648032,-0.004183879789555256,-0.015111465066386387
2024-03-15,-0.006890305709755573,-0.011957946277624032,0.001879111009904122,0.00038026427828086184,-0.0061132971232233935,-0.0003228631074767563,0.000278258342208737,-0.003199519647615112,-0.002227594739387939
2024-03-18,0.005925594085373298,0.009492133405196945,-0.005747455106732247,-0.0002534584630566883,0.0017153952516539839,-0.003017387091887258,-0.0016708713143467335,0.0016010012977574206,0.00046954595867987337
2024-03-19,0.005541659792312359,0.002488490233512941,0.004214724708795359,0.0017734903307751182,-0.0049091409919714835,0.00280205661248889,0.002876159054083338,-0.0011504677080447223,-0.0003523361094055488
2024-03-20,0.009206890036755233,0.0117868652521258,0.01959890835409528,0.01057539462487167,0.011255235516586026,-0.0003227625206996265,0.0018511652711517002,0.011841472011166587,0.006551330944899902
2024-03-21,0.003299159545223418,0.0047211193938023754,0.011423977905085536,-0.0005009881683983863,0.0012159156982329833,0.0021507281923875965,0.001478531934342442,-0.0010391759354035912,0.007203418764806457
2024-03-22,-0.0018973864753943914,0.0011431778761759048,-0.01389803379714838,-0.002132342101565321,-0.007072212350152984,0.009515165910991108,0.0034105786869220722,-0.008053310017860582,-0.012666183402647135
2024-03-25,-0.002766887353478076,-0.0036358752220317925,0.0022891009783947425,-0.0021367945298127466,0.0007337556077149365,-0.005013519111714437,-0.0034105786869220722,0.003189315361775691,-0.006168007365842776
2024-03-26,-0.0018487327721485869,-0.003242877426492541,-0.001801685844575296,0.0011317149665464044,-0.0007337556077149365,0.002776439728084057,-0.0002772357094507072,0.0032287432792985626,-0.00405315926216776
2024-03-27,0.008368846177110534,0.0034002288564449756,0.021552875612480094,0.0060150699261320995,0.0017115216339202988,0.009869101195927321,0.006903552920241474,0.007214572450621404,0.02547608720093475
2024-03-28,-0.00019111126090898267,-0.0018451232859222344,0.0031430693975682544,-0.0022513226782496787,0.003658131503533113,-0.000844952072336369,-0.0009179180947231913,0.012817528202409889,0.007078738060131151
2024-04-01,-0.0017412622981112236,0.0021149795857828835,-0.00945945256202485,-0.0042666661028682995,0.0017025592126995726,-0.018817191395621435,-0.009621325473914588,0.01015632882706452,-0.01690931523887418
2024-04-02,-0.00637845871847631,-0.008667806378899634,-0.018556253938005973,-0.00706713178239049,0.0031542257458760936,-0.00552549139408498,-0.0014900400898145705,0.014664311961913867,-0.012663534258185116
2024-04-03,0.0010978143016187047,0.0022419148819512458,0.006531427033579895,0.005557064398826306,0.000726390185438408,-0.00021754750793334665,0.000652304372237289,0.008734121015036678,0.0010711834981611545
2024-04-04,-0.012281080759963814,-0.015408705196813699,-0.010058653767511139,-0.008601266554725484,-0.0036376296433093813,0.007146885958182025,0.0011168514487875925,-0.005751211782366816,-0.006445278593710135
2024-04-05,0.010392704119589702,0.011714846663927858,0.003331472199064045,0.0031708473908951262,0.002184126291046695,-0.014016650018525922,-0.00438184193156399,0.016969399304689325,0.0051359315093968405
2024-04-08,0.0005592133788878684,0.00029524020907878423,0.005463261889216753,0.004926382348147129,0.006524192001073459,-0.00010944881043251087,-9.338548992587903e-05,0.006209168519561992,0.010664842088893955
2024-04-09,0.0011560284483795868,0.0036926304432896018,0.003932387394421255,-0.00012591849709764347,0.006720975749367586,0.009258809053982908,0.005125983789517008,0.005482001328254604,0.01323123854066921
2024-04-10,-0.01006369473917701,-0.008766938010729142,-0.026762394740263318,-0.013320934315133925,-0.01373013872993889,-0.022034417866525935,-0.014325301207958496,-0.009508923035404848,-0.042291437098366025
2024-04-11,0.007518690049388432,0.01584222124473378,0.006745585371193741,0.0026784415638871906,0.006045297771881231,-0.004554859819593027,-0.0020766820134108244,0.019246832874495468,0.0033917494304027684
2024-04-12,-0.013899243508858738,-0.016070390059923056,-0.017956558893756025,-0.01630857963597432,-0.02316898060620831,0.005330593717315146,0.0022654107231891984,-0.013327746093359849,-0.01192235785206286
2024-04-15,-0.012607171155346819,-0.01658770781886343,-0.014754129162123597,-0.00298201316241542,-0.006435631261804797,-0.015627416187533605,-0.011092988351043331,0.0185461080043563,-0.017157642312861654
2024-04-16,-0.0018255595049589957,9.278602292273064e-05,-0.0036843579629683987,-0.009917863086906564,-0.013248571056442504,-0.006659236919048794,-0.003342303453306883,0.0012212692273934067,-0.014168489615165036
2024-04-17,-0.005935790322818768,-0.012276380663791997,-0.010616988527434756,0.0006554496628412565,-0.0007551996245358517,0.011037382235401516,0.00543762219078836,-0.007395532411290873,-0.007351166526010644
2024-04-18,-0.0020597883543667095,-0.005722727167152719,-0.0008293281109832407,-0.0027562372278806535,0.004021156885309463,-0.005053403368490805,-0.001999874783344069,0.00340963671078498,0.0001271099498003636
2024-04-19,-0.008766750341024476,-0.020906277444372456,0.0015542336490170783,0.00039432235073721955,-0.004021156885309463,0.0035962453523987747,0.0010483106808898413,0.003126642096903609,0.004821620616247024
2024-04-22,0.009166950974915267,0.010006529716229728,0.011121711204335583,0.011624328301208742,0.010770306524442663,-0.0016839276116789037,0.0024726867578008793,-0.025012716627156983,0.008821953852907072
2024-04-23,0.011796885816957037,0.014812565376177922,0.016604881385775094,0.010848452629264926,0.00818769801946484,0.0003369934224934923,0.0017083908926514013,-0.002461690648096315,0.009117497608108316
2024-04-24,-0.0004748252884452242,0.0033820175275023345,-0.00449216463783042,-0.0019287453991179149,0.0034532193777621067,-0.007101491467971677,-0.0038958291506689946,-0.0018618228395403946,0.001863440611090006
2024-04-25,-0.0038062415247583914,-0.004841563529897286,-0.006088966161152953,-0.004643795464453149,0.0022137733021305728,-0.0070384298208283624,-0.0029553973531228905,0.0059457569557404,-0.005725174014489021
2024-04-26,0.009429420647063758,0.01531389081503054,0.009522896371630729,0.007984487405075846,0.011481761834797766,0.005226859963778807,0.0038119495314488105,0.0032366836371746643,0.0004990766561672189
2024-04-29,0.0035352488096522805,0.004052046572701862,0.008033797984143831,0.0038407381807852303,0.00966901522019148,0.008351183880304092,0.004176477511596666,-0.002033283758808402,0.01017764216139927
2024-04-30,-0.015968140055201197,-0.019036277133068324,-0.02051297311863287,-0.01273067165109154,-0.014050662994086416,-0.008578197035611801,-0.005509056192292583,-0.02013850411793694,-0.01706247807323269
2024-05-01,-0.003252360362180795,-0.007256792275558865,0.002090853522719982,-0.002202620437533831,0.0009752837878469478,0.007344194352253197,0.0041511343954185875,0.009021337418355202,0.0003767022624545646
2024-05-02,0.009309908065073813,0.012682689128736158,0.01822208670077341,0.013398787703613024,0.025506741941275113,0.004281762170789349,0.006170754673235912,-0.003091862325121042,0.01396537302616796
2024-05-03,0.012319125384558482,0.01989900552607793,0.009855112688667234,0.009932602105947375,0.00898785214868214,0.010068300252083162,0.006979154634548124,-0.0007979449099417835,0.006664430265866272
2024-05-06,0.010273796868370155,0.0108938977980646,0.012844402273007205,0.006819124519619635,0.0009413129004456344,0.003888470060244842,0.0028155755791949844,0.010463427933373737,0.0008604239212228748
2024-05-07,0.0011030005008398902,0.0001590333860166382,0.002246869480402758,0.002639287711600602,-0.0056616901312156465,0.006079562155249185,0.0004684531506500278,-0.004610940499420124,0.009418353553108716
2024-05-08,9.641292002626756e-05,-0.0005906625394249687,-0.005822527553425161,-0.0011303596198004584,0.00023654880822210345,-0.006079562155249185,-0.002532385365176637,-0.0029453952906237646,-0.00843577142492169
2024-05-09,0.005745421967741748,0.0021791166654363536,0.010155192442878658,0.0076361163957798794,0.003069958574256848,0.004866658887620723,0.0015951800714617548,0.015655419861163367,0.020295985029529895
2024-05-10,0.001287518308294544,0.002355427457056969,-0.007557827501758041,0.001868808069041883,0.002119913927008721,-0.005643256601314484,-0.0031930681990459675,0.008079783894319625,-0.0027707174912299237
2024-05-13,0.00013408906181755498,0.002304791785219251,0.0021023589247777252,0.0,0.007501282884270655,0.002548829603521874,0.00037632997291581205,-0.011265319955387376,0.0032519860928514888
2024-05-14,0.00457772267570089,0.006411446708820989,0.010301329234056134,0.007440604700303055,0.005356907991336701,0.005628838687333548,0.00291063332868724,0.008426442720749883,0.007666576262238323
2024-05-15,0.012306973705486612,0.015509505953701819,0.012395230407541646,0.010569064699170738,0.010628487676931808,0.013554994684429111,0.0088673165994555,0.012757032448187822,0.01374736111810293
2024-05-16,-0.0020597686683334615,-0.0020333278090900464,-0.007235868746120033,-0.005393478881877023,0.002066374606398469,-0.0009775732403287662,-0.0015808590712698134,-0.0039009421414322176,-0.0007062463546692044
2024-05-17,0.0014365153931201746,-0.0004869462748553488,0.0007211706008334318,0.0034355687024820725,0.004348374474611116,-0.006761297462104743,-0.002329783817167197,0.016363162829441613,-0.00011790349921447785
2024-05-20,0.0011516404615488085,0.0069484065527971595,0.002208136845956332,0.0007346022877783298,-0.0036604385584584342,-0.0029585240327119067,-0.0004667669752249637,0.004015863208073789,-0.00590734045083785
2024-05-21,0.0024495079726367663,0.0019545165969949707,-0.0009596796539490526,-0.00159243929881292,-0.006207692556583488,0.005144643085185585,0.0016789950961522138,-0.0014706294501545258,-0.0003554952926902999
2024-05-22,-0.0028836045389626364,-0.00019741481535273664,-0.008483370991614336,-0.009484585000985035,-0.003233945760486634,0.0012005661792722222,-0.0014919142829423748,-0.018544867564565415,-0.00904982294617529
2024-05-23,-0.007330781009612153,-0.004508505309260613,-0.016546354013123654,-0.0050872451322785395,-0.007431506364386831,-0.0064551549137199515,-0.0043958315959011784,-0.020146148039186684,-0.021766315481198006
2024-05-24,0.006594603538262689,0.009411920601804624,0.011012655731196475,0.00817649036862722,0.0027932324133699282,0.002959218271512576,0.0027144859970462676,0.000926684101738573,0.0007333068381418784
2024-05-28,0.0006985808936530447,0.0037706362596789944,-0.0013639020520415102,-0.000370128272621173,-0.0013956877373457743,-0.0144392749681721,-0.006000364413820236,0.01045829379441443,-0.006618586043000363
2024-05-29,-0.007027395492331223,-0.007073492308419915,-0.014879071702265989,-0.015924836750804694,-0.015009720507633606,-0.012175761384739303,-0.005374643321297334,-0.009347362870368414,-0.00976223073475424
2024-05-30,-0.006655668600687115,-0.01077108879398292,0.009453959775296283,0.00836745025740182,-0.002839500134078854,0.009618623143970773,0.006126551350135401,0.0018949634848048902,0.014546540435046218
2024-05-31,0.009066817559088669,-0.0018620447451436206,0.008393987483243492,0.009530264686031131,-0.009763147455001064,0.006766894016444702,0.004406801562626406,-0.005881436093592818,0.018551598558868676
2024-06-03,0.0008150262071220382,0.005355077771946881,-0.005653232625202342,0.002829153492914571,0.010473802533891963,0.016045146381768127,0.006878732776823604,0.008878251926791592,-0.0022851124811218426
2024-06-04,0.0011173031300009129,0.0027327290409253635,-0.01298656801307807,-0.0012291719005776969,-0.01406967164063655,0.011613449021323774,0.003909507933020251,-0.009017596418210871,0.007676692121152406
2024-06-05,0.011815126311597979,0.01995924035367569,0.015183256811504009,0.006985723217034945,0.01596219147492306,0.007311371239469011,0.003338862320725333,0.011775993219295344,-0.0011957299521716536
2024-06-06,-1.856917894738075e-05,-0.00034522127793579216,-0.007194301027247718,0.00341409027808659,0.004951138963933843,-0.0015010991461075207,-0.000648159575166396,0.007364174396756518,0.0019124822350518045
2024-06-07,-0.0012165621153554795,-0.0008852572840547523,-0.01180881257740296,-0.010891803744065065,-0.011353027349966016,-0.01851615688953956,-0.009028188122473857,-0.03633551284065817,-0.009477633197621849
2024-06-10,0.003084913878819151,0.004031091910498219,0.003423578357953261,-0.0007385924342067085,0.005929165409760628,-0.006688799373442578,-0.0020586919912615187,0.009126408480625514,0.003369301274711134
2024-06-11,0.002405441180211909,0.0068392236807035545,-0.0034231887457165655,-0.01142837125427043,-0.003338991257984869,0.010289290154558373,0.004300086862890851,0.0028525382508943764,-0.0036105369773782314
2024-06-12,0.008179248926568405,0.01301271923463343,0.015234319128297535,0.011716515731721167,0.009983523272239836,0.007485551525764578,0.00613774377807097,0.002658183908153866,0.008882508344815854
2024-06-13,0.002011610454341728,0.0054056222425007405,-0.008775814168656915,-0.014381494398125305,-0.0023679415698767414,0.014592495157188523,0.004717413177495189,-0.008183543017197259,0.00405490755340665
2024-06-14,0.0006083213050418479,0.005167936427616482,-0.016023576594845323,-0.011116153378706528,0.001184624396915357,0.00837977320256833,0.000830055885301384,0.012876289526632334,-0.00023799349474451503
2024-06-17,0.00792752000444974,0.01217542828161644,0.008368246392543632,0.0039750768121988855,0.006373210366520166,-0.009978900519539202,-0.004713020723693617,-0.005205175700450759,-0.00393623781383301
2024-06-18,0.0025374897092111937,0.0003091624479099053,0.0017449372341955538,0.003959441835307054,0.009134741206275443,0.009133557108119916,0.0046208781934540255,0.003999264104051825,0.00393623781383301
2024-06-20,-0.0027204707815187135,-0.007737930177029284,-0.004243076607739482,0.0006371372855449309,-0.001633505843626093,-0.006682695866597754,-0.003325140876389021,0.012407060942233983,-0.002861343722591947
2024-06-21,-0.0013415048728280254,-0.0026827857073934425,0.0022486919194255606,-0.007031041517901571,-0.0035092605124833476,0.0,0.00027763485885579087,-0.015614512577114326,0.0025040983662565353
2024-06-24,-0.0032559396840907695,-0.01145003060004779,0.004332946550892558,0.007922352281780398,0.0,0.0040361929675150066,0.001016737634981446,0.003949755820411127,0.0077110977143517445
2024-06-25,0.003843457517563209,0.011370717141931053,-0.003285404499313138,0.0024152751054113963,-0.0023462735450077155,0.0016948034816879343,-0.00036932658534194474,-0.004974590412272661,-0.012366440050772809
2024-06-26,0.001247373534296159,0.002063061211012851,-0.002646121828200343,-0.007391400911785695,-0.0021164667032826934,-0.01438905218684372,-0.005468628350942417,-0.009271011435783016,-0.0031155787534915547
2024-06-27,0.0015751164960642328,0.002577978006579329,0.010097385537163106,0.0007672593805052585,0.0007059241062035149,0.0039643812277754265,0.0019499569626812985,0.011273144249924094,0.009674558455882831
2024-06-28,-0.003942625529955279,-0.005204455149330656,0.0040993377701097344,0.0011497344727455783,0.0018802191600655327,-0.018781035682549962,-0.006420667397212476,9.297215668002679e-05,0.007947035031564909
2024-07-01,0.0020558402032690992,0.005848008538592353,-0.008414310212809362,0.0017855875332566384,0.002345173104927767,-0.017409427889741202,-0.005957121411689137,0.0026012036358746826,-0.009476560276831414
2024-07-02,0.006707175712021396,0.010444975340623941,0.0034236817423636268,0.0024184527463111394,0.003040684389576942,0.0077551951823497944,0.006387789745557093,-4.643502198131699e-05,0.004689516166139995
2024-07-03,0.004452607596893365,0.008302451015103962,-0.0002476959756023689,0.011376538374871181,0.014605545175939483,0.013048057237772248,0.007370605786433337,0.01120993363706102,-0.0009602241807398215
2024-07-05,0.005749930023470462,0.010372805953188902,-0.004767808175318855,0.006639563992295372,0.004134076567997358,0.008244626003614641,0.005191690050857289,0.013396660734694699,0.0027579536618693723
2024-07-08,0.0011533612036274121,0.002375569126214394,0.0069950209137052966,-0.005006727550405543,0.00022925191357581198,0.002158459382827438,-9.247972967951767e-05,-0.012479622087256281,0.0032281056523899565
2024-07-09,0.0009719704948416563,0.0008641018549004897,-0.004359950130562673,-0.004023693718198551,0.004116114522543235,-0.0044297990476298565,-0.0018512370375880494,0.0016943111880909356,-0.00023879102282808873
2024-07-10,0.00984664868223728,0.010372528072307041,0.009733957155151352,0.014012509591324829,0.00568897473283414,0.0031351920699398406,0.0024060649115202892,0.0036536533844149233,0.00737476910887036
2024-07-11,-0.008660166375954681,-0.022174219044410748,0.035313412311175796,0.0028533854949968074,0.005882386378409876,0.009668227755954106,0.005346777515565115,0.017578001160185153,0.028276198313402112
2024-07-12,0.006287834979776363,0.005857712458323228,0.011608774778263609,0.010597819179194445,0.004052176549725228,0.004267276516032759,0.0036706154389785084,-0.0006272936376374716,0.007574937048785202
2024-07-15,0.002746519390850466,0.0026841698918902424,0.018823400963810855,-0.008865054325720045,-0.01061558066667212,-0.011563637916575331,-0.005511181754747518,0.0032219172131213725,0.006723441829395327
2024-07-16,0.005912491189270952,0.00038291862757411366,0.03354848121164267,0.004811694975117575,0.005660726258724047,0.014008671915817672,0.0057858758377031805,0.019729877820048536,0.012191153238680918
2024-07-17,-0.014120237487666998,-0.029794496723165587,-0.010518168129571848,-0.005306392437454122,-0.016390116027794832,0.0002124958139777533,0.00045770717997140054,-0.004654019570797807,0.006820443657667319
2024-07-18,-0.007714623555687972,-0.004743677005658142,-0.019537244962976708,-0.00994782705781816,-0.009454790183229811,-0.007673596775418012,-0.0043113130734315774,-0.006401633154546893,-0.008842179010920326
2024-07-19,-0.006662844829532055,-0.008903187191881656,-0.00510581726735726,-0.006142315952232025,-0.009778875561588407,-0.005901681692902727,-0.003683644846359968,-0.01810066223064588,-0.001800329910611076
2024-07-22,0.010257227792767942,0.014787941968337215,0.015785114223103136,0.010506728864350556,0.008387813814930034,-0.002909883075067121,-0.0005540877659031551,0.00031568247916791137,0.010308278508709634
2024-07-23,-0.0015695675350873017,-0.0035308276358581026,0.010566383373146415,-0.005614967397466586,-0.008855841627390504,-0.0014039764608249072,-0.0007388471664340202,0.0035105070964620566,-0.0007807342189476429
2024-07-24,-0.0229235644987158,-0.03652946476888008,-0.021704594266475752,-0.012718005011119082,-0.01461953935933824,-0.010867736054721355,-0.006115939560451977,-0.0035105070964620566,-0.014835185063073908
2024-07-25,-0.00522367383682365,-0.011089011582318342,0.012408506804741037,-0.006356511897355865,-0.004046037461383989,0.00816171827019474,0.0039890974331333595,-0.015768400613655587,-0.00328875020098085
2024-07-26,0.011137076228023624,0.010203846697278252,0.016412521766306476,0.01267287363186309,0.010202929647791237,0.0077728278024178366,0.00553944341234569,0.010479424389843395,0.01734286673698726
2024-07-29,0.0005878233334080107,0.0020067568902275568,-0.011167242137039679,-0.004417291440089954,-0.003310473043426576,0.005362549199156241,0.0021153374202986797,-0.0014060442276129237,0.0051224000291467675
2024-07-30,-0.005079713540987463,-0.013826700386469604,0.0037811749070186806,0.002274031354676964,-0.004510413341825004,0.003843338595459045,0.0008268934795543359,0.009935936183544491,0.007745295663883489
2024-07-31,0.016124072482148755,0.02916431398368502,0.005779156002063246,0.014035338867624425,0.02165295240471643,0.01017718016179181,0.005766808268963253,0.017948680176280263,-0.0035333504943961813
2024-08-01,-0.01426211997500726,-0.02451958119291664,-0.03306077774876304,-0.026863290645357196,-0.017616332648370037,0.008587831141442237,0.003310191503136828,-0.00344888370988361,0.010014984752704237
2024-08-02,-0.018793735982685966,-0.024021174100568032,-0.03600861623566409,-0.015847785842431072,-0.014320071517828659,0.03068592535459569,0.009722055777277028,-0.001906444389298656,-0.00054768148344575
2024-08-05,-0.029556419779418697,-0.030269728343530033,-0.03269412447273812,-0.022059749883579727,-0.028775422565226805,0.005277151075732789,-0.002534964263581685,-0.012773165762624217,-0.029013305838584635
2024-08-06,0.009177380164699045,0.009509790772484372,0.010821571413945463,0.0017244589031832902,0.00567408668692071,-0.022622665175136447,-0.0065479443082585576,-0.008032891286850585,0.01954600256932615
2024-08-07,-0.006706406126958164,-0.010888968082101158,-0.011910073543813127,0.004760070218341461,0.006131259120406352,-0.007064770643724572,-0.004572656822906751,-0.0006798590470786792,-0.006881203877949993
2024-08-08,0.02285424293260352,0.030132434954110998,0.02401834238793832,0.016613734415398262,0.022483658846407018,-0.006170612177859525,0.00045833059262712084,0.015566228805778515,0.009752825522421738
2024-08-09,0.004399735955265882,0.005208854935220941,-0.0020802948054656767,0.0038842442672608612,0.005483444061610054,0.009813152302379002,0.005117428364490806,0.0024522519879104365,0.004621577081138639
2024-08-12,0.0005253966295510892,0.002151203852299055,-0.009049852041916218,-0.0009049189830356852,0.0033230453677113303,0.0036295796495595667,0.0020941356500081554,0.016999354511923137,-0.007382669154103461
2024-08-13,0.016311811384714936,0.024509980429993306,0.016336837298426055,0.017057252188029004,0.011075791441349292,0.006910858596807401,0.006979404801738198,-0.0015335341694875382,0.008699051428430415
2024-08-14,0.0031497905925172986,0.0003242698117196241,-0.006222090135453939,0.003680962688516587,-0.0054048423321853,0.006251129538052069,0.004416326759076661,-0.008189191333500823,0.002627937401064706
2024-08-15,0.016995098460217406,0.024949250352489294,0.025603104855759007,0.012089248062712166,0.011013781779690923,-0.008102934471704515,-0.0030624670333061488,0.003133929041611694,-0.000765693546317614
2024-08-16,0.0022396149777161867,0.0012848877487847687,0.0026377099798846615,0.005492389727881353,0.011584805879730542,0.003495503947528178,0.0029726279672699363,0.022140811735287258,-0.0005473217639719863
2024-08-19,0.009515685735083323,0.013050470643848122,0.01215525781248683,0.012125802618752068,0.009628670259440586,0.004607430524176337,0.0023354525022147854,-0.0016393656726290118,0.008286973639016537
2024-08-20,-0.0016272805971482285,-0.0021008067465428937,-0.011732131400524537,-0.0030793488982601147,-0.00778739710865084,0.007936690968729287,0.0025986246494014154,0.003663270802502616,-0.001195318936186851
2024-08-21,0.0034305815528554717,0.0046532628493825,0.01293965007996345,0.009209844154265845,0.0039012789793870795,0.0006077963464070635,0.002234773572864057,-0.001334507922706507,0.0053133280338304445
2024-08-22,-0.007879413058784479,-0.015981855433610193,-0.008857509482664838,-0.005884456451973996,-0.012445431181564715,-0.009975779094858694,-0.0041159107370871695,-0.012047289256478244,0.0029153254153770902
2024-08-23,0.010569367869091906,0.01078702490859218,0.031435661138855764,0.018154586643446713,0.016559664156710063,0.006526025604370211,0.005722114927926292,0.011487194343258622,0.021758774683959814
2024-08-26,-0.002386667661242292,-0.009755696256793733,0.0003174891430628435,-0.0044775691602048084,-0.008475466567840595,-0.0025440798036413526,-0.0012487892390913302,0.0031842629268954425,-0.00042201966831445503
2024-08-27,0.0013719646378840267,0.0029829053211685164,-0.007787064974536406,0.004598402307851579,0.0013793213897850265,-0.0017337162122528227,-0.0008035959741361509,0.0027030152296241283,0.00147637706724435
2024-08-28,-0.005822016886106063,-0.01141229953006917,-0.006789137236470566,-0.003507342615256981,-0.006222122460630697,-0.00122599871402862,-0.0020570562880495302,-0.007051666972007986,-0.003907192871557719
2024-08-29,8.963513290360936e-05,-0.0014649356183964457,0.007109006387275407,0.003748768700072347,0.0004622792367920958,-0.003275526390713601,-0.0017021715238598745,0.005164620716357149,-0.0030731941314545708
2024-08-30,0.009500496942321135,0.011848850352128792,0.0057873886356150095,0.001567752360357666,0.002077293801031832,-0.01072058217532934,-0.0027835457539024944,-0.0071515197828322385,0.009612032910510493
2024-09-03,-0.020793376286215803,-0.030831259144444623,-0.031057086937440914,-0.015912867605389458,-0.020028651973782896,0.016223212773994078,0.0030186583965958746,-0.004332950273532532,-0.0005258273755046616
2024-09-04,-0.002049246440482655,-0.00260202035284518,-0.0016887776601786086,-0.0044177694349087915,-0.00023515870807910844,0.012807562419863139,0.006189185294289246,0.0006077417877383695,0.002835757037699338
2024-09-05,-0.002435043826123362,0.0009332427669130894,-0.0049893758829622215,0.00024603880403173406,0.0014107802742269193,0.0056400740846838104,0.004905993507457573,0.008297784905919592,-0.0032565314897103903
2024-09-06,-0.01697352590139012,-0.02715252747032615,-0.019198713992957472,-0.018991400371203504,-0.018497236633389313,-0.00010038637049269994,-0.0004448710073816642,-0.007430165851405768,-0.0009474120343657688
2024-09-09,0.011134253598961585,0.012777668509509787,0.002785934441628335,0.009975115454868622,0.008342592199289012,0.00430937241453222,0.002223194442868781,0.004197056104325192,0.011101803641494712
2024-09-10,0.004346154257819812,0.00919927646744867,-0.0008157218316613424,-0.004975170639827553,-0.0038051552009195078,0.006976453185924214,0.002749704423316679,0.004394427867848272,0.014374008424215212
2024-09-11,0.010206607525774736,0.021483006301368235,0.0029240008239428406,0.005967221200333661,0.007359126167234109,-0.0007948476419237238,0.000442590755244332,-0.0015918222264339477,-0.0019527141918747049
2024-09-12,0.008388086823122087,0.009768163555931686,0.012793555668395129,0.008147181044988905,0.008244056592306315,-0.004682334671787913,-0.000708387236525887,0.017414763446119252,0.004208869501098
2024-09-13,0.005208942506743419,0.004469928841612791,0.024368599910267186,0.002333119657380145,0.00468065997139,0.0026924885912098517,0.003096325908257036,0.009894570827460036,0.01039445485568713
2024-09-16,0.0014758273078907536,-0.004427767640175162,0.0035908244857312255,0.008062682496685625,0.0032633077141994704,0.009120832605208129,0.004407009498925696,-8.375168155527746e-05,0.003339920516610917
2024-09-17,0.0004085522775651995,0.0005282653511899937,0.008237723143141196,-0.005612633635717401,0.0011629507227595148,-0.00484761383774579,8.782197111578682e-05,-0.005546263478781732,-0.006996291024035983
2024-09-18,-0.002970032284597579,-0.00433893735026647,0.00018225713325659143,-0.003186235584932362,-0.003492917412576624,-0.012473305395474199,-0.0041413752035506235,-0.00774034473177565,-0.0012217112070267433
2024-09-19,0.016920396016456785,0.024969826637222248,0.02038770637103937,0.019569087019608133,0.02100477939907064,-0.0033190941120171402,0.0008824683152370838,0.01542123641948745,0.00020384798142991656
2024-09-20,-0.0017302226733599824,-0.0019051132202339005,-0.010773471421997804,-0.009919005274459103,-0.0020578199026068944,-0.0038355127664786437,0.0008819110552797937,0.012630557682531851,-0.003980403773202745
2024-09-23,0.0024958391421892046,0.002647133010372116,-0.0036624294119409484,0.0037615051494857,0.007751977863034387,-0.0021261559923990703,-0.0014111954016042816,0.0019385267161009523,0.009870323878124587
2024-09-24,0.002857163095805859,0.004812069964296839,0.0016745665546693544,0.005916644495699508,0.0335002289017412,-0.0002026144360600668,0.0016756833485231937,0.013872405171650115,0.0014167405872100858
2024-09-25,-0.0022079122180835853,0.0009267572077638064,-0.012272240716019844,-0.005432330696608645,-0.01059846153479116,-0.008346909371472755,-0.005921850028880904,-0.001382723256375229,-0.0066959525098448935
2024-09-26,0.003956838259513873,0.007484910178519932,0.005314548953497145,0.02179205683813734,0.03597124819433484,0.002347927156630014,0.0,0.005073989582053073,-0.009100653951299442
2024-09-27,-0.0014513435662406593,-0.005572472733759604,0.006740047008810812,-0.0060588418992360005,-0.0019291123740177163,0.005187691196084643,0.003981235105090519,-0.007967487087646496,0.0012735060526800623
2024-09-30,0.00399908843693364,0.002708067363638378,0.002538221213043812,-0.0034616113060250697,-0.016221832413108483,-0.004779641321888128,-0.0024752722671745886,-0.008031540905022005,0.007831672754406327
2024-10-01,-0.008998800350688008,-0.014030350190266105,-0.013674357678748805,-0.007441224844446204,0.007170060605071971,0.007194093347776764,0.004794393886168535,0.010436598143315656,-0.006487842836658153
2024-10-02,0.00042215419707236634,0.0014119329006829773,-0.0013778625606324368,-0.002050215426508295,0.019509731059623725,-0.00846294829862515,-0.0022128162117160954,0.00020356647666464056,-0.003518896834842522
2024-10-03,-0.0018301101487265825,-0.0007472794019163231,-0.006732497932504522,-0.00933837324403175,-0.011960823618880845,-0.009464961514358272,-0.006489076051853004,-0.0006922454344495677,-0.009165823771701831
2024-10-04,0.009046514590388632,0.011827920384851254,0.013876314055099925,0.005831552629519621,0.00919691498183317,-0.012377592711994012,-0.005455109942089642,-0.0019980250389979304,-0.004824696509694526
2024-10-07,-0.009081595933194464,-0.010769455272479078,-0.00787942928329155,-0.0055878910993563125,0.008268744732335964,-0.007563608838045077,-0.005124209119022893,-0.003393514036765133,-0.00887125079552753
2024-10-08,0.009413059872527718,0.014824230264893323,0.0006896397609539306,-0.001584862237114848,-0.025014567154912015,0.0016858304951972158,0.001980739737223125,-0.007399232494345043,0.002013518655872737
2024-10-09,0.006902592325261914,0.007837593884272742,0.0022036280279467135,0.00024398850853746268,-0.005427155899668801,-0.005701105159446662,-0.001980739737223125,-0.005461070501716847,0.0010580750242361603
2024-10-10,-0.0017516962661954238,-0.0011361928270101629,-0.005564258171185443,-0.0012206376548435927,0.0019572195259818237,-0.00392511839302756,-0.0010821822511841717,0.007316064767088903,-0.008922994290853303
2024-10-11,0.0059705056887260355,0.001561909132014705,0.020132493593701284,0.00511637932171638,0.007143673872869183,-0.004047437909993512,-0.0001804776220524218,0.010854286868861251,0.01124682611344685
2024-10-14,0.008145139279955416,0.00835641158006073,0.007339872181093554,0.0029119772731860394,-0.004106886523960629,0.0007469291159223346,9.024288254799728e-05,-0.0016308312397317337,0.00599592131505311
2024-10-15,-0.007800109044914905,-0.013456931918899073,0.0008072199099942168,-0.01673738298903693,-0.0214543804048839,0.012083997400711866,0.00486083752477473,0.0034623584364341653,0.011988686323608277
2024-10-16,0.004337018717749608,0.00012220379631155964,0.016318470099851545,0.0025838881558470916,0.007715313065013163,0.004205806635749987,0.003138188802884301,0.004989142712823025,0.010924587130652696
2024-10-17,8.578534667158522e-05,0.0006923525051112378,-0.0027381838900870648,0.0001227711857572089,-0.001538378135308438,-0.015969874910338966,-0.007457739984857881,0.005970452161761841,-0.00792395236025012
2024-10-18,0.003839391732921804,0.00653334205623235,-0.0020806653382399176,0.006735067444735954,0.009848018868096275,0.0007457791912992562,-0.0011731576068791938,0.010562207979592841,0.007411322724346192
2024-10-21,-0.0016435419272777807,0.0019194174349852489,-0.01585740420210513,-0.011908599184300428,-0.006993062037805142,-0.017625090404750132,-0.01025538728778308,-0.00019902108052338718,-0.019782276121720344
2024-10-22,-0.000531677013609233,0.0010893482429823464,-0.003789308760507204,-0.005697442298516542,-0.0021953495672368817,0.0009751336317886938,-9.1230793021424e-05,0.010729555523637302,0.0014635150808031128
2024-10-23,-0.009179149084777904,-0.015442408498844706,-0.00917142349707678,-0.010111784108026711,-0.005951745649489304,-0.002711456653541333,-0.003381479990363978,-0.012123752431614676,0.007284856829575581
2024-10-24,0.002160328025401448,0.008076072296616665,0.0021869612040816833,0.0056304229260586425,-0.001548841764468012,0.00638767297924403,0.0030162457738871495,0.007663817134298867,0.002175292204720236
2024-10-25,-0.0003452441148450447,0.00607514032853107,-0.0037847329714937317,-0.0033744277605993744,-0.0008861686227876753,-0.005627885930039156,-0.002375643101267144,0.0020548662166115506,-0.009460149034295817
2024-10-28,0.003086573411823501,0.00016144406748797024,0.016178028164401503,0.00797998778315101,0.004422834750602345,-0.0027168512408675127,-0.0008235550600375063,3.945329776655626e-05,0.0031286305710196416
2024-10-29,0.0016168975510302275,0.009562604448412948,-0.003241815928142877,-0.003608043887727952,-0.0030939203221804767,0.0015225119616681937,0.0011895056489210631,0.010835937036952181,-0.0072105133484594575
2024-10-30,-0.003029793436258643,-0.007586298050012097,-0.0013538527907108744,-0.006502478056606087,-0.009786514201584495,0.002929614557187321,-0.0012810705766321817,0.00549078920793189,0.004395263390388315
2024-10-31,-0.01979757376387159,-0.025566833494098162,-0.016758044292809693,-0.006166072720639626,-0.006502970869041835,0.001623433663195506,-0.0020164761795324893,-0.015616471787271102,-0.0170603435162775
2024-11-01,0.004211535611330142,0.0073716804603725095,0.005586751805936707,0.0020175259535601953,0.0008994301132903004,-0.01419854048475866,-0.005493659031384546,-0.004110813705941574,-0.011107691406600395
2024-11-04,-0.002156424943916768,-0.0029174050699767307,0.005056169693460788,0.0007556648968005675,0.005603540755751535,0.015402705765397151,0.0073794007006755535,0.0014248987496037202,0.010895157977418357
2024-11-05,0.012019292981041652,0.012676278220644654,0.01863575530662054,0.00989535992688495,0.013542136162233653,0.005297692450027647,0.004767519815734644,0.0022519104403704304,0.013192190177980123
2024-11-06,0.024561611888778145,0.026800797053709857,0.056315758129464655,-0.014564090464183721,-0.012425257468407835,-0.027770582957051815,-0.010481804924148186,-0.030857976694085743,-0.021513014882510006
2024-11-07,0.007702294128307585,0.0156215202930996,-0.0035472898411859077,0.015062526322787484,0.02186236879151604,0.012449977453906413,0.011761496863346821,0.015948645391861582,0.01192655440291368
2024-11-08,0.004322315126700005,0.001167853055781265,0.007334059660228043,-0.01392475083935718,-0.02499286745854734,0.012621144144458363,0.0034652064368607682,-0.006792442588198,0.014814887550352651
2024-11-11,0.000952710285337055,-0.0005836062181989732,0.014922521973327996,0.0002525148597136706,-0.007643922534983361,-0.004877290476485108,-0.001913390547758631,-0.02375140115119212,-0.005018593150281525
2024-11-12,-0.003111375629536006,-0.0018118211060231815,-0.01769809670815281,-0.018739754994347102,-0.019139308863365123,-0.015106854728990093,-0.009070435684118472,-0.008668821068980037,-0.013933164919076368
2024-11-13,0.0004856016286884923,-0.0012873937447279715,-0.009945704276273837,-0.005937060835901953,-0.006462232229344611,-0.009531522747348475,-0.00378092168960098,-0.010132384997697308,0.005511917980243197
2024-11-14,-0.0064510441143212915,-0.006974016278918249,-0.01357473986841562,0.0020690284434419226,-0.005572290428352389,0.005773893279575226,-0.00027707100506635385,-0.00261255153137796,-0.009025689939291759
2024-11-15,-0.012891191692856907,-0.024114352834689434,-0.015030196748213598,-0.003623719447299223,0.0,-0.002660463366041199,0.00046186999801278716,-0.0017736414154017055,0.0005332709946435088
2024-11-18,0.00408897925102103,0.006923604276614093,0.0019676702734665596,0.005430824164821324,0.011344009965500668,0.0017746424135864913,0.0018455790137945627,0.018841622825925164,0.007223131763836044
2024-11-19,0.003648650684299426,0.0068561188314344435,0.007398487082006078,-0.0012905158026699226,-0.0006908058452852472,0.005084270271979108,0.00211840802852592,0.008919428494707837,0.004856876346940098
2024-11-20,0.0003389770129365033,-0.0005760997218082764,0.0012998727849824476,-0.0027150738849135436,-0.0011524046075179761,-0.0032022085805465395,-0.0023949934253417737,0.0056162450322965185,-0.0012646526917414747
2024-11-21,0.005354000764888234,0.0035906775630927257,0.01508514656160731,0.0002590016108072746,-0.002077865449827687,-0.0007747477673598624,-0.0011995746009283437,0.00830491888622209,0.007355279209791732
2024-11-22,0.0030944090706297445,0.0016028287304958866,0.018301102914311862,0.0038754222171624164,0.00023106676077366828,0.000553151726697898,0.0009229126834657819,0.012809813332371967,0.007509321643718536
2024-11-25,0.0033863998871774825,0.0015803864583050498,0.01508836186702922,0.0051439769823016235,0.0006928801038483812,0.025558716983310248,0.01237689228961969,-0.0299014831873059,0.013827550817839374
2024-11-26,0.005207908365875369,0.005354756534885929,-0.007370372197445185,-0.005788943578894923,-0.004164685391727652,-0.003889634757007876,-0.0025544814974649555,0.001936433160953932,0.00398878500886557
2024-11-27,-0.0030348319657873546,-0.007904515375252608,0.0013705572204267824,0.005404061817241512,0.001390094892588234,0.0069045699977436925,0.003647372665481541,0.002220248187002838,0.006409949328127773
2024-11-29,0.006193036181509015,0.00874852338435339,0.0038109768769700736,0.013257079844417596,0.0016194311584989407,0.010268590795355692,0.006169939786600409,0.008587567442534194,-0.004472567410052974
2024-12-02,0.001790924561655416,0.01082906613734913,-0.0004962190383359655,0.002782061107851952,0.003922164732833799,0.002399568940707475,0.0015692380472991374,-0.008792948302693837,-0.01467509589299798
2024-12-03,0.00046354175684371057,0.003061477158950332,-0.007140248925272985,0.005666376660927952,0.002070126442673903,-0.008666291701041828,-0.0035408295368313247,0.002010753244455543,-0.005078621851781762
2024-12-04,0.006190324159946137,0.01228722345203348,0.0035766267069332613,0.0007530967552105139,0.0025243282870404116,0.010688486150957743,0.004808762168287295,0.003029087486077664,-0.002705114111693163
2024-12-05,-0.001646968691747297,-0.002775020530218164,-0.011733795590099128,0.004881352906711989,0.006624786975303554,0.0020179384543048684,-0.0002716340005841644,-0.007425208209173917,-0.0023992613449816957
2024-12-06,0.0018939754062632375,0.008909738059358574,0.003563872546248348,-0.00012476409898720675,-0.0015949849087872892,0.0014840983658981344,0.0022610170472114888,0.00037050015179751483,-0.0014633621234318994
2024-12-09,-0.005163026622192923,-0.007817975976259106,-0.0050349836449790075,-0.0006246641083675897,0.02031670646783379,-0.009259758548447294,-0.0025326500332951696,0.009870874002919194,0.00282004034132477
2024-12-10,-0.003114016188155766,-0.003413252130593847,-0.004342167108726258,-0.00903722214177538,-0.016220263886918218,-0.004715826978339166,-0.0015406738312728763,0.013078415980993796,-0.014603378173555726
2024-12-11,0.007701044316990924,0.01774377382353709,0.004510398049375475,0.006284503523513507,0.00407982050466682,-0.009498900023687362,-0.0027248213503465735,0.00948865236059504,-0.002330972337865056
2024-12-12,-0.0051660090714351625,-0.00647441029545881,-0.013080996341666484,-0.008809508238184272,-0.004988651635888797,-0.01222222145302343,-0.005655021263030413,-0.014772297747821739,-0.0015924202961699052
2024-12-13,-0.00019861447353086703,0.007625165960772229,-0.006883930404826266,-0.0027848786383941615,0.0009088311312219766,-0.010263368582305255,-0.005594851004260271,-0.012165276223374377,-0.0028728493814247358
2024-12-16,0.004261027448237975,0.014297790846313774,0.005860817070056257,-0.0033012316119798157,-0.005465691420912133,0.0029904341342046337,0.001286661686540569,0.0024122979128051725,-0.0035223989090686914
2024-12-17,-0.004128647860894397,-0.004413529464460275,-0.011514326849627388,-0.0015867707972994083,-0.002394787123237485,0.002430466427770561,9.205248242505348e-05,-0.00384601115345351,-0.00482344210351382
2024-12-18,-0.03025663268586598,-0.03674366885405256,-0.04528241919931553,-0.024837786641263015,-0.0235526455840378,-0.012583215695840089,-0.012475553487680813,-0.019371499639531997,-0.04213447597146214
2024-12-19,-0.0003071105707936894,-0.004463252565336084,-0.004447329029917846,-0.0031818351119259347,0.0033309653411155438,-0.015257225087543347,-0.005428364274839836,0.0014200879312813441,-0.015586744634097371
2024-12-20,0.011939447674766512,0.008694615439970299,0.009325957776784577,-0.002792368122578992,0.004029950111871017,0.005678156743117668,0.00393383591027785,0.01037999743966811,0.016706709999233738
2024-12-23,0.00597027163638586,0.009695583919310913,-0.002300772764105119,0.006503402298460692,0.005661622430163327,-0.009214921478040594,-0.0029019239200787084,-0.004719916680210545,0.003903248974845397
2024-12-24,0.01105396122321256,0.013468764146714385,0.008902962779606227,0.003565580884576036,0.00305348452188392,0.004219848343843147,0.0030889006310967915,0.0019900326568702553,0.006620659854426947
2024-12-26,6.644444005221573e-05,-0.0006797997771599285,0.010198910359441093,0.00473441727138546,-0.003523902289896519,-0.0005693442283707384,0.0009339751793984163,0.006728492701914668,0.0026805907676346052
2024-12-27,-0.010582440727025855,-0.013381962131693292,-0.014685469573674226,-0.0014442977316608818,-0.004481758029070804,-0.008232100748516658,-0.0042103538307136645,-0.00689421445370364,-0.010089755843678105
2024-12-30,-0.011477191158019373,-0.013389222629419884,-0.007718938361651162,-0.006590993542621604,-0.008070362086066485,0.008004515497659348,0.00430389553691235,-0.00319477904087595,-0.004969965248765362
2024-12-31,-0.0036444929580712326,-0.008531005173521677,0.001268089570759301,0.0,-0.003342097763258778,-0.005367497911429098,-0.002523925112047465,0.006214287831739718,0.008681409736982282
2025-01-02,-0.0024600901809188613,-0.0019579911755780444,0.000814316983518637,-0.003444749403008096,-0.0014357002358686977,0.002744427527373361,9.353817635737727e-05,0.013496228917031061,-0.008908025913008544
2025-01-03,0.012425952637784121,0.016232769362586552,0.014767730037052118,0.004369982638329439,0.00929588303669071,-0.003202204565967648,-0.0023426277752811586,-0.007895124609843762,0.013052890410511608
2025-01-06,0.005743883088437762,0.011427140900284627,0.00040098076805428207,0.009468782535430265,0.0035522770485032495,-0.004478170919939295,-0.002535861118416527,-0.0012328556129919122,-0.012939530122092258
2025-01-07,-0.011368267279472377,-0.018005337948356903,-0.008049487786895071,-0.0007855884349678988,-0.007117498273017553,-0.011341601662877565,-0.004619008224624466,0.00561762673506383,-0.009558748874126444
2025-01-08,0.0014598727819148394,0.000174840500259954,-0.004545000327378368,-0.0015731360615012235,-0.004773236699188832,0.001279724690421702,0.0016050484587131209,0.005301603121984577,0.002626416240397056
2025-01-10,-0.015385186454788702,-0.015805415697348835,-0.02225664699870933,-0.015336160191799841,-0.017131556955491956,-0.006647630429761797,-0.005770885046658236,0.009512918374949386,-0.024706878187163106
2025-01-13,0.001549160599273236,-0.0032188919808193717,0.0019351551746940032,-0.002801788842194952,-0.006837553642519811,-0.000351066994435989,-0.002850471853204972,-0.010001100303675514,0.01219879613268482
2025-01-14,0.0013751029415631777,-0.0009499291705079571,0.011305231668932159,0.003600875477961729,0.011208556964341199,-0.0016402652427247588,0.0011413047801696052,0.005235693007988651,0.00908107934661917
2025-01-15,0.01802652272795413,0.02274563885891112,0.019470624278203452,0.012698562100259991,0.012999813715263375,0.01708843796094328,0.01190350576814847,0.007461090407550941,0.0057052252106428725
2025-01-16,-0.0019250044695722224,-0.0070306816606340305,0.002006504666597131,0.005113116427970965,-0.0011966851945803825,0.003221830228326006,0.001970484470456668,0.006887194609051406,0.020496113560962037
2025-01-17,0.009989941669332758,0.016737608388281977,0.004311569299376927,0.004045615798156099,0.007871244838384861,0.001722534254413155,0.0008430969157231516,-0.0053214033326849375,-0.0006690264499660259
2025-01-21,0.009111763477325674,0.005847793272045543,0.019023066848994574,0.019986566053701083,0.010634626134234715,0.00890575598148935,0.005789728427462393,0.015366546556983884,0.018566215832214183
2025-01-22,0.00560572107292856,0.012704748477393224,-0.0065490455220551524,-0.002300642678746634,0.000704945411614144,-0.005242673994534819,-0.0031709549741210097,0.00512251021306831,-0.017562888977515456
2025-01-23,0.005443326944233107,0.002123749461353519,0.004545308681215943,0.008156048714185182,0.0023462047444824385,-0.007800873352248772,-0.0014020834247547853,-0.0014158718257650804,0.007327638088344912
2025-01-24,-0.0029235366582973654,-0.005667077593602521,-0.002794698583711508,0.005568975162922207,0.006540750726008238,0.004481490413398959,0.0019625666372888873,0.006199449222330067,0.0034234332499440967
2025-01-27,-0.014246473517739666,-0.02954681102040535,-0.009622469037018355,0.0,-0.018327677374280427,0.01174001464940666,0.006884375928916775,-0.010459313683880644,0.013251108104276987
2025-01-28,0.00855555936226704,0.014671707143365964,0.0011032380680005005,-0.001263084749427712,0.007324393070953228,-0.0006800481100022182,-0.0013919059234179798,0.008619165823802177,-0.012149362097943595
2025-01-29,-0.004492853249761453,-0.001879765316942894,-0.0022959994798892325,-0.00012630495480703274,0.0002354305628675668,-0.002043016861798641,-0.0013005512674597597,-0.0038478030414186293,-0.01330238055223898
2025-01-30,0.005352615579224285,0.004253286953251667,0.010115367718873891,0.010935905566890725,0.016803065534305883,0.003742363779370983,0.0022288310498312924,0.015031970539816086,0.012641638982746173
2025-01-31,-0.005336069836086921,-0.0014540934402891281,-0.009010813692895248,-0.009420386261740354,-0.011404783288802456,-0.006587229762312852,-0.003251798596116906,0.001974448600582157,-0.0022063446014275456
2025-02-03,-0.006752152858727101,-0.00803541119496387,-0.011769953231021368,-0.011806024602486254,-0.007283002755328116,0.008109172869371406,0.00157681681467281,0.005323078655223412,-0.0021005370074860252
2025-02-04,0.006685761409755742,0.012200630245342126,0.0137547936538569,0.01155364816187987,0.01776170838300839,0.003057965046036948,0.001956633760334725,0.009800237486044416,0.0007744613648128507
2025-02-05,0.004046365582382805,0.004527677157059706,0.010825729317480715,0.009672762702346738,-0.002551349763533217,0.016375321195271297,0.006955677392043391,0.0061903426424301244,0.01394610310178468
2025-02-06,0.0034696846419031147,0.0052060054139477785,-0.00327489801395231,0.004739447851754619,0.004171536817085375,-0.00044506841578151324,-0.001849939516778143,-0.0026537744373777983,0.002505128746550511
2025-02-07,-0.009195709595001489,-0.012693360079518712,-0.011657323649944651,-0.00950146507827121,-0.0009255256921143484,-0.006476264079632976,-0.004361562868231417,0.0017825701444094122,-0.0032687720269661824
2025-02-10,0.006768246440834069,0.012032384330545653,0.004503124978260331,0.006760349590819281,0.011965260792591526,-0.0030288717959754408,0.00027899917427021137,0.016796386802506724,-0.00043667999640462085
2025-02-11,0.0007600829113396657,-0.0023834161886746585,-0.005831429736997684,0.004729908978052144,-0.0038960334360518267,-0.006425116903881367,-0.002233717389230172,-0.00365828558987058,0.004357978930947581
2025-02-12,-0.0032266654774177894,0.0005867845806299954,-0.009258592927627873,0.003718310824861959,0.0054957649534461694,-0.013663040288176553,-0.005419236284121887,0.0010466070727144228,-0.009283104031525546
2025-02-13,0.01050238181696006,0.014283361138941686,0.011206046288197768,0.01205123098473404,0.006373724151925497,0.016486141595459358,0.007745834431911014,0.009814510830151058,0.009935205425382065
2025-02-14,-4.9300295613008416e-05,0.0041896885590340105,-0.0007518928332821417,0.001465822053630994,0.0076854472549898745,0.005285987233707878,0.0038967162805150224,-0.01498346692654895,-0.0045734003283994795
2025-02-18,0.002931537467907752,0.002264486510533459,0.005472490977135536,0.007175368103143676,0.006285108758564029,-0.011847976380702896,-0.004082562692679481,0.016425269144477284,0.004464658447261627
2025-02-19,0.0023520952950182306,0.0002781275287349061,-0.003438921767429548,-0.010353872137835118,-0.0015676657141070471,0.0012477261304635334,0.0005577405515015954,0.0005539429240091209,0.0007602427663675471
2025-02-20,-0.004168896942227107,-0.004253650030056733,-0.009629682671850937,0.004642082765376365,0.009146805351663012,0.0037343267748086717,0.0024130340608632395,0.0005166991544358623,0.00476559216216188
2025-02-21,-0.01725213013918747,-0.02097294452797005,-0.02922898492239412,-0.006235032966201537,-0.0028910091577691865,0.012012326703023213,0.003516720668919504,-0.0009229691054981615,-0.009881264940467815
2025-02-24,-0.004560783942474167,-0.011874539410883678,-0.007234575538794807,-0.0006135009995151819,-0.015486860860700169,0.00289736551548625,0.0025833650879043546,0.005414881156990958,0.00392069571972975
2025-02-25,-0.0049855386300192706,-0.012679328655624822,-0.0037994079080716503,0.009039844705548639,0.000678325622917697,0.017100062821910456,0.007618415310466808,-0.01327607254097618,0.012207776434205897
2025-02-26,0.0005046669232200429,0.002412611350656846,0.001252491921780674,0.0013368772060351475,0.009896565252182743,0.005889488519843056,0.0021009352390599645,0.0015251697060953973,-0.0041965857104173665
2025-02-27,-0.016090743517918504,-0.028164253313261334,-0.015371403294020425,-0.011358811254598145,-0.019663805747924368,-0.007093466737829068,-0.00420621853833314,-0.015357280506671067,0.003981786252754027
2025-02-28,0.015485007900525538,0.015668254978156604,0.010584415289796922,0.002086021893239476,-0.013790210922043578,0.01219130630049392,0.004388755444843184,-0.006285532695668117,0.008448829474565045
2025-03-03,-0.017675309581532517,-0.02212544541424233,-0.027727662133304243,0.01097174175178317,-0.008832970395789896,0.004655969479850697,0.0031545128744108197,0.013094284775934106,0.004674787286916171
2025-03-04,-0.011907452151347364,-0.003022381716612621,-0.011368106683107726,-0.00024265599514627922,0.008369993304885526,-0.012391300835716379,-0.0032918427852646204,0.008660029400338942,-0.011621075273557047
2025-03-05,0.010690534154965903,0.012951783484572488,0.00988225074445026,0.02360953758054496,0.029430708943583905,-0.008016539488284735,-0.003210956689795097,0.0020791481693782643,0.011091137734120515
2025-03-06,-0.01791059606685419,-0.02789481952973283,-0.015420248597427744,-0.010357819360670817,-0.006314787271503697,-0.0033130516113324404,-0.003128953151853686,-0.005094160642131307,-0.02600058529553184
2025-03-07,0.005589353932143659,0.007326587567482612,0.00325850136272976,0.010357819360670817,0.004964914652400232,-0.003212960324768588,-0.0015684196662109073,0.0005218196474086056,0.005968715442406847
2025-03-10,-0.026996781715157958,-0.03952734895455379,-0.0254735024320345,-0.023852057731181375,-0.024152482417399312,0.010377401907549988,0.003410263101385702,-0.008794495623059895,-0.009676591580548788
2025-03-11,-0.008347740552713034,-0.002393283646678235,-9.95123046703128e-05,-0.0034021562227799507,0.008268467676730396,-0.0071644415827814,-0.006553744840704923,0.011659306390657598,-0.011759029000719678
2025-03-12,0.00529264900465698,0.011217688452569874,0.0017417367512440052,0.007155352634869772,0.005474363980455532,-0.005991185558404943,-0.002968102808688755,0.004337373317600424,-0.0031001520479536637
2025-03-13,-0.013420113009304124,-0.018154245741976993,-0.015030223747320548,-0.0066687187446863305,-0.004103072986174183,0.008752928589754738,0.0031533406965102984,0.017600345742840418,-0.019935649354530405
2025-03-14,0.02044529453178434,0.023882949653810215,0.02389202444229621,0.018203226638796366,0.01810825461595833,-0.005309333220917978,-0.0004632347695832095,0.00039967786762495905,0.019824831744601923
2025-03-17,0.007681775442206273,0.0064628047941885924,0.01253862005899542,0.011166694606567162,0.016904308339801943,0.004978240059549499,0.0020359197046175836,0.005398932434642845,0.016934579921603188
2025-03-18,-0.01086727913354224,-0.017194387265598188,-0.008721222836655329,-0.00011816298862488139,-0.005085631468277008,0.000992860851983579,0.002400823675781538,0.01160436401087761,-0.005247484626753618
2025-03-19,0.010832054699852378,0.013292629557824398,0.015430726589538146,0.0029493266740168167,0.002435459176430399,0.00516775178570672,0.005884927567294973,0.004099294399691367,0.0012048797131614108
2025-03-20,-0.0028960457259863404,-0.003395297170628808,-0.006368009933743757,-0.008399019543818831,-0.009331262567396248,0.000657743544798528,-0.0014679320201755885,-0.0012814060805395044,-0.0006569949342232206
2025-03-21,0.00032977634761532926,0.003291336592181615,-0.0062125672890234185,-0.006196335390309393,-0.004922873480559087,-0.005935954441137703,-0.0013783479653408648,-0.008082476604942102,-0.011126639699869045
2025-03-24,0.017750152916203632,0.021706992509755274,0.02457412996308772,-0.00011956137302959746,0.00447624394785473,-0.010306494353339524,-0.004330583839145419,-0.004462490783133433,0.01528101247329694
2025-03-25,0.0024009615375373272,0.005690241479637592,-0.005569488220674934,0.0054840315477378,-0.00290717282287023,-0.00011107045204727939,0.0010151686360853063,0.004390711790074775,-0.01128371444061127
2025-03-26,-0.012010054398933434,-0.018571944831999865,-0.010210794120356859,-0.013043912957364512,-0.006065441959331341,-0.006595218764974042,-0.004067175394510514,-0.0008263225124265361,0.003893860040832031
2025-03-27,-0.002659315791517791,-0.005714350658261758,-0.004778115893400603,0.0021657353111272926,0.004944915570508801,-0.0029198700925956445,-0.0012050308897801898,0.013316671121390122,-0.0025571899150422794
2025-03-28,-0.02034375436723046,-0.026680604321197343,-0.020540946727427567,-0.008933980041865297,-0.018785202351454533,0.01373933687701534,0.006010007792194294,0.007384788228781858,-0.0013366701257897518
2025-03-31,0.006690178495072807,-4.261839986163807e-05,-0.004800623432784867,-0.008892131182418161,-0.0016005529611002878,0.009825139141601547,0.0019339644554454694,0.014261049112946012,0.009209436709376462
2025-04-01,0.0028204873401938,0.008028885226020854,0.00010014967684490728,0.0014671575656706182,0.00319854824557142,0.00862820724970792,0.003567692973605041,-0.0019801896396476337,0.0004416698514591033
2025-04-02,0.00630847702558146,0.007271828936388225,0.01566532775017926,0.0023185817017425947,0.0013676296122775433,-0.0006558186314382652,0.0022982653483891724,0.002049559804647494,0.006053568880552085
2025-04-03,-0.05053657569771364,-0.055019667034224895,-0.06634945907547607,-0.02118826342211033,-0.021412005671607393,0.004583051612357281,-9.193690892139728e-05,-0.00605658220441363,-0.034722852839311535
2025-04-04,-0.0603265348380857,-0.06412142262066922,-0.045634016269480604,-0.06826390073878486,-0.05722686278116207,0.010828452544186185,-0.001102555734209254,-0.023670204732145095,-0.04436919464310751
2025-04-07,-0.0017827790158140289,0.002410261760442012,-0.009092523659791851,-0.0244227203521028,-0.03792054434727321,-0.03062050991564469,-0.01968118787791706,-0.02171998668570385,-0.02659773701614121
2025-04-08,-0.015786669848558255,-0.018172623950112765,-0.026696691558613317,-0.003420671114717777,-0.014177298939530125,-0.019058790801897096,-0.012737936768751013,0.005429029902152216,-0.027198972133044563
2025-04-09,0.0998627790042752,0.11335613559383262,0.0815815318732902,0.07433298918260522,0.06701784763654173,0.005868545613870957,0.01657458813856838,0.036323492196158824,0.05794485357807311
2025-04-10,-0.044808134734807936,-0.0434631280689004,-0.0429264074022333,-0.019919472517625714,-0.01738738883477753,-0.02795541498752918,-0.01714442987252518,0.024130092886814225,-0.02309130823461114
2025-04-11,0.01768564895644964,0.01825539562282419,0.01447830206191636,0.024743146070244748,0.03089145936009796,0.0054236823839071135,-0.00019004521269216923,0.018906799500581606,0.012150524857288403
2025-04-14,0.009654554087174638,0.006755299566846951,0.011701593662024834,0.010706085467940163,0.009060619514301038,0.0071100052206718445,0.00615794122166502,-0.005722318290653838,0.020475266170627116
2025-04-15,-0.002804771606933265,0.0011142542179349846,0.0012322495117720322,0.008979866016693094,-0.0009499221313791217,0.0035362275372916585,0.005369071664763858,0.005218738019025615,0.003041393629756861
2025-04-16,-0.022478875745682636,-0.03061754172343356,-0.009630488256076042,-0.003856381941667486,-0.011709949531062858,0.005564218303334201,0.004218616076324011,0.03202257075367587,-0.0007010682835710824
2025-04-17,0.00142582015582704,-0.00018012695197189288,0.00813021157845828,0.010785417453919699,0.007662730063264345,-0.008871750607237772,-0.0014043813818451767,-0.004400359490662531,0.014849413361353037
2025-04-21,-0.02409050531934298,-0.025058084522307844,-0.020259536101738362,-0.005440116873139722,-0.000238538511468267,-0.01763457524147327,-0.010831359943261454,0.030466725196562017,-0.021063214912133255
2025-04-22,0.02568494816875244,0.025913433255492002,0.02555438954595335,0.020492640095657322,0.014920384113501495,0.005566299541006181,0.002459062375161025,-0.014297390879939975,0.019219063963520355
2025-04-23,0.01537664965735086,0.022424891359587917,0.014720115619035745,0.004000329361764088,0.011452764560512474,0.009666225285323016,0.004430270157131488,-0.02427079806460597,0.0018441509486128993
2025-04-24,0.020830564923695505,0.027748455604141853,0.019828473144643866,0.013219769234994239,0.011552797455112618,0.010480858372656776,0.010198681864078907,0.014451351409752178,0.0036783141042358025
2025-04-25,0.00719923042890791,0.01108632088901107,0.0003089833971765543,0.004288741207598257,-0.0018395599130345275,0.007339511458275716,0.0052921521157793805,-0.010900878955956372,-0.0017225827077416156
2025-04-28,0.00038135807309114256,-0.00031746042325853097,0.004215432500026317,0.006635123965224032,0.0018395599130345275,0.0062797088201183016,0.002312508122078505,0.014141637459613499,0.006187003029849869
2025-04-29,0.006279616776410535,0.0065827192710505855,0.005881902151518403,0.002005454328016576,0.002752920459027308,0.008349623965552055,0.002307097732584751,-0.009786658970495132,0.005354094287032929
2025-04-30,0.00039684125628536293,-0.00012628230464617474,-0.006292432931743086,-0.0011790915962741622,0.0025169075099706895,-0.008125706406989508,-0.004711873745201878,-0.007510353244041923,0.003515756872450204
2025-05-01,0.007061794116859588,0.012976221400398558,0.006190536459656393,-0.0031909652520214493,-0.00022859714466205716,-0.005083372815740006,-0.0035210518219095377,-0.020991066503797562,0.0032777055342112504
2025-05-02,0.014735016671420631,0.01473474782548756,0.022242674428074594,0.018994448582917656,0.028170894420377124,-0.010883359134688853,-0.0024291719978872806,0.001746673590377057,0.012224714991262431
2025-05-05,-0.005750616837834066,-0.005950097577398061,-0.007711293855632739,0.0017407900807091536,0.007527123858561691,-0.005601127385020277,-0.0014039444182838423,0.029430400577679094,-0.002232029858637574
2025-05-06,-0.008393618569571437,-0.00934527693042142,-0.01096754383776144,-0.0012763264991244583,-0.003977853399911524,0.003318671042299215,0.00196519813261542,0.027638515747737458,-0.007738354840893358
2025-05-07,0.00419671484294426,0.003918183537024333,0.003297690541297804,-0.003372282133293325,-0.011581423857700557,0.004218267670015763,0.002054457843645885,-0.015106592963135768,0.0011250822553474649
2025-05-08,0.00694376262461649,0.010271911316803717,0.018866726170872816,-0.0035004114211893977,-0.0006722453868652778,-0.011211770076682726,-0.0050504947224512264,-0.01989078892817897,-0.00394388043412075
2025-05-09,-0.0012752333017171935,-0.0006554502854703159,-0.0018409552067071289,0.004897301769145379,0.006702466244759009,0.0014946485370259666,-0.00037492740545275183,0.007228485693538289,0.006639409235662974
2025-05-12,0.03251315040077163,0.03993212621962883,0.03455372575582327,0.005105053571547558,0.021368805638001476,-0.009348665255152433,-0.00018778265137431305,-0.02859555174099615,0.004922787180769994
2025-05-13,0.00658226588381261,0.015125896176397369,0.0036495848939113174,0.0012720624730615526,0.0017420427195826704,-0.0040667703415930845,0.0008438703896542776,0.004249948759953881,-0.012804804689964477
2025-05-14,0.0012772683919415329,0.005975082690706124,-0.008907019970859409,-0.004866187840856462,0.007586570854927643,-0.006658327188084456,-0.005074701120631353,-0.021262276625643395,-0.00988373024402911
2025-05-15,0.004872485963342221,0.0010982583778362809,0.006507517911005678,0.010858495004010926,-0.0004319785843800439,0.00875189345836258,0.007135117606519081,0.015837869719407927,0.018102279487303363
2025-05-16,0.006313929660175965,0.0043432203983595485,0.008230124324538401,0.00229513518026625,-0.0006483604092508699,0.0026688385075726018,0.0018689886172600367,-0.012160689602209729,0.01236846651079837
2025-05-19,0.001093327430822022,0.0009582257072731082,-0.004202424401576366,0.009469076468691995,0.002159342697693134,-0.0029011256056810097,9.325939706794628e-05,0.012798420816745093,0.00022144623087605453
2025-05-20,-0.003367927202208243,-0.003338873729430425,0.0005264274051279827,0.004757595907459056,-0.0010790037040622202,-0.007231207415968832,-0.002430231174413322,0.01845097448398647,-0.005885358924633266
2025-05-21,-0.01699434567427449,-0.013994057377272995,-0.028477188770672512,-0.00589373561013673,-0.0025946750301599764,-0.017237689057340688,-0.011199658819201375,0.007351594562024388,-0.026978486525692347
2025-05-22,0.00039475868693106264,0.0018694874949023443,-4.904741417544045e-05,-0.0005686455746216623,-0.0032527119471796873,0.005226337522444169,0.005097772215236773,-0.008900989925318292,-0.004587075178941191
2025-05-23,-0.006849391211802391,-0.009303910923438963,-0.003154685325280404,0.0013640241752446158,0.004118351877029358,0.0016571875657600543,0.000752989126393544,0.021669792905121277,0.0010339325871457916
2025-05-27,0.020577494000134422,0.023252694248459882,0.025058523848639602,0.014434206327133658,-0.002382272658413509,0.013859720146923493,0.008991995261482089,-0.01709443335929972,0.017302716064575563
2025-05-28,-0.0058021338464557815,-0.0044417151552584855,-0.010599978979063174,-0.011598617741413797,-0.0045637482679095065,-0.004325271582697354,-0.0024272818369466265,-0.002268589173612945,-0.0010162780190166032
2025-05-29,0.003939550406941272,0.0019638568817184066,0.0029638945349903523,0.004407557640802473,0.003696128016460687,0.009212383241752775,0.004476950156654169,0.005907233361944542,0.008997006972334631
2025-05-30,-0.0011191754559902733,-0.0015784410679433591,-0.005107085121641042,0.0014648794112330776,-0.012227255776053436,0.0015078095095137911,0.002880431109415049,-0.006598665713002383,0.0
2025-06-02,0.005617102633388882,0.007867173237449343,0.0031159819093291574,0.010640146151268404,0.007223328295347109,-0.0093501407797687,-0.0028351636454653217,0.026233913208447035,0.0013425920916585454
2025-06-03,0.00568638797637,0.007786551467944491,0.016010246851807075,-0.007604522926217605,0.002396284635951318,-0.001762979546050758,0.0004669651652742246,-0.00889499464201915,-0.0020145198724712543
2025-06-04,-0.0002682783929612853,0.002784123097893776,-0.0028264164942406467,0.0044802491161410885,0.012325806760942193,0.01610283647783728,0.00725509601744978,0.006421313241234294,0.002796770113289604
2025-06-05,-0.00484470736121434,-0.0075554920388638536,0.0004315856042307331,-0.0006708937289845451,0.005144778478319623,0.0006942794687798681,-0.0030630191739025037,-0.00506267264407434,-0.0007822502408183496
2025-06-06,0.010216842409511706,0.009727727631705818,0.016031518659815447,0.0035722838199374607,0.003202023808358767,-0.012805557218179331,-0.006060869521153478,-0.013506882324947789,0.004796199234698761
2025-06-09,0.0009007824331499492,0.0014709541362636358,0.006866571415997669,-0.00011137103163338935,0.008489023885668523,0.0010537775722383458,0.0029882134541781014,0.0047074374937485786,0.001334380924538081
2025-06-10,0.005653712984424963,0.006592246056891682,0.005375389623120341,0.0013364385081251484,0.0056895825234755115,0.005136440571065215,0.0024217600892812996,0.00029346792267404,0.008519998536169915
2025-06-11,-0.0028562387112680554,-0.0033752751182465346,-0.004110870988256465,-0.0016708945120260665,0.004193885060151281,0.0030231380967657984,0.003157747629371599,0.00539769697833048,-0.005413556947274856
2025-06-12,0.003966568677006066,0.0023450661260859818,-0.003986726388228945,0.007662907585012313,0.0016724774844281143,0.011886358009091325,0.005548325991471259,0.012343702322692884,0.004862578532138784
2025-06-13,-0.011243144121311666,-0.012634277538517757,-0.018450954940131936,-0.012916295690041046,-0.01600361883478918,-0.009683198327433473,-0.0060123226018991005,0.013015494091699331,-0.00974865005502501
2025-06-16,0.009469297837592983,0.0138141171949,0.011720944074820494,0.0037439030282708785,0.012184765163034683,-0.010128527422969213,-0.0017640721620884037,-0.014361734303801832,0.0007789444428185632
2025-06-17,-0.008581902081077786,-0.00979909102584653,-0.01058872697446489,-0.01234297896833958,-0.013214120819958985,0.012095969093673276,0.0034327949807879676,0.0005130624809401851,-0.0035657376153812592
2025-06-18,-0.0001506833377975525,-0.0001702550109659029,0.005260602524036706,0.0017234401221077889,-0.0002146451240863101,0.0017323583578718882,0.0007407699971295756,-0.005400182338402892,0.0034545478523098083
2025-06-20,-0.002351252069253462,-0.004091460818910875,-0.002100788311464541,-0.008994499939748657,-0.005810719903605488,-0.0018481422980789475,0.0008324027291939373,-0.0004191069541601422,-0.0006677546797471123
2025-06-23,0.009828982823385068,0.010229907948158257,0.012162102534190922,0.00750105375942578,0.008168453411101062,0.003232057462629001,0.00249387850616678,0.0030584905042090327,0.014916532899796664
2025-06-24,0.010986828420052497,0.015176331351862693,0.012669229944829219,0.012112985026554668,0.025574680631148095,0.007234714219826799,0.004693032293872967,-0.015844238391270693,0.002628717204241404
2025-06-25,0.0005600896575241876,0.0025531589790421805,-0.011725084834288246,-0.005466968608943468,0.0008344280022147821,0.0012576126591614667,-0.001194138268329148,0.0030327025232494975,-0.024359012709402883
2025-06-26,0.007793327898452773,0.009306766312573878,0.016098351154737678,0.011130153102276275,0.006650073393583256,0.005015519959311376,0.0036701058569086342,-0.0011076604529494105,-0.0009285210463980675
2025-06-27,0.004956023121065911,0.0034178809242630948,0.0003247988232768506,0.008994892789619513,-0.0039431629683281955,-0.006387631850206965,-0.0016498402121252198,-0.01828997550464706,0.002489277986919447
2025-06-30,0.004769886829796732,0.006456106076852208,0.0014376908817874678,0.0005595310186592428,0.003114348482555318,0.009792926037396121,0.005488865667820697,0.011913301279754762,0.00642070550522611
2025-07-01,-0.00032376935506928106,-0.00846509050314026,0.01023527484563136,-0.0016794447380821254,0.0018639480017954568,0.002476056181004438,0.0012079549724210992,0.008883435847179655,0.007272008772486238
2025-07-02,0.004523060037873172,0.006941152554470698,0.013757440742546478,0.0029091886361634067,0.004335721504240997,-0.006373647497619039,-0.00018285609342694187,0.005512375309430162,0.002338064495983616
2025-07-03,0.007850531779522107,0.009792172415583167,0.009232056533571509,0.0002234674801302461,0.004522024285493309,-0.006989463327294665,-0.0023812100799611713,-0.006846293882021293,0.001111525266737523
2025-07-07,-0.007479980687457477,-0.007561516218967057,-0.015131020972400044,-0.01089472828319149,-0.01425200095278445,-0.009589428998459049,-0.005977653974982289,0.0007485003525822265,-0.008590403222297205
2025-07-08,-0.0005478500810474074,0.0005615509259655482,0.00689384177328467,0.007313684497740169,0.006221526858841475,-0.0012777351171040507,-0.002863754257749207,-0.010498326962964377,-0.001457639289830226
2025-07-09,0.005978679960534805,0.007053881242019777,0.01078904299193617,0.007483179733865697,-0.0016552283367161635,0.010407147098379532,0.005719108760607661,0.004461316177626351,0.0007852423908136785
2025-07-10,0.0028163528131512905,-0.0014391960464577025,0.005128763805974934,-0.0006679399492357518,0.0026883564771353896,0.0006898999826248087,0.00018393913820347052,0.002223316131964914,0.006258956613594435
2025-07-11,-0.0035215333107094793,-0.002252981659072617,-0.013885974630920117,-0.00962191652432054,-0.0033098547284402535,-0.013890844935935398,-0.006088001685463418,0.009555773018863789,0.00011142759778248745
2025-07-14,0.001906342451966303,0.003620289127503007,0.006698234277505044,0.0,0.0014494548922296957,-0.0021003182307506307,-0.0002775693212191399,-0.003662014424121729,0.006440859074349881
2025-07-15,-0.004282484587424307,0.0009164128069549804,-0.019773887308587312,-0.01051032367360527,0.007215687470071064,-0.007033029411733338,-0.0036160278532682,-0.0041643640755140154,-0.014831507085584228
2025-07-16,0.003337745789124824,0.001023537485687953,0.01000383500218227,0.004081626999900223,0.0047136789292068215,0.0014105496407426088,0.0015776643514291422,0.0049756967893914705,0.009392849859239938
2025-07-17,0.006100922696604449,0.00805998108810968,0.01303559907405294,0.0025990408554470434,0.005708432962885812,-0.00023471731807322982,0.0024083395343232894,-0.002175898954109634,-0.001113629445788078
2025-07-18,-0.0007326483752159163,-0.0009615542882039918,-0.007126189446481135,-0.0028253018462320867,-0.00223865175063942,0.0015259520478601019,0.0018487958768327317,0.002597547797348554,0.0021148278907778817
2025-07-21,0.0018944234234918866,0.005171377249223674,-0.004056251277035905,0.005305066876808873,0.006498732355907144,0.008876527891991337,0.0038707666508086547,0.015253192127432591,0.004105285477892018
2025-07-22,0.0001430488352864856,-0.005189188485415386,0.008275444046311087,0.005500951149985944,0.0006070816697887338,0.006028448411713683,0.0023887935327966403,0.009440183161308013,0.017017583588721408
2025-07-23,0.00847166284089873,0.004550767146658252,0.015157369631351614,0.02455062660872631,0.010064532887928301,-0.0055633644676431615,-0.0015610726140344866,-0.012478717461641864,0.0019575594433502985
2025-07-24,0.0003308214535504561,0.0021261623621766645,-0.013904147200960004,-0.007456095925294726,-0.005422208793736338,-0.0017449004074485686,-0.0014719449294071651,-0.0061370703288572415,-0.0034827882146482025
2025-07-25,0.004215399609289072,0.002404205653784963,0.0037059760698001654,-0.0012114996086003416,-0.0030252391264866674,0.0062674249502912005,0.003216608595259629,-0.009293039490678723,0.00010903443624155074
2025-07-28,-0.00025094714712814437,0.0031203267012100966,-0.0011594706087381113,-0.0162189575777667,-0.0066875540753428275,-0.006500252372627635,-0.002020543849487133,-0.006494663067577733,-0.016155081140916572
2025-07-29,-0.0026411887576465176,-0.0015501349141366916,-0.006400918676265022,-0.002017932251828114,0.0004066513927316606,0.016745134208823842,0.006597635728107676,0.0027466136773082184,0.015936913966364763
2025-07-30,-0.0012600767720973849,0.0013388599672943258,-0.005087272213150307,-0.007208000114965252,-0.0073440317487296625,-0.00516697881393835,-0.0037516441271261414,-0.01742442469843475,-0.01427649421648347
2025-07-31,-0.003758366883052311,-0.005313257408152694,-0.00984249528754333,-0.010796262051509409,-0.005749458803232965,0.0005754083728426451,0.0002750224930112566,0.006623418228250522,-0.014146711244522159
2025-08-01,-0.016526112869828857,-0.019895387802664644,-0.020585010508184176,-0.0026313623781986095,-0.007441103361224055,0.014116319890392859,0.008832015252673742,0.02009639782657313,-0.0024711040376939053
2025-08-04,0.015085337489450623,0.018283495913388847,0.022133510485466523,0.013201504449126489,0.010319964791715375,0.0027292042525033366,0.0017315796483909907,0.00580633979396783,0.010181959154946796
2025-08-05,-0.005082767505430574,-0.006812626817838563,0.005084319764304901,-0.00011303455733546741,0.0028705973727416456,0.0030615910147515635,0.0007282899058607128,0.000803768098495361,0.004553803497119979
2025-08-06,0.007630383207715141,0.01250475478112989,-0.0013140363391492826,0.006536659450868676,0.004698193653646765,-0.0057907952672549,-0.0002728824157420817,-0.002123359734255814,-0.007787286839005425
2025-08-07,-0.0008379165994032434,0.0033784572456339035,-0.0032697428386194716,0.008946608354774455,0.00832064031455193,-0.0017093830116481357,-0.0010016445894320825,0.008402586680171353,0.00289951210716044
2025-08-08,0.007767397073677351,0.009285090492523018,0.002181109586276264,0.006104727354625972,-0.0008087058199435226,-0.004343676096135951,-0.0031940285967575477,-0.00022360485625672055,-0.00827476889679346
2025-08-11,-0.001979515082228822,-0.0029634054054632486,-0.00022699169963935617,-0.004213905734013146,-0.002835710686203363,0.0011446282226295068,0.0015527201502703036,-0.01447901799294371,-0.00664668247704725
2025-08-12,0.010589687194678454,0.012490471491321209,0.02925855969726232,0.012149471408068102,0.012096964396145715,-0.005047593668392025,0.0009120893849612344,-0.0009078785028293623,0.005635675179003208
2025-08-13,0.003417316540230253,0.0004999814064561292,0.01925699710963169,0.006019869767869501,0.011952298178993015,0.00824664154189847,0.005274066584015635,0.0030446433804476314,0.009285776194837503
2025-08-14,9.31442789724457e-05,-0.0007758709709575484,-0.01297198613814654,0.0001091737929908021,-0.012353165935969468,-0.007441708257623247,-0.003452379747754364,-0.006358881635978086,-0.00715251631987357
2025-08-15,-0.002344097283772939,-0.004406876132486026,-0.004875056040948955,0.005874673883026205,0.0012021215079021097,-0.007150281050604335,-0.0012748322537659007,0.0005856467855478442,0.0057037227840863736
2025-08-18,-0.0002176038440708794,-0.00039853694652070004,0.0036475334430541295,-0.0010853591322481648,0.005790201067346068,-0.002897638536207836,-0.0018240127829578512,-0.0015624875893935908,-0.008511496402111796
2025-08-19,-0.0054399749055429325,-0.013660610838786447,-0.007706378861073837,0.00010864034308166737,-0.008195968987753321,0.005786997449204634,0.0015505863429199351,-0.005488312721199762,0.017061923242211563
2025-08-20,-0.002660446395433169,-0.00595496799596873,-0.0035428270480375446,0.0035766479214274227,-0.0014059964692476612,0.002190191625980553,0.00045579091906855496,0.010071289165623831,0.002870612192704236
2025-08-21,-0.004019951753692297,-0.004640399215127822,0.0024813304338149322,-0.00629482909765855,-0.0022135031422019225,-0.004963867657143517,-0.0038341629918718922,-0.003475929162815916,-0.0029811143057427714
2025-08-22,0.015239894923636754,0.015309536306762794,0.038459593867760766,0.014912874803113318,0.01974732453117989,0.007379318757101849,0.007834735630845024,0.01064951898275357,0.019167041330216072
2025-08-25,-0.004410540835897869,-0.002888718040978233,-0.01057404937801909,-0.013281113944003664,-0.00574432404828773,-0.002876063044851662,-0.002634955519540405,-0.002417757282480615,-0.005766205849377926
2025-08-26,0.004178129368376027,0.004006978742019385,0.008229205187384458,-0.0010874301894450156,-0.002585765503695381,-0.0005761326907443021,0.0007275478729189544,0.007235805547642471,-0.0026220566362402664
2025-08-27,0.0022759571747474894,0.0015357699830635951,0.007060490785918638,-0.0023968268362626333,-0.005992847564286752,-0.0011534469903429212,0.00036357553547361476,0.0020166939883496937,0.006216238370566174
2025-08-28,0.0035351559846876768,0.006240337716358013,0.0011859643025653455,0.003701652684044987,0.0037995680685347644,0.0065566036929256555,0.001543832111147836,0.007391652350960953,-0.002612637104379978
2025-08-29,-0.005981620934495169,-0.011642978741078558,-0.00445485076767671,-0.005885559037973387,-0.004801837975870082,-0.007133918972929365,-0.0036364544221871853,0.009603638858147079,0.005435255061790656
2025-09-02,-0.00743783207711779,-0.008415378648369831,-0.005415012762614246,-0.009886903030461802,-0.000802617896125124,-0.007469520497093818,-0.0033506216485408302,0.02336740250914282,-0.016726172934798278
2025-09-03,0.005404940401079195,0.007836648881103692,-0.0009837127516529875,0.001544339475222145,0.0038064190080397964,0.010917731963625776,0.005942853568041251,0.007801481349129169,0.0005510331836680038
2025-09-04,0.00832268267995584,0.009010776775635776,0.012418717525432221,0.007248862402187584,-0.003204453717241318,0.00759499925215934,0.006813560838000221,-0.004428674737355642,0.007464286734558456
2025-09-05,-0.00290044019144009,0.0014419101593263761,0.004975189923332124,0.004476739022300613,0.011964292611833738,0.015131913841814004,0.006497695825051331,0.013257668006979806,0.011201367930278927
2025-09-08,0.002453548298951169,0.00486606613333862,0.002016799984020601,0.009972982322985047,0.009076606970856993,0.013236379473839044,0.0035020032590962202,0.011323711365555766,-0.0058569414942244435
2025-09-09,0.0023092363723282716,0.0028291034084011457,-0.005893532873560758,-0.0033494102884397137,0.005484791035809344,-0.005699362921385287,-0.0017944038491695125,-0.002272485609217334,-0.0022868854665434313
2025-09-10,0.0028866787361154778,0.0003273463348669736,-0.0017749654384839886,-0.00021650150647101185,0.006814066685386422,0.005699362921385287,0.0029591135735529406,0.0035857690781284646,-0.0016368582296282241
2025-09-11,0.008275908261508924,0.0058036357172559505,0.018314665548109232,0.010552566377258543,0.014446956007705403,0.006663824613648117,0.004644822347529498,-0.0014924929949513555,0.018073189239085963
2025-09-12,-0.000334764821432465,0.0044074641061362385,-0.010268639890362863,-0.003971072623619065,-0.0005739422069646061,-0.004326489051353022,-0.0017840001477029688,0.001969631599387789,-0.004622372391589913
2025-09-15,0.005309886856341706,0.008520464944427708,0.004228801314043906,0.006645264257295835,0.007244993388540344,0.002331973659303266,0.0031198436528354634,0.010351078276419123,-0.001617533150274575
2025-09-16,-0.0013776955662683221,-0.0008454361703895685,-0.00164798706705227,-0.002781365667505753,0.007381537766272039,0.0021050874985997226,-0.0008903403150855027,0.002004400599687095,-0.005302209393662771
2025-09-17,-0.0012433153246131923,-0.001997851616988733,0.002556685298579886,-0.0037563945123588738,0.004327782626754484,-0.0025489129198028593,-0.001783204838067931,-0.007745087571334075,-0.0013026863927008137
2025-09-18,0.004661676115267355,0.008976528207872647,0.024601787313349277,0.0038635685461878566,-0.0024437534400254535,-0.010373120080867437,-0.0020544814942642375,-0.004014356216470283,0.002170288075223681
2025-09-19,0.004940611478156498,0.006746551298194348,-0.007625867231519479,-0.0038635685461878566,-0.0022612319983768003,-0.0019078549553093183,-0.0008052768286512801,0.010551365296973536,-0.006525305401129167
2025-09-22,0.004719928754598257,0.005902516828146354,0.005786214967995029,0.0032206902691580552,0.004892719346475616,-0.003601303635750952,-0.002239747252005486,0.017158380367683357,0.00021813706451823123
2025-09-23,-0.005458442903714555,-0.006664419755090023,-0.0022530204329322956,-0.0019312030473752628,0.0005629903526847002,0.006965670211068975,0.001971225140748878,0.004078048498239895,0.005439566654088068
2025-09-24,-0.0031867303762194155,-0.0035167918722214253,-0.009228796725450295,-0.005815832069946403,-0.0033827795445087183,-0.003813607935616581,-0.004036292876347325,-0.009104369003754442,-0.009884660724518213
2025-09-25,-0.004624120360154471,-0.004320612275500402,-0.009607226207766217,-0.0071544818678681565,-0.005852951800976669,0.0,-0.0017992465840288574,0.004156538489887396,-0.0029911624581338003
2025-09-26,0.005712755018496551,0.0041025215795338354,0.008530422782908609,0.007694436407051697,-0.0018953825724876694,-0.0008997168907658448,0.0013496665202037406,0.005755674720215431,0.009826246944975914
2025-09-29,0.0028064922829234007,0.004620387718369479,0.0011595471929410905,0.0038788862315488615,0.009065191418085927,0.008177959792421419,0.0033216579531201162,0.01636192499893241,0.00032956873358447325
2025-09-30,0.0037597231281321086,0.0027354917335289386,0.0014062345883827376,0.00407815066387851,0.003940416825355175,-0.0029048720951179163,-0.0009864899529388182,0.008503744538253422,0.004055432072268772
2025-10-01,0.0034017215201318507,0.004785451323200185,0.0021880025497855726,0.008212946145149225,0.007834339895191444,0.00257909155782432,0.004007793821066308,0.0015741326049987237,0.0015301674311842817
2025-10-02,0.0011510688319846807,0.0041025931387439485,0.006289742975083001,0.0015920989710416222,0.004634338568278995,0.0029077004959550123,0.0016129101314703576,-0.0034889043060362113,-0.005256139349635092
2025-10-03,-1.4657904558568191e-05,-0.004218566298907156,0.007390044314272259,0.00834345171088735,0.002954796695060047,-0.0019001632853834494,-0.00125427662544908,0.008000845595952377,0.00372597191845081
2025-10-06,0.0035798195371441466,0.007482093782821941,0.003978487477229287,0.0023112169163805873,0.00459938151792505,-0.007975512809448304,-0.003232555954813421,0.018670357712141872,-0.00945177659068186
2025-10-07,-0.0037144241777040676,-0.005279583009127009,-0.010795020796759758,-0.008747489745065451,-0.007739062279332298,0.0057352997533124395,0.0018869808854855563,0.005146197838027611,-0.003650493068931837
2025-10-08,0.005945309682667599,0.011398628777667064,0.010430421048065242,0.002959484030140125,0.0079226639259522,0.0007846544670053746,-0.0012576153840342386,0.01635645771461558,-0.005222573924796414
2025-10-09,-0.002901223911274897,-0.001210987168577482,-0.0064653956332776374,-0.008266154326595831,-0.010330354337308112,-0.0007846544670053746,-0.001979228526709953,-0.018625225753275743,-0.005473935980867317
2025-10-10,-0.027399752962904422,-0.03533104885346461,-0.030400871943204955,-0.018581851440814035,-0.03759769706061267,0.01601803161542481,0.0027877494715706774,0.010047058859954383,-0.012852584684680757
2025-10-13,0.015227522994731402,0.020999244023248487,0.027459354132779445,0.007990631439197315,0.028657451466648443,-0.0005517921866173836,0.003407001766055906,0.024010471634505315,0.0063342747875658745
2025-10-14,-0.0012224493091022026,-0.0066832276878479036,0.014178219176317342,0.00450691612479126,-0.009020895154143282,0.0031968122238863472,0.0033059865383302522,0.007115811676484007,0.010208075359972923
2025-10-15,0.004429735811477542,0.007031986266514245,0.009754561949427476,0.004806404160075495,0.016290975807989216,-0.002203682618969971,0.0,0.01718391083164228,0.01440473748910609
2025-10-16,-0.006833553975196693,-0.0037098030692384043,-0.021276905855435402,0.005207472241807842,0.006479619163962891,0.0074726522720611754,0.0028504843140853,0.02311798516943142,-0.003526572760806701
2025-10-17,0.005660337038289498,0.006545306134350781,-0.0067558261984350665,0.0018004774548465718,-0.00018454640344600648,-0.0015339752587086863,-0.0019587860602818807,-0.018996349267190737,0.006492434949980641
2025-10-20,0.010346799131350615,0.012522021533166061,0.01932643161401071,0.008219117856032021,0.013565764084792598,0.003830448273611786,0.003025811989226135,0.03575507474940309,0.010040459938433166
2025-10-21,-1.4888193800466354e-05,-0.0002615786773896289,-0.004725729706283488,-0.007373146116713691,-0.01116909839254232,0.00490324003457232,0.00017762096143769668,-0.06642712220281766,-0.002827277905177894
2025-10-22,-0.005212520828669298,-0.00968069451499698,-0.01488829983653428,-0.0014811085023529458,-0.0009211755113756048,0.0006518777484476601,0.000976846182015656,0.00010605032482136068,0.004237967494823636
2025-10-23,0.0059123937905196655,0.00837127215304978,0.012577772681758859,0.004647746714601553,0.008807441768231339,-0.006866829202383684,-0.0012432187349853407,0.003994370253229462,-0.0006507943637412694
2025-10-24,0.008139338180615852,0.010621670408383466,0.012140834804830192,0.001579525166444995,0.006554993126250519,0.0004373414163687528,0.0016868410362222974,-0.0033584660498817698,0.0029253724811146853
2025-10-27,0.011728669012909698,0.01765249697257154,0.00348195390118633,0.006920423376974405,0.011009979537729642,0.00338340285692329,0.0016840708781256097,-0.02823439606845568,0.0028091200874991173
2025-10-28,0.0026524281972637453,0.007660590820871782,-0.005367958268919004,-0.0004180315393877976,-0.00035912355943601426,0.002611546982945967,8.859388922921596e-05,-0.007191829710492925,-0.0198307362153729
2025-10-29,0.00048037059570926743,0.004492882669014264,-0.008551954095207037,-0.005660969792239179,0.005729655041819548,-0.010157872496241005,-0.005683836349944293,-0.0037944582730187193,-0.02608850153974185
2025-10-30,-0.01105914037105471,-0.015406729123482954,-0.008094516489073555,-0.004425239559098237,-0.010409263785472689,-0.0058354098968509405,-0.005357968589124518,0.019451474207494712,0.004732855714593143
2025-10-31,0.0032747414377967132,0.004812434189734205,0.005620276562893878,-0.002219985039690897,-0.002348042100660752,-0.002985914825751834,-0.0040376687789205334,-0.00544534976587574,0.002582494168741789
2025-11-03,0.0018750283089969955,0.0047732977647116925,-0.0032135581721073336,0.0004232066057339168,0.006309226255660327,-0.0025041401916316985,-0.0026923276017205566,0.001791298260436669,-0.0014587245707815555
2025-11-04,-0.011924363709738373,-0.02050693054607411,-0.01742606226169041,-0.010314329522127075,-0.018498945668772748,0.002226260794521373,0.0013561328582021304,-0.017672437504169025,0.0016828940653326185
2025-11-05,0.003459411498074161,0.006486962911098182,0.014324741220224979,0.006392587122015847,0.00892941199381081,-0.010955945513017262,-0.002986052977034248,0.011498013266248108,0.0008964395696064997
2025-11-06,-0.010787303758716504,-0.018803036239942728,-0.01785499087484954,-0.002232814648343684,-0.007466138066250849,0.008952666358214678,0.005242219342411758,-0.0012012407765737976,-0.004827872059985694
2025-11-07,0.000984040583570156,-0.003160280665695403,0.005228672005441304,0.0037185649559967615,-0.0029287634635162263,-0.0021191858681799403,-0.0019853179193294324,0.006100376279774444,0.015412447899182169
2025-11-10,0.015483822200001107,0.02188301612659327,0.009966250107200203,0.010443570778186029,0.017445421353329937,-0.00022310084613419434,0.0005419064282863317,0.02697402633060797,-0.0005543353165649023
2025-11-11,0.0022866321978858295,-0.002667149992574558,0.0008602973335642972,0.007319180486841326,0.001080334451991849,0.004567963632350569,0.003964200903235238,0.003930081509220251,0.011137553650931942
2025-11-12,0.0005563526133078867,-0.0007886429130854467,-0.002459678428864187,0.00592054075381121,0.00017993066314447859,0.0017770521105502368,-0.0009894530259595413,0.015982361021277924,-0.0074847799272301785
2025-11-13,-0.016733257456753137,-0.020627233240618992,-0.028518153950065184,-0.01072426732260734,-0.01176371281614541,-0.008245246692609065,-0.004962792893021373,-0.008115943871202624,-0.012339728141036233
2025-11-14,-0.00016378559217322675,0.0007556739057177353,0.002909800258720452,-0.0028302481956297143,0.0005459812346546578,-0.005722365505841154,-0.002717447236072701,-0.01821276119826276,0.0021229233923731883
2025-11-17,-0.009360105143061404,-0.008577156285282328,-0.02007554649016985,-0.0131025717791875,-0.011897210454992813,0.002472511181272452,0.0006348085144640692,-0.011530197275275711,-0.008294081557655986
2025-11-18,-0.00843301181992473,-0.01225065038387374,0.0030458041680487824,-0.01306079270936511,-0.004983969729749571,-0.0003367401997600439,0.0004531572656114591,0.007238670232445621,0.00404363038611244
2025-11-19,0.003855793394679452,0.005952425962239438,-0.0001714700570571992,-0.0030218506222521313,-0.003522129257007567,-0.002023271645514413,9.044877144770425e-05,0.0016281258445651758,-0.007877672166783256
2025-11-20,-0.015359633788198934,-0.023956570106070885,-0.01867994210873203,-0.013931429291108799,-0.01383711645671637,0.003930234894546025,0.0013581899677586051,-0.0002933685939359165,-0.004189133937519074
2025-11-21,0.009911911962451114,0.00748476287942168,0.02793322847824964,0.015335597487107222,-0.00018829952511634218,0.0030211840820415503,0.0035221559539806435,-0.0015485295000221555,0.016094063732863262
2025-11-24,0.014611286476517549,0.025251735358100547,0.018086751748181307,0.0008630328792902375,0.010490909951810679,0.005682199839741386,0.003959064120990341,0.01572002942959294,0.002675826967669437
2025-11-25,0.009361984160780601,0.00614485142617216,0.02156651459379333,0.011899126317906905,0.0035345060300220332,0.0025517748355694536,0.0027797294886386936,-0.0003157406112368477,0.009199295729242607
2025-11-26,0.006879822175008599,0.00879683065615744,0.008813443841750868,0.010916437554112868,0.007216344614421999,0.004422901189959916,0.0033972407328715093,0.007966521739529497,0.004403344373708151
2025-11-28,0.0054435301555200155,0.00807446060164363,0.005846236315018238,0.0033673787965353696,0.0014737874483956581,-0.004755085958518812,-0.0016972485995774278,0.012347782735317558,0.003289830468776067
2025-12-01,-0.004575976706924223,-0.003364586188951968,-0.012662840213190307,-0.004949819803644395,-0.0007366222180418269,-0.012526990459948095,-0.005371123182748683,0.004809481913079061,-0.01156202758092828
2025-12-02,0.0018505380891422618,0.007795608451378833,-0.0018336792047080053,0.0033727027101697615,0.0003683789355561906,0.00045033693565255106,0.0006312511257400288,-0.006460877304548696,-0.00355044064064991
2025-12-03,0.0034568572012485532,0.0024407444791316735,0.018027864094774415,0.005351882585630463,0.0007364225870292174,0.0028112392024342014,0.002251444333571051,-0.0009300505859091146,0.002553166252631023
2025-12-04,0.0007307938573157813,-0.0009305239790373676,0.008734828992895238,0.002717247872459083,-0.00018403691355706187,-0.005404274869875714,-0.0018007640026675986,0.0006459865002765852,-0.0024420157840969736
2025-12-05,0.0018978023283446888,0.004069060108022882,-0.004178319210685011,0.0,0.007518090789808696,-0.004639312576388832,-0.0009918504898998037,-0.0017839435807109894,-0.0011119736887303944
2025-12-08,-0.003008812937245864,-0.001920345160090875,0.0003985887087472051,-0.0031360183783037954,-0.0021946522450662087,-0.0032945534114743324,-0.0020766316362959003,-0.0026429393579938676,-0.007706496081122616
2025-12-09,-0.00086355849677755,0.00123258574139129,0.0020706436923942917,-0.0013620924623305442,-0.001649048814164722,0.0010237427117889553,-0.0012663564373678327,0.005124051608821567,-0.003819398031172483
2025-12-10,0.006610369253552406,0.004087367511201201,0.013512661184751806,0.011052246194265258,0.011124357967859488,0.00385748543681963,0.004605120830794895,0.004250103468606881,0.003595027351914304
2025-12-11,0.002324189015538991,-0.0032396885435437284,0.011665993365885363,0.005892995674122936,-0.004726396497892527,-0.0013596353273639394,-0.0014425166346088147,0.010712248978542505,0.00436420138295901
2025-12-12,-0.010810139626517667,-0.019303425670942786,-0.015440574054533585,-0.005271042439613183,-0.011730281039926904,-0.009685161985480306,-0.0060629951450472674,0.0055789875076310835,-0.0012289879000251247
2025-12-15,-0.0015119923520838796,-0.005032026051910776,-0.007592296903967011,0.006095222029435021,-0.0029542509333126965,0.0006867100111982438,0.0011792157554415539,0.0009099271544501519,0.0031254146328354437
2025-12-16,-0.002736102974530752,0.0019798417903196253,-0.00474268892257701,-0.004645636454970514,-0.0063407659654264314,0.005476859153037417,0.002264085550025996,0.000227429563539161,-0.007382708476375122
2025-12-17,-0.011064643182512768,-0.01871090960391264,-0.010701304974000792,-0.008145157949194015,-0.007198391454853681,-0.0009106843815853694,-0.0010862587067164142,0.008551559438576106,0.0036982111739742862
2025-12-18,0.007523083690697874,0.014386116809326666,0.0059281094609815455,0.007091085181690104,0.011342342378115156,0.004772292266473244,0.0037962554570301066,-0.0018048314286414069,-0.005271188955703998
2025-12-19,0.009022568177218027,0.012951231102140248,0.008328291715264946,0.00672692942740305,0.00972697401938083,-0.0037394435348803157,-0.0025754405969449223,0.0011283535131116906,-0.003830586199105035
2025-12-22,0.006210583380314105,0.004781978106419338,0.011063516295215514,0.0025109675896644035,0.005383795821358284,-0.0021725292460335055,-0.00018165151143634262,0.022819254559299118,0.005124235514967879
2025-12-23,0.004560021358380517,0.004672387736510686,-0.005932880568382259,0.006146269983637431,0.0055391895610092945,0.0016011927906420809,0.0009985324282819619,0.013165297757330663,-0.0006801812191561396
2025-12-24,0.0035114744844344514,0.002921390510044475,0.002496059530679773,0.001245489946001932,0.0020233095810850976,0.006038871139361746,0.003893659960206186,-0.004142651508748152,0.00655596083146559
2025-12-26,-0.00010148843626378579,-6.422789274473928e-05,-0.00511775143650528,0.001658136875128946,0.006958487060577223,-0.003299625464517675,-9.039479881156609e-05,0.011609088487158914,0.0011258890206597982
2025-12-29,-0.0035699569121749875,-0.004852338750347407,-0.0061439591549703465,-0.0030075413691763586,-0.0025579862380253893,0.003753951485229834,0.001354851669344015,-0.04450407961760128,0.0020236559437023516
2025-12-30,-0.0012218623675659401,-0.002322080967224416,-0.007431178284516449,0.0016604543871903132,0.004016770193600028,-0.0023872715755528517,-0.0011740702422020632,0.0007273032894685727,0.002019481841404769
2025-12-31,-0.007436567412277384,-0.008299967443635481,-0.0075680036371039705,-0.00426046173569361,-0.003102472378983201,-0.007999225266506649,-0.004256242285497258,-0.006488999253824623,-0.008215643413616469
2026-01-02,0.001831446719067209,-0.0019389085586398735,0.010587280623927775,0.010462665207804811,0.02758178158676694,-0.001492592371259427,-0.0002721983735121114,0.004958545328225483,0.00033900097520511707
2026-01-05,0.006638007423090286,0.007911489419853979,0.015752757649926785,0.011373697089333668,0.010963800227806075,0.004928695642660408,0.0028100523038236958,0.02597293817991453,0.002256782097983745
2026-01-06,0.005929553622175732,0.008748217816815007,0.01316815345438549,0.001527143863321534,0.007359405598012181,-0.0020602448222160064,0.0,0.010755105002162146,0.007299695604099377
2026-01-07,-0.0032286207583078763,0.000962044442022858,-0.0023457280548671022,-0.00377115558195662,-0.007535299394223927,0.005826281767462582,0.0007238993695857232,-0.009605943617543744,-0.009782524180908858
2026-01-08,-0.0001015169741176436,-0.005705243648816527,0.010861276920765661,0.00010216380332739305,0.0003517566592359245,-0.0050245409870450786,-0.0028081587517334583,0.005507322733438791,0.008886986448390033
2026-01-09,0.006591617921563042,0.009910954884756684,0.0075603630495511,0.00884366994947694,0.0047364428472223,0.006618076248172677,0.003621866310191457,0.007215903791294664,0.0020139202241624687
2026-01-12,0.001569112847964682,0.0008294056426425556,0.00486843407009907,0.00605396854601814,0.013903543418459563,-0.0029613057108335283,-0.0011755917394644655,0.01854961673678268,0.0013402190294522498
2026-01-13,-0.00200134124289697,-0.0014839300044613424,-0.0005737688602334146,-0.005750394165160877,-0.007449143784638679,0.001709353791212287,0.002169343286342773,-0.0014220515093619213,0.005565524705249736
2026-01-14,-0.004927430990290027,-0.010740300349677767,0.007015716341822298,0.004643277848753513,0.004164554592304803,0.00579073822265741,0.002524966875218304,0.010170333239524432,0.008620826054710484
2026-01-15,0.0027195867730851475,0.00359299808355118,0.008776355883719056,-0.0004029628203845448,0.005870177001683352,-0.0002266020989489803,-0.0012617219875430408,-0.006146511992686676,0.006908961096912414
2026-01-16,-0.0008382933585862062,-0.0008366969035007443,0.0009411640210545968,0.002716424880649271,-0.0037944517791963506,-0.005791785676207972,-0.0028898465853455235,-0.00483053208751727,0.012166220046658793
2026-01-20,-0.020566801019984204,-0.021476078403984467,-0.012037951157030768,-0.015287602810623468,-0.009723950521308922,-0.01318450199976784,-0.0060779967645139266,0.03713794462564746,-0.018745143165666
2026-01-21,0.011474900590537906,0.013427821614749647,0.019647301064575906,0.010251337415573936,0.016440619051439676,0.007587865411646355,0.005987465385827839,0.014463871678662699,0.0039525795483195125
2026-01-22,0.005209710876646234,0.007243087387035274,0.007440854548272924,0.003930484576693871,0.007523979720493124,0.004343009100600703,0.0018976639163765796,0.018294219779694032,-0.009910854014844261
2026-01-23,0.00036267736987749544,0.00315244655182223,-0.018631280301978137,0.005516872041314791,0.006283471427116716,0.002733228959641565,0.0006317079002515769,0.013651695099227368,0.001990010016797328
2026-01-26,0.00506531858195558,0.0043904574626667525,-0.0031392237968894676,0.004989027974956706,0.001691420361265017,0.0047650700413752745,0.0008117214204617085,0.01452287824537457,-0.0013262332317465209
2026-01-27,0.003976375303581747,0.009024441229843028,0.0028371648912495218,0.01599553547123289,0.019580607898364022,-0.006244671513496058,-0.0010823943703064387,0.02423586666073163,-0.0003318763473139086
2026-01-28,-0.00010074273229054853,0.0033060597474747766,-0.005416429243045862,-0.010635211418914992,0.00677183096810019,-0.002280607191798012,-0.0014449225384938202,0.038040544426992895,-0.010342050501057187
2026-01-29,-0.0019863228845915515,-0.006003257117329852,0.00026578557001499803,0.006709485121666248,-0.005115917663345293,0.00022834876387456404,0.00027106428094114676,0.002705807739847188,0.013875941821141602
2026-01-30,-0.0029869906429453863,-0.01208355481946466,-0.014225363305742533,-0.009386132449844986,-0.022420240946272152,-0.005608076172772591,-0.0009943092305446655,-0.10841233744964729,0.0009917894691513496
2026-02-02,0.004958984061626204,0.006842932382386202,0.009696669993071616,0.0065302346453437465,0.00304106136969029,-0.002861176938902865,-0.0009263408109649873,-0.040873515763860446,-0.010406429272038054
2026-02-03,-0.008491368297948831,-0.01548324505083798,0.002285968655158399,0.0004929362775856205,0.005383572939964054,0.00242343841960313,0.00045416374455165,0.06164735147244915,-0.0022281197291444954
2026-02-04,-0.004855608282869461,-0.017623402544910682,-0.00863746547321309,0.0032475584165663207,-0.013513668396859302,-0.002539120501836578,-0.0012723497384694582,-0.0007046601942608532,0.014285092106736563
2026-02-05,-0.01256792756379177,-0.014499900962911205,-0.0181665428775597,-0.014348811331969635,-0.004602418721068702,0.010803592450653987,0.004808006916283247,-0.02699275619765107,-0.0014303075142585442
2026-02-06,0.019003060969852825,0.02091755534548767,0.035292036811227945,0.022470581373877252,0.025971088567003697,0.0006856328239015497,0.0005427739627288375,0.030269515441490036,0.01562273771567213
2026-02-09,0.004810177516882064,0.007630939018747895,0.006993847426691957,0.0133593002482284,0.007298096129052745,-0.00022849204612818141,0.0,0.02508561432489298,0.004218687513079189
2026-02-10,-0.002640529781896106,-0.004650130486910875,-0.002701488913499084,0.0024012264054134036,0.0014862547625176248,0.011474131113526909,0.002348999455131562,-0.00996318866202106,0.013296338446612488
2026-02-11,-0.00023118953071232795,0.0026785246318272726,-0.004556373161800131,0.0066928909630652456,0.01571741947241545,-0.005323097452958336,-0.0010835061281948555,0.011247091222494454,-0.005554270394158678
2026-02-12,-0.01556939602463725,-0.020548591921096815,-0.020630248254953187,-0.0075566029041329585,-0.011436168411562697,0.01319897778593937,0.0046864323764133076,-0.03534565209196927,-0.0011790306020396102
2026-02-13,0.0007041946807042621,0.0021287806931429287,0.013091042330652947,0.000863711941067713,0.004263000059568256,0.005476334909689129,0.0033210783191455207,0.02457422891441219,0.01426766383874778
2026-02-17,0.0016122193518963712,-0.0010306544570974907,0.0003042085950477613,-0.00019183847794401743,-0.004098694766608624,0.0016705080245840165,0.0009853116619433777,-0.03166638360095497,0.009469821839110715
2026-02-18,0.005025049056536446,0.0074394273727698135,0.0036050129535096787,0.001150702058494879,0.005243315243328439,-0.0037904871450393784,-0.0009853116619433777,0.022240759759257323,-0.011798310964206138
2026-02-19,-0.002640834320150276,-0.0038370280007997692,0.0023080517435918324,-0.002783189137414155,-0.0024543734252855387,0.0010048713049313207,0.0008063830688911366,0.002789156310915253,-0.002121523532489178
2026-02-20,0.007205720513539404,0.008809957378079325,3.77373673190462e-05,0.008135915060017318,0.02107388564990309,-0.002346009538229943,-0.0008063830688911366,0.0195226903950525,0.007511164966338413
2026-02-23,-0.010263788751311509,-0.012229435937566535,-0.01569263175603819,-0.004107568801727801,-0.011130041436338445,0.0036840945330425257,0.0010749394117093303,0.026657023717321593,0.00010551157814919776
2026-02-24,0.007242207967832925,0.01068421494538807,0.010843519034573035,0.0018170720337735702,0.015611496766859467,0.00178133269542613,-0.00026855634281819363,-0.013955835494471103,0.002526000044762
2026-02-25,0.008403004527986369,0.014389206171658842,0.004735664095020908,0.009509452087365311,0.01095857530151445,0.00011135870086764754,-0.0002686987054492107,-0.0025104111690774644,-0.002736788348292052
2026-02-26,-0.005569966258346604,-0.012137991233678314,0.005315102297244856,-0.0008522460323456826,-0.009522364428243613,0.003995730027343214,0.000626734412122687,0.008539325114314877,0.006828018861219753
2026-02-27,-0.0048135627063947695,-0.003205888846791183,-0.017368517290198504,-0.0018013950469137896,-0.0020751554769020686,0.006074362422495483,-0.0003580357066734763,0.013045947108173195,0.001778317498571269
2026-03-02,0.0005684281233362398,0.0013165290300358734,0.009138939372365762,-0.019935434063126145,-0.017408589970354882,-0.010092659447574981,-0.0033931314606627794,0.012837146760680263,0.0025049080918675415
2026-03-03,-0.008853436986445473,-0.010763310629641865,-0.01747478767623356,-0.03156760819220672,-0.05137890788589772,-0.002010854403387441,-0.0004508503297335764,-0.04563796333219461,-0.005330653980852418
2026-03-04,0.00703047343515717,0.015128145891415201,0.009673784292047571,0.012806058687256261,0.01072626241264718,-0.0031357631645816397,0.0009015678937984717,0.0077877133277795,0.0012567824800706617
2026-03-05,-0.005591112132499632,-0.0030173828003601244,-0.019286252563910367,-0.022141050571907073,-0.02434123409507105,-0.004046311223079968,-0.003972950537098896,-0.012090565447196333,-0.010098930285473706
2026-03-06,-0.013193831987551974,-0.015157481402638062,-0.023127248377811327,-0.008914273649184956,-0.005393700377061883,-0.003723755314023691,-0.0033530238056274086,0.015708476698148566,-0.01094996961117456
2026-03-09,0.008721977131278535,0.013267197145365728,0.010822503223223201,0.007198333259758272,0.019522085690595326,0.008666940185189098,0.005973211753373953,-0.0020718179527898783,0.0022422692418704315
2026-03-10,-0.0016084898896169264,1.650868492752977e-05,-0.00102564838793473,0.0023207767939972257,0.003927242370878936,-0.010703697939483447,-0.0068815537561537354,0.011216537509720403,-0.001494259684106325
2026-03-11,-0.0012558603954611058,-0.0001316744104462586,-0.002014965488749354,-0.002118725538597488,0.00255302305351357,-0.012997689316944339,-0.008210847167603674,-0.0033958635686852645,-0.010415080781920771
2026-03-12,-0.015301493421478796,-0.017312295522057042,-0.021749571533353773,-0.015778836689754883,-0.032478281707674306,-0.001952721141721625,-0.005419665631254844,-0.01984963254664507,-0.006931713987722965
2026-03-13,-0.005676140293391363,-0.005944831950842833,-0.003319877264902793,-0.011973719189315446,-0.0026373457921913257,-0.0049563821299889455,-0.0036910609715841147,-0.01302137256955227,0.0016289394003390356
2026-03-16,0.010125437546098404,0.011155022716834218,0.009404522562316942,0.018519024140380758,0.027437052326491518,0.007712242247303713,0.0047957637591276026,-0.0008900836759426767,0.008320366039326288
2026-03-17,0.0026270953594123014,0.004868369141310502,0.0063066217628291454,0.0027485803908113837,0.006317739233861808,0.0027481969357454616,0.0055965721428004045,-0.00252257105649889,0.004402088118330205
2026-03-18,-0.014051897927454426,-0.014037748997582256,-0.016248056320186777,-0.01722591998730927,-0.020463185257969307,-0.0056189784572708845,-0.005412633493978802,-0.0321484286975835,-0.014894907152851466
2026-03-19,-0.0024674041168548655,-0.0031652646492483782,0.006522898343635397,-0.0017598137034555705,0.0010417604628303323,0.0060762778965264275,0.004405767510395009,-0.04208848647076113,-0.004031734796498654
2026-03-20,-0.014439618304248114,-0.018654628147640295,-0.022089278014832736,-0.030826670156177904,-0.03496734999471851,-0.01915594181124103,-0.012348159412689519,-0.031034054726858606,-0.03149854747519143
2026-03-23,0.010445312571440546,0.011413587600841879,0.021362112710042958,0.023756524020860148,0.02957277751401044,0.006503329839655514,0.006561702764716237,-0.02285337448592628,0.007744554973891482
2026-03-24,-0.0033624665055231873,-0.006860276943047694,0.0053603948292444414,-0.005965153353059804,-0.0138805773884485,-0.004408494079553904,-0.002028638362283175,0.00022271635118187305,-0.006621165654300931
2026-03-25,0.0055573441096328224,0.006554095441750896,0.012145634126790483,0.014484787500888885,0.015798074554039587,0.009603841060531693,0.003593304180760981,0.029645532839316147,-0.0007966843778666188
2026-03-26,-0.018020103424260192,-0.02415738891303132,-0.017546497625373192,-0.020908114495275854,-0.03455023566981552,-0.00844172524774578,-0.007848288536144388,-0.03831884826591203,-0.0013669472921824521
2026-03-27,-0.017198976905875796,-0.019730019448686242,-0.01769522891865627,-0.009126672830170435,-0.004879388110149208,-0.005473059830010563,-0.002412938797570874,0.03449209165387579,-0.008241864922042375
2026-03-30,-0.0033490713993904464,-0.007672732142518512,-0.014460304184701123,0.002874235551847626,-0.008185596957102526,0.01322366567340616,0.006390951843968651,-0.00028946950554864515,0.0037859407174662962
2026-03-31,0.028653465750654306,0.033293474744137797,0.03441616854432272,0.032011078715270536,0.03658284967476533,-0.0010375755189491187,0.006258610565446965,0.03719349265015026,0.015565777282104953
2026-04-01,0.007506187626789007,0.012277521075913178,0.006270564495665987,0.015122496596829293,0.007717987026786055,-0.0009849188377897278,0.0010681519588198185,0.017348463901670108,0.003601210357147444
2026-04-02,0.0009001370277665899,0.0011459707010894604,0.006908304835669732,-0.006205244861970272,-0.011245970307973252,0.006125416280639229,0.0042244397809048095,-0.019395701723403214,0.013500948585462247
2026-04-06,0.004715567455062519,0.005999333491502057,0.004248993828884551,0.004987558822722171,0.0091470080718965,-0.0016143779063755304,-0.0015591123163689602,-0.004107092256447231,0.001439684019443277
2026-04-07,0.00043997233547177217,0.00015292557397561524,0.002177138871307882,-0.0014225365619102703,0.003495849106001536,-0.00011542531954233937,0.0011007727756124908,0.009680581273932454,0.0014376143087391213
2026-04-08,0.02515065851745213,0.02929861654857291,0.029453927651220013,0.038301371404199536,0.05317601176343345,0.0032265255979888607,0.0038432970925805776,0.006279313363379835,0.017852834730114786
2026-04-09,0.005752519061712924,0.006741928102643513,0.0057040584017578055,-0.002351386330101235,-0.00265075362663314,-0.0025343528379933034,0.0,0.007748433781413766,0.007138965405132147
2026-04-10,-0.0006620137616621946,0.0014411254517963101,-0.002522604862909006,0.002253471643597571,0.004634249530217183,-0.0024250633069433647,-0.002652093717030901,-0.001782773309261465,0.0021533694709763296
2026-04-13,0.009724896757133727,0.010289374610302993,0.014324858343981894,0.006146660474915855,0.008386129925445296,0.003001657594870366,0.0038388014246493185,-0.004057403475821175,0.0037571510042822
2026-04-14,0.012111276516131753,0.017994109443090878,0.013675931267466801,0.008040728535354091,0.01897716148737061,0.005288502084186852,0.003278702730873384,0.022103259292038047,0.009490883637186087
2026-04-15,0.00786007117385612,0.013902381380958673,0.0024902646830673447,-0.003189182321435169,-0.0006429084927352946,-0.0043667317486777435,-0.0003637305747643538,-0.010456884729500793,0.0007426761513675828
2026-04-16,0.0024543004353647646,0.004804816288567437,0.0020766289998430665,-0.0029081023171650955,0.004011229324016874,-0.006354386468570006,-0.004649696891490862,-0.0008631178955775809,0.009184518139034203
2026-04-17,0.012013260643155554,0.012999264752728834,0.021366716428643073,0.012637063509123081,0.01887594886540178,0.009114521132989495,0.005558846099530612,0.013205474549607743,0.015846887968810286
2026-04-20,-0.002001779181642682,-0.003179899438993772,0.00567679835541135,-0.003937930837744297,-0.00725436550438463,-0.0002295715704363488,-9.094138268395113e-05,-0.008648499628928441,0.0036136222048703814
2026-04-21,-0.006568402399452111,-0.0038106122979426615,-0.010292612260352385,-0.022186465111313503,-0.014829303230177615,-0.005529450973769556,-0.0038243988260777684,-0.028728747571709512,-0.01788546061919316
2026-04-22,0.01007574785022669,0.016592177358323745,0.007150789448144401,0.0033399419359128046,0.01798981985097825,0.0019618252805022607,0.001913992237763118,0.013158850718081538,-0.008323350236842941
2026-04-23,-0.0038882668019617483,-0.005648602995920626,-0.0034782755853237646,-0.007184715092646954,-0.016384673733604416,-0.0021928127800387998,-0.0027354785932383052,-0.009742663076259817,0.010210157025507094
2026-04-24,0.007719371806151898,0.018946857348059787,0.004092863131269553,0.005221354291262692,0.022048637268384574,0.0018467665253840693,0.000730259189225535,0.005114015549751549,-0.0019917114109553324
2026-04-27,0.0017214591046581518,0.0005270551084137765,0.0017697904198374914,-0.0038394739892364527,-0.0015701146511961639,-0.00497127761463112,-0.0028325339798760396,-0.007785532512715854,-0.005471398006299033
2026-04-28,-0.004877858169884952,-0.010107670226959797,-0.011723265332054922,-0.004151459677872893,-0.010266188585106306,0.0010425888026546204,0.00045734595010138435,-0.018737366254643284,0.00913725178031033
2026-04-29,-0.00015464636054574044,0.006094956242190364,-0.006703518968299349,-0.010254452856893082,-0.004774066052024573,-0.0077875541770442425,-0.005594462904872088,-0.010723068864617602,-0.007871980519409405
2026-04-30,0.009900512962030206,0.009283050014774474,0.02141715859593507,0.023635209954139924,0.020524934116527227,-0.0009340208676595907,0.0011030702976393414,0.01486229443655418,0.014956141938562872
2026-05-01,0.0027652305949423805,0.009553839094710526,0.004701593111829716,-0.0021523838790091787,0.0021853689121762443,0.0035691389524572514,0.0016127171695208276,-0.0011336522597229504,-0.0028068609933464828
2026-05-04,-0.003670107564048841,-0.0018856450433872851,-0.005025481148278388,-0.013806984468291539,-0.00046792991450406163,-0.007621627825447064,-0.0032281109993954615,-0.020218142966322183,-0.006265676903439932
2026-05-05,0.007990235787736388,0.012890611441448208,0.016701564434263183,0.013219138139688447,0.020078011068538792,0.005516773790544605,0.0036884202195759386,0.00854767057380812,0.00313774578207493
2026-05-06,0.013803707675275945,0.02056152005247558,0.014894123065237075,0.026784252791144603,0.03145706846676699,0.007579855310866357,0.004957757154904208,0.029888127796577457,0.013793268182483942
2026-05-07,-0.0030707990184799527,-0.0011936533232645985,-0.015956459455725103,-0.018488662556125135,-0.013425044219356863,-0.005008007759645494,-0.00412979115453993,0.0016692975079797279,-0.007235859756494989
2026-05-08,0.00822215996491149,0.023170322549315614,0.006744046247490587,0.010345732518485917,0.02007063521517427,0.005008007759645494,0.004221358237926687,0.0048298583279891005,0.002383283743997211
2026-05-11,0.0022749738046146106,0.0028922052917907948,0.004073655754133654,-0.002118468013680541,-0.0007362469243927805,-0.006059299055217515,-0.0024755436108412354,0.002026681102102579,0.000724235090724612
2026-05-12,-0.0015160463008792036,-0.008517965885226353,-0.009719981063043726,-0.005800472999212936,-0.030964995685129892,-0.006684362353388096,-0.0034025755184785567,-0.003965060284397914,0.0
2026-05-13,0.005579259663933023,0.010506869811020891,0.0003537766343342241,0.006667671696151345,0.02089830290008088,-0.0022378127246778234,0.0005526062426524092,-0.005628711330521341,-0.00830832648004165
2026-05-14,0.007863252920174979,0.007082521408242393,0.00627745084165543,-0.0035698696843651234,0.0025261895918102795,0.0014138754877262016,-0.000644570370138986,-0.0076716482577579015,-0.005962025618364564
2026-05-15,-0.01210222545875883,-0.015202633423097467,-0.02437626627331113,-0.016961162934272522,-0.03488466004944879,-0.014948521252817315,-0.006376887789041774,-0.023494231397838128,-0.014902707892706424
2026-05-18,-0.0007037610242743852,-0.004311596314661159,-0.005889140016341443,0.009198665531516603,-0.0015379386012481788,-0.0011961997715630446,-0.0018559452579101077,0.002728150184871936,0.01164523047013244
2026-05-19,-0.006683166915053107,-0.006181486111535683,-0.010820351788967564,-0.007234416713561842,-0.010988221929604691,-0.0064833696029387156,-0.005028463541155048,-0.016700574279936653,0.002837756137346936
2026-05-20,0.010196864156768903,0.01642810405387518,0.024853408470896454,0.016542223896848895,0.01850184510249253,0.010663361880437705,0.007718508376213684,0.01423595990327442,0.012619414316908717
2026-05-21,0.001981165649588057,0.0019051493012325338,0.009317902112557341,0.005485779479270647,0.008669947975529446,0.0036876176309750264,0.0020359222668915322,-0.0009827627438161457,0.0018637541497819043
2026-05-22,0.0039238573555229195,0.004231700104706526,0.00926694782516524,-0.00201755750913879,-0.0022743793867441298,0.00544699226506129,0.0018472028920530903,-0.007631102906283438,0.0010339376830375002
2026-05-26,0.006616651462080014,0.01759940870283483,0.018728014569476592,0.010999055422747261,0.037537979361803586,0.004947600645357042,0.0037761213615858935,0.0004348594550149798,0.004639417030502635
2026-05-27,-0.00017327873570760488,-0.0011372140589216428,-0.0004821630395808185,-0.003430218685863906,-0.00014621597785424711,0.002347389671737865,0.0013780813373278633,-0.013398563535697683,-0.0030905518788886255
2026-05-28,0.005501465824292673,0.008395584540644485,0.005700725926215178,-0.0007638384665877851,0.003211711486192037,0.005144997031425014,0.0030247701058501164,0.010423100202116231,-0.0038248132791753875
2026-05-29,0.002488314707636441,0.003677306288247806,-0.005494041069770361,0.001050219977530631,-0.00014576840712532402,0.0002332151831758722,0.0009149203156839647,0.010483427987445282,-0.008842806083889876
2026-06-01,0.002719362944960224,0.005982305971066637,-0.005005059484848751,-0.003441038308971578,0.02134496900553806,0.0005384189986310517,-0.00015607923327998208,-0.01414829684018315,-0.016966512251094024
2026-06-02,0.0013570749138125393,0.004593940478789804,0.009231187302960464,0.005537953768578241,0.010221569280840725,0.0021037456528452125,-9.187273647537353e-05,0.0016763707549163342,0.004559637742734601
2026-06-03,-0.0070418987922362675,-0.0026167416357907314,-0.013774605848723809,-0.008606643187413887,-0.012507385480269306,-0.003977494638381707,-0.0027580527516617437,-0.009953528184733607,-0.0011643751130927527
2026-06-04,0.0037715131775781785,-0.004849110671583112,0.014973936334847338,0.007939889436159753,-0.01179697019251602,0.00222459048055601,0.0021152037191543016,0.008301422193564001,0.017742288814114993
2026-06-05,-0.02614827540614506,-0.04919128136652162,-0.03612289788148004,-0.025965371510761948,-0.06749512794560086,-0.005159443880558001,-0.006266705439761822,-0.03722984276849228,0.00715440614159224
2026-06-08,0.002261662952053989,0.01549503760517279,0.008696370231902506,0.006044617782602124,0.017800033795019488,-0.005186110651325571,-0.0010175288726905762,0.002596058990330441,-0.013731668127793917
2026-06-09,-0.0029397539099473846,-0.011573979178239213,0.0031977967967895538,0.00019441223446747813,0.0010641194711045188,0.0058913230617232415,0.003233764984398313,-0.016471383961975228,0.02278238623608253
2026-06-10,-0.015891191735610377,-0.020178737910711675,-0.010475085363119696,-0.013009417752961383,-0.017780933196300808,-0.002823656654014073,-0.0023086115936923335,-0.042339376208338386,0.00010243800086850996
2026-06-11,0.016854026987735082,0.03321795329808097,0.02920950290908575,0.03063744372622068,0.042984750481767975,0.012876381674604254,0.008469890784824408,0.030860698069963277,-0.0007168922136262523
2026-06-12,0.005393635479095771,0.0058674384217578535,0.008708232354891265,0.0027650692716871816,0.005613863945283626,-0.002445457038728449,-0.0006419765790699472,0.000569317139269998,0.009178107106411204
2026-06-15,0.017480334223182403,0.030930450325271863,0.008127657087000806,0.006709688394362701,0.03236029539994334,-0.0005830827328967558,-0.00018347736121526736,0.025566728082746515,-0.007029049110789387
2026-06-16,-0.005979416619848799,-0.01918834602839148,-0.00872668494138118,0.002207359485573157,-0.016041974413836257,0.005467941591100534,0.0011920723089708929,0.0027198311858462887,0.0024504467377948203
2026-06-17,-0.012566523983086775,-0.010121457029139691,-0.007560608211167441,-0.005093949105403617,-0.0011662076078904349,0.0016230278053104286,-0.0032126902137550317,-0.022971384282330476,-0.025302061989025404
2026-06-18,0.010343302943807586,0.024756452193265943,0.019506327116645572,0.0060522291991533805,0.03200852203935334,0.004853248737092919,0.002754325452421824,-0.0038158427778745008,-0.00052314768608408
2026-06-22,-0.003151890258165757,-0.0025132624409147652,0.008723967741726568,0.001626854892299967,0.005915484418207662,-0.007637184219897009,-0.0026623970076125048,-0.006556887617395368,0.010720923577427044
2026-06-23,-0.014628488737257861,-0.0334834078836872,-0.009637780103051163,-0.020479876693039856,-0.05840655311854359,0.0012768616815801437,0.0011944431902835007,-0.019084169061679646,0.013062664368931998
2026-06-24,-0.00046360781728793654,-0.0042548587368704816,0.004628285739999072,-0.001953859033555716,0.0011903264631829558,0.013596271449588748,0.00458036025472186,-0.030678886222522017,5.159274106958378e-05
2026-06-25,0.0014445929017767867,0.008072937699171057,0.007454654503832536,0.008665643768036801,0.010502264850220655,-0.00034329174180758315,0.0008222865502522936,0.009627690032062652,0.0018537626413950292
2026-06-26,-0.007257604951134589,-0.013859221316670833,0.00307311967431545,-0.005931279026031966,-0.011394820064253963,0.00011450257258971419,0.0,0.011223558982924153,0.015113079676404517
2026-06-29,0.016340575381773803,0.024550369189523025,-0.0028724062453866495,0.008835399407673528,0.0035655640043916748,0.0010295805739888308,0.0018248706071943843,-0.013608268012377245,-0.005283994042848406
2026-06-30,0.007756654451963385,0.016871575391120608,0.004938187364649238,0.004147985662878995,0.01442903903238335,-0.011848130927508471,-0.005759563594839534,-0.0005427206271182428,-0.017679576581834944
2026-07-01,-0.0013534191061408407,-0.015367395952346818,-0.0037681783065233176,-0.008313248802418904,-0.028617865262107856,-0.006782390489768808,-0.0020999364044103075,0.006008302974758628,0.004036221672524931
2026-07-02,-0.0013149148653202047,-0.017485867648645126,-0.005830159918055244,0.01301919259560158,-0.011802322001909005,-0.00011689558432159686,0.0016582182965088066,0.02011473443068912,0.012317923874408443
2026-07-06,0.008689528677137126,0.01424001972846245,0.004425964214765266,0.010389421273268695,0.02806521400697104,-0.0007019305716999824,0.0002760435764139757,0.010522812875633392,-0.007989377754682003
2026-07-07,-0.0047632164650197595,-0.018698418259860183,-0.009107933798950363,-0.01240351180228938,-0.027760781304275284,-0.010588242898537992,-0.007296231332258429,-0.012216825224767192,0.011858692085823463
2026-07-08,-0.0030941912284268014,0.002829268143230479,-0.009191547078067686,-0.007710167679363167,0.00773027143951488,-0.0022497123600189184,-0.0019485115784370066,-0.008085737106823032,-0.016393793756152242
2026-07-09,0.008429627403644169,0.016505374411663887,0.012730323597399007,0.0054033088030998044,0.008270033053152659,0.0015398091351448429,0.0003714753160783957,0.0099119380907835,0.002991319854389829
2026-07-10,0.004300856224388028,0.0030784063524382788,-0.004214295643004462,0.003937615287988194,0.0017953737065008468,-0.00023674644416349366,-0.0023237910054474398,-0.003098515188066031,0.002366169116180039
2026-07-13,-0.0076855993121922594,-0.019162206825520833,-0.008516027954394545,-0.010502615871958554,-0.03653376614081072,-0.005936859062353861,-0.004663701160273703,-0.02655571613253116,0.005226782406511532
2026-07-14,0.0035443492832563095,0.011107904669584556,0.003503451846436967,0.00694984680822941,0.017976948518487745,0.0013092023241121353,0.0023345693412366586,0.013580960339774073,-0.002661231193940239
2026-07-15,0.003955796431439396,-0.0027131942608766835,0.004269050049931167,0.006615262506036501,-0.0015239026988842497,0.0019010821113418785,0.003445248330755213,0.0005373061432996096,0.002967826105868987
2026-07-16,-0.00543335077895879,-0.016577121365890513,-0.00060867568562184,-0.008059181785663228,-0.02127079626358519,-0.00035624048891857996,-0.0007439869628145246,-0.020046553425765445,0.022332045954776447
2026-07-17,-0.009946502615283848,-0.015143673909127742,-0.005257536681850361,-0.004634513740408686,-0.014120120104938572,0.003674530678621224,0.0005580778766862693,0.00940872323854336,-0.0004998056246074967
2026-07-20,-0.0016156579694559525,0.0010492824126089317,-0.005900932651464963,-0.007382278602691805,0.004257010021923691,-0.007481766161737902,-0.003819167752723729,-0.002201051276090382,-0.005413479748122008
2026-07-21,0.008306730429463727,0.018377311188777945,0.014367277539028223,0.014422143056605385,0.02761998685121725,-0.0027453597195465917,-0.0028037093061099583,0.01942381730587961,0.0004019425796109033
2026-07-22,-0.0011634432749483281,-0.005119072288864324,-0.009316966355222611,0.001824228278278106,-0.005370971089831755,-0.0026331999123438976,-0.0016860930969269106,0.011433540388900987,-0.005036779227918231
2026-07-23,-0.012426139461537034,-0.019165916674813488,-0.005803305959886984,-0.013034203010152012,-0.0060189918679762755,-0.003241206086914694,-0.003850949916650137,-0.020250095841770843,-0.003338167109657064
2026-07-24,0.0010154500124723853,-0.01123409236719386,-0.0031545769140022273,0.0049440469416177635,-0.019855207726888757,0.000961439371976347,-0.0002823776009828194,0.0010223155810828999,0.02125388392590466
2026-07-27,0.00021659308437449454,-0.0030885015793877812,0.005958022215518888,0.004823470497266946,0.0045686900907622174,0.005988051770536629,0.0026323803731367335,0.0073139007421554325,-0.0026818654774229955
2026-07-28,0.0023919038134989634,-0.009767249301846803,0.001569214907875427,-0.00019253390018203476,-0.020003815554887616,0.005833750548327465,0.002999860902075824,-0.014140046791040639,0.0040696471579275695
2026-07-29,-0.015507060371370507,-0.02058075074336685,-0.016496849074952635,-0.005017830056670114,-0.02090331173922877,-0.01663817677141921,-0.005726336570925916,0.004618798129091495,-0.0028767767992645688
2026-07-30,0.016626750016149217,0.03244220027850542,0.013834597728122233,0.027385854469740956,0.040435485440978525,-0.0006036463317249385,0.001787093771125292,0.01625187370765513,-0.011691422599734658
2026-07-31,0.007174073876847764,0.006474500229845859,-0.004762008850134336,-0.006231688882244235,0.007832060697153587,-0.006664738644658996,-0.0015047620219146296,-0.015012957345256872,-0.005442473922296465
2026-08-03,0.01414251217533824,0.017406051756299945,0.017092119967827557,0.004158747158160558,0.0035823317500343066,0.0032905397241647094,0.0030014147400123647,0.00045740440799146853,0.0012120266973720817
2026-08-04,0.0178683579465595,0.03340381436612194,0.018363798572970325,0.012187298817369019,0.0257841219003625,0.007635924286867102,0.006107058120582209,0.006569565835270907,-0.0015152437617773629
2026-08-05,-0.0019985582639074906,-0.00909000875762267,-0.006450744555038135,0.0010244528053275914,-0.004251430283056301,0.002171038993343366,-0.0001873908499536725,0.04053975029237389,0.0
2026-08-06,-0.0015990843238400387,-0.0037011995969722378,-0.005083390101805918,-0.0006517966106809325,-0.010708448496857592,-0.005799975458082862,-0.003566394030395159,7.698804899458622e-05,-0.008935856144540288
2026-08-07,0.0060967053439417995,0.011657809076050185,0.011036885039468203,0.011023245529680814,0.009490393676909292,0.002904238957678551,0.0017848228623913442,0.022331954604684512,0.003970070743338994
2026-08-10,-0.00029748737352264243,-0.002991946470674911,-0.005253137271570729,-0.004987089229682162,-0.007186044675720815,-0.00849424374325114,-0.005552751753914897,0.010162275879128657,-0.013501275850135386
2026-08-11,-0.003200315532556175,-0.0033626784567610812,0.0033611882028736773,0.0007403443394613518,0.003981661298104733,0.001583016963444983,0.00028310573248280235,-0.003932841633815798,-0.007545680176660241
2026-08-12,0.002501477589379242,0.007280828073609413,0.005698195546185225,0.003785993432590118,0.015619375605028907,-0.0009738533381815628,0.0012258421216051474,0.009827899495455483,0.009603051030182996
2026-08-13,0.006953284861624276,0.011499189069700932,0.0026063302036094527,0.0017496430566863452,0.0033048133084809805,0.005828759307789255,0.004043803899826948,-0.014828410072125209,0.012966686106591574
2026-08-14,-0.0019817129766526165,-0.00136692339173905,0.005225265087362985,-0.0004601578449259236,-0.0010503368711640704,-0.006681636312205086,-0.004043803899826948,0.006296606490295176,0.002532801063875212
2026-08-17,-0.0047385716358698815,-0.0016427950154094262,-0.0033817525757076083,-0.0017504490591591093,0.010602639201243491,-0.00844605759654371,-0.003965700748045364,0.009938441945241294,-0.008637810443564042
2026-08-18,-0.006778668306983704,-0.017079530972844204,-0.01267615005252587,-0.010940219818023067,-0.029853014663446586,0.003803525722482881,0.0013236001809371345,-0.01726325801008688,-0.0036809918773998973
2026-08-19,0.0020955874590908863,-0.001994982000806722,0.00495047194383158,0.0036291578332239283,0.01171568045190341,0.016517120357391946,0.006873557542245834,0.037646486600839246,0.010090263939343203
2026-08-20,-0.008435305290223738,-0.007217954657645187,-0.013513873695544909,-0.0028836370375824316,0.007684843415272091,-0.008224551670485525,-0.004797054656591193,0.0034254367525550222,-0.00010143640064352866
2026-08-21,0.004082883667180681,0.003524382530319059,0.007663616594354217,0.008256454015744374,0.0074772290862981095,-0.0035281260282387095,-0.001320925091046199,0.019317992727441613,-0.0010146979551013402
2026-08-24,-0.002942761794906268,-0.010029941338312476,-0.006656378035729382,-0.0019420090972532833,-0.0151620725015702,0.00619643332087616,0.0024517285790039978,0.007834913645818453,0.006072877760534112
2026-08-25,0.0031908436064487233,0.006210096521784614,0.004219787589462065,0.007194264496361846,0.017096987904097638,0.010962056811702148,0.006383772905097729,0.003228990748476157,0.0015124936287227442
2026-08-26,0.00022198303953846477,0.0009141819082563174,-0.001003097409257414,-0.004975143207985866,-0.0011903264631829558,-0.00203871983724202,-0.000748928802211779,-0.015894093368133966,-0.0064692370335119875
2026-08-27,0.006531468077386471,0.013598989822028784,0.0029394344789546167,-0.00231171222981974,0.006529218111355206,-0.002042976836614585,-0.00046834754482460994,0.0030334622724064175,-0.009783009585100366
2026-08-28,-0.0022720660992030517,-0.006511136081480018,-0.013634384610264227,-0.0027810848121969656,-0.006975927668960935,-0.0030118769129776624,-0.003566728716323908,-0.03297991258547395,-0.004207545469403939
2026-08-31,-0.0029940256592606573,0.00046053502342946473,-0.0061729209247900485,-0.002509684588719807,-0.001788950240531051,-0.0043531091656259235,-0.0013173207572947376,-0.0011501174740704556,-0.008261048851027297
2026-09-01,-0.006894123891848736,-0.012805559656071885,-0.01149706248906579,-0.008974530719958018,-0.003737204626927948,-0.004083399991269054,-0.005175687849502175,-0.02898973015866524,-0.001452728134064607
2026-09-02,0.004427102334962463,0.0022584499188251783,0.011769239575923685,0.00533833819423446,0.005675118098984022,0.0009766110141278261,0.0012347178622000854,0.015084144741502215,-0.005414468324593358
2026-09-03,0.010414003480534006,0.011815869134703227,0.004005486693348104,0.010684372961762278,0.0047541270391811,0.0014632699725662945,0.001422827149824002,0.0183030999814644,0.009145822133842074
2026-09-04,-0.003861678953595238,0.0017959243574896533,0.0027740448919066907,0.0012929387765954203,0.01806608207492566,0.0017044001044554946,-0.00018955960572686337,-0.008445715995856418,-0.006643236161421484
2026-09-08,-0.005507316395267914,-0.0008349381528045541,-0.004537178316111223,-0.005460161973425137,0.0018905682060479378,-0.00012167309146793315,0.0,-0.01748358308614506,-0.0009377061309283619
2026-09-09,-0.0046585516658250725,-0.002857785013367753,-0.013770693404572931,-0.01119836804508978,-0.005097942158711177,-0.005734092334632734,-0.0016130351009318034,0.009040381467557701,-0.010373623172664992
2026-09-10,-0.006012313492504084,-0.010694831926934434,-0.01016712089024363,-0.008481757485441221,-0.021849161463162403,-0.011691777577679474,-0.009061892092415036,-0.017481834281749542,-0.008674545797560107
2026-09-11,0.008488174761488665,0.008696504452302634,0.0041277917888145055,0.009794703310872954,0.012459318111115003,0.0011135660468442055,-0.000383370864086352,0.006061929797228416,0.0071988484116483065
2026-09-14,-0.004471636365302345,-0.008005340585984122,-0.0033981687487099066,-0.007998146541024376,-0.027648754478784454,0.0007416262078132618,-0.0001917039868120085,-0.0149823870630863,-0.004970149379592392
2026-09-15,-0.004597303834846578,-0.006564286288720744,-0.007059225362532118,-0.004260332581099924,-0.0034913997901160343,-0.0027221152856098385,-0.00019181390686195954,0.00332913705322202,-0.00244126169709169
2026-09-16,-0.004419632688992259,0.0002554428328460645,-0.0042877834662871095,-0.003611874339286558,-0.0006084714898113575,0.002104068760623967,0.001628881425883577,-0.006133202522902614,-0.006610484794459026
2026-09-17,0.011274951874012729,0.017163715296351967,0.005304233853051343,0.009665613809612061,0.01794517578322452,0.011066159256339247,0.00677457590067565,0.01675775279382652,0.0035238885314781143
2026-09-18,0.0012861316309864534,0.0062988581378702335,-0.004670479141538841,-0.010141783377843439,0.0017917746319771055,-0.006501878799978655,-0.0043839459569952055,0.007029228798811182,-0.009640112043964422
