Date,SPY,QQQ,IWM,EFA,EEM,TLT,LQD,GLD,VNQ
2021-09-17,412.842529296875,362.79800415039062,208.51094055175781,68.770133972167969,45.673412322998047,125.05015563964844,110.82264709472656,163.77000427246094,87.7984619140625
2021-09-20,405.9586181640625,355.3013916015625,203.5531005859375,67.497245788574219,44.446445465087891,126.60097503662109,111.16649627685547,164.94000244140625,87.262092590332031
2021-09-21,405.57525634765625,355.7386474609375,203.86235046386719,68.163589477539062,44.775409698486328,126.49205017089844,111.15833282470703,166.03999328613281,87.303359985351562
2021-09-22,409.53152465820312,359.0614013671875,207.0301513671875,68.505294799804688,45.335556030273438,127.24649810791016,111.46947479248047,165.41999816894531,88.153274536132812
2021-09-23,414.50729370117188,362.37442016601562,210.69467163085938,69.248527526855469,45.691192626953125,124.37112426757812,110.69981384277344,163.50999450683594,87.979995727539062
2021-09-24,415.19015502929688,362.71441650390625,209.67848205566406,68.599273681640625,45.148838043212891,123.15554809570312,110.46238708496094,163.30000305175781,87.039260864257812
2021-09-27,414.00228881835938,359.81924438476562,212.86526489257812,68.556549072265625,45.442241668701172,122.70293426513672,110.40513610839844,163.63999938964844,85.868553161621094
2021-09-28,405.65936279296875,349.63717651367188,208.02398681640625,67.061553955078125,44.855434417724609,120.79152679443359,109.22614288330078,162.05000305175781,85.287368774414062
2021-09-29,406.34210205078125,349.06399536132812,207.58213806152344,66.90777587890625,44.437549591064453,121.00114440917969,109.20162200927734,161.32000732421875,85.926689147949219
2021-09-30,401.375732421875,347.78152465820312,205.63623046875,66.642959594726562,44.793197631835938,120.98440551757812,108.91503143310547,164.22000122070312,84.506881713867188
2021-10-01,406.14572143554688,349.93832397460938,208.95460510253906,66.805274963378906,44.748744964599609,122.00249481201172,109.70665740966797,164.58999633789062,85.702499389648438
2021-10-04,400.9080810546875,342.59335327148438,207.05570983886719,66.104743957519531,44.090805053710938,121.69199371337891,109.52615356445312,165.36000061035156,85.719108581542969
2021-10-05,405.0794677734375,347.21792602539062,207.7701416015625,66.557525634765625,44.401985168457031,120.51685333251953,109.07499694824219,164.58999633789062,85.129615783691406
2021-10-06,406.7630615234375,349.44284057617188,206.68913269042969,66.11328125,44.153038024902344,121.19673156738281,109.10779571533203,165.02999877929688,85.943283081054688
2021-10-07,410.27978515625,352.64907836914062,209.87590026855469,66.625862121582031,45.015476226806641,119.92930603027344,108.62382507324219,164.16000366210938,86.175773620605469
2021-10-08,409.53152465820312,350.89056396484375,208.29660034179688,66.617324829101562,45.184402465820312,119.08987426757812,108.1234130859375,164.22999572753906,85.362083435058594
2021-10-11,406.56661987304688,348.19931030273438,207.10270690917969,66.40374755859375,45.095493316650391,118.7877197265625,107.91837310791016,163.91999816894531,85.577957153320312
2021-10-12,405.5657958984375,346.98486328125,208.24017333984375,66.43792724609375,44.86431884765625,120.81896209716797,108.60737609863281,164.66000366210938,86.6988525390625
2021-10-13,407.02490234375,349.76348876953125,209.22724914550781,67.095733642578125,45.486690521240234,121.99411010742188,109.15705108642578,167.58999633789062,87.329872131347656
2021-10-14,413.87136840820312,356.2049560546875,212.32937622070312,67.762069702148438,45.628963470458984,122.44742584228516,109.67382049560547,168,88.39263916015625
2021-10-15,417.02334594726562,358.44927978515625,211.66197204589844,68.325904846191406,46.180206298828125,121.73391723632812,109.280029296875,165.33000183105469,88.326210021972656
2021-10-18,418.25787353515625,362.05380249023438,211.53976440429688,68.035438537597656,46.064617156982422,122.30466461181641,109.18984222412109,164.91999816894531,88.550399780273438
2021-10-19,421.48471069335938,364.79354858398438,212.32937622070312,68.445503234863281,46.678104400634766,120.61757659912109,108.59102630615234,165.44999694824219,88.591911315917969
2021-10-20,423.14022827148438,364.31756591796875,213.739501953125,68.684715270996094,46.669216156005859,119.80339050292969,108.32854461669922,166.89999389648438,89.986801147460938
2021-10-21,424.24380493164062,366.5423583984375,214.28472900390625,68.360076904296875,46.366909027099609,119.66067504882812,108.09881591796875,166.75,90.111343383789062
2021-10-22,423.80419921875,363.46258544921875,213.77711486816406,68.770133972167969,46.269115447998047,120.97847747802734,108.5335693359375,167.77000427246094,90.534782409667969
2021-10-25,426.07699584960938,367.18368530273438,215.8076171875,68.633438110351562,46.509174346923828,120.79383850097656,108.58283233642578,168.92999267578125,90.825386047363281
2021-10-26,426.46047973632812,368.33981323242188,214.18128967285156,68.770133972167969,46.269115447998047,121.79264831542969,109.05037689208984,167.67999267578125,91.074455261230469
2021-10-27,424.57119750976562,369.19482421875,210.24249267578125,68.49676513671875,45.89569091796875,124.00859832763672,109.71482086181641,168.1199951171875,90.302322387695312
2021-10-28,428.66781616210938,373.29476928710938,214.43511962890625,69.163101196289062,45.940143585205078,123.58892822265625,109.55072021484375,168.08000183105469,91.5643310546875
2021-10-29,429.53765869140625,375.13107299804688,214.37873840332031,68.761581420898438,45.2733154296875,123.96664428710938,109.49333953857422,166.64999389648438,90.534782409667969
2021-11-01,430.27658081054688,376.41354370117188,219.9344482421875,69.427925109863281,45.628963470458984,123.07411193847656,109.2977294921875,167.52000427246094,90.983146667480469
2021-11-02,432.01617431640625,377.98745727539062,220.39503479003906,69.282699584960938,45.219966888427734,123.62039184570312,109.71692657470703,167.16000366210938,91.414894104003906
2021-11-03,434.65374755859375,382.00003051757812,224.33384704589844,69.846534729003906,45.433353424072266,122.34288787841797,109.43745422363281,165.77000427246094,91.72210693359375
2021-11-04,436.70205688476562,386.89675903320312,224.24925231933594,69.803825378417969,45.326656341552734,123.62874603271484,110.01280212402344,167.64999389648438,90.850303649902344
2021-11-05,438.21734619140625,387.26583862304688,227.31379699707031,69.906326293945312,45.2733154296875,125.477783203125,110.81826782226562,169.83999633789062,91.315261840820312
2021-11-08,438.59133911132812,386.74127197265625,228.01889038085938,69.897781372070312,45.691192626953125,125.24245452880859,110.56348419189453,170.44999694824219,91.24053955078125
2021-11-09,437.14169311523438,384.07919311523438,226.69340515136719,69.744010925292969,45.51336669921875,126.87287902832031,110.85939788818359,171.28999328613281,91.398284912109375
2021-11-10,433.62493896484375,378.43435668945312,223.1212158203125,68.898269653320312,45.326656341552734,124.55332183837891,109.72512054443359,173.14999389648438,90.974838256835938
2021-11-11,433.76522827148438,379.483642578125,224.91671752929688,69.146011352539062,46.109066009521484,124.36836242675781,109.41278076171875,174.1199951171875,91.124305725097656
2021-11-12,437.038818359375,383.476806640625,225.14230346679688,69.521903991699219,46.233547210693359,123.82205963134766,109.2977294921875,174.44999694824219,91.057861328125
2021-11-15,437.18844604492188,383.38931274414062,224.24925231933594,69.393775939941406,46.082401275634766,122.26729583740234,108.46761322021484,174.17999267578125,91.697189331054688
2021-11-16,438.91873168945312,386.1195068359375,224.66290283203125,69.239982604980469,46.144641876220703,121.95631408691406,108.28676605224609,172.91999816894531,91.091079711914062
2021-11-17,437.85244750976562,386.32345581054688,221.72053527832031,69.154556274414062,45.904579162597656,122.92282104492188,108.72240447998047,174.5,91.373390197753906
2021-11-18,439.33963012695312,390.32638549804688,220.78047180175781,69.222900390625,45.344444274902344,123.38507843017578,108.96895599365234,173.94000244140625,91.389976501464844
2021-11-19,438.55404663085938,392.50271606445312,218.76875305175781,68.633438110351562,45.2733154296875,124.687744140625,109.37992095947266,172.61000061035156,90.850303649902344
2021-11-22,437.31936645507812,387.94598388671875,217.83811950683594,68.231925964355469,44.908771514892578,123.22533416748047,108.42647552490234,168.74000549316406,90.401939392089844
2021-11-23,437.89932250976562,386.17782592773438,217.46211242675781,68.163589477539062,44.86431884765625,121.44359588623047,107.65391540527344,167.27999877929688,91.132591247558594
2021-11-24,439.06838989257812,387.42135620117188,217.69712829589844,67.7108154296875,44.802085876464844,123.39346313476562,108.17174530029297,167.1199951171875,92.236885070800781
2021-11-26,429.27569580078125,380.07632446289062,209.49049377441406,65.89117431640625,43.299491882324219,126.51145935058594,109.05116271972656,166.85000610351562,89.671302795410156
2021-11-29,434.54150390625,388.32498168945312,209.35884094238281,66.224357604980469,43.468429565429688,125.49459838867188,109.12516021728516,166.6199951171875,90.335525512695312
2021-11-30,426.08633422851562,382.621826171875,205.09101867675781,65.6434326171875,43.423969268798828,127.40235900878906,109.36350250244141,165.5,88.625114440917969
2021-12-01,421.35379028320312,376.11233520507812,200.47537231445312,65.267555236816406,43.584011077880859,128.18827819824219,109.37914276123047,166.16000366210938,87.163825988769531
2021-12-02,427.80731201171875,378.822998046875,206.06864929199219,66.079116821289062,44.117473602294922,128.34817504882812,109.63437652587891,165.24000549316406,89.779205322265625
2021-12-03,424.08493041992188,372.23574829101562,201.83845520019531,65.805755615234375,43.495098114013672,129.87965393066406,110.54834747314453,166.6300048828125,89.480300903320312
2021-12-06,429.107421875,375.21853637695312,205.89006042480469,66.43792724609375,43.832954406738281,128.09576416015625,109.98844909667969,166.22000122070312,91.049568176269531
2021-12-07,437.98345947265625,386.51773071289062,210.66552734375,67.838966369628906,44.526462554931641,127.06072235107422,110.03783416748047,166.80999755859375,92.361419677734375
2021-12-08,439.14315795898438,388.2471923828125,212.10380554199219,67.967094421386719,44.704288482666016,124.86454010009766,109.30501556396484,166.89999389648438,93.025657653808594
2021-12-09,436.17828369140625,382.534423828125,207.30014038085938,67.403282165527344,44.490898132324219,125.56293487548828,109.21444702148438,165.8800048828125,91.680595397949219
2021-12-10,440.28427124023438,386.69271850585938,206.72671508789062,67.548492431640625,44.526462554931641,125.26007843017578,109.33797454833984,166.58000183105469,91.962882995605469
2021-12-13,436.38406372070312,381.10626220703125,203.70559692382812,66.915756225585938,43.820323944091797,127.11122894287109,109.83197784423828,167,92.826385498046875
2021-12-14,433.38177490234375,377.16168212890625,201.95182800292969,66.559410095214844,43.721118927001953,126.80831909179688,109.33797454833984,165.44000244140625,91.639068603515625
2021-12-15,440.15328979492188,385.75994873046875,205.15773010253906,67.463333129882812,43.594860076904297,125.588134765625,109.47792816162109,166.14999389648438,92.926025390625
2021-12-16,436.27191162109375,375.84030151367188,201.00895690917969,67.472007751464844,43.648971557617188,125.63701629638672,109.47464752197266,168.16000366210938,92.892822265625
2021-12-17,431.62863159179688,373.9652099609375,202.85700988769531,66.620246887207031,43.432537078857422,127.06069183349609,109.73038482666016,167.80000305175781,92.776580810546875
2021-12-20,427.0389404296875,370.33758544921875,200.00944519042969,66.472480773925781,42.783203125,126.10875701904297,109.25189971923828,167.08999633789062,92.054214477539062
2021-12-21,434.62277221679688,378.62588500976562,205.72346496582031,67.211273193359375,43.504676818847656,125.62861633300781,109.46636199951172,167.02000427246094,93.092071533203125
2021-12-22,438.9683837890625,383.23703002929688,207.70356750488281,67.837059020996094,43.712104797363281,126.20986938476562,109.63962554931641,168.58999633789062,94.046905517578125
2021-12-23,441.69973754882812,386.12625122070312,209.36308288574219,68.236869812011719,43.937564849853516,125.11473846435547,109.47464752197266,168.97000122070312,93.947296142578125
2021-12-27,447.95074462890625,392.50790405273438,211.32431030273438,68.767059326171875,44.135971069335938,125.41800689697266,109.79634094238281,169.3699951171875,95.542160034179688
2021-12-28,447.5845947265625,390.68869018554688,210.03250122070312,68.793113708496094,43.991672515869141,124.92090606689453,109.65614318847656,168.63999938964844,95.8941650390625
2021-12-29,448.15716552734375,390.63031005859375,210.25883483886719,68.767059326171875,43.793266296386719,123.55625915527344,109.05390167236328,168.58999633789062,96.539474487304688
2021-12-30,446.9183349609375,389.46298217773438,210.2022705078125,68.586761474609375,44.294963836669922,124.59242248535156,109.49114990234375,169.80000305175781,96.958526611328125
2021-12-31,445.79193115234375,387.03094482421875,209.74967956542969,68.525794982910156,44.078403472900391,124.83669281005859,109.32614898681641,170.96000671386719,97.226715087890625
2022-01-03,448.37301635742188,390.75680541992188,212.45579528808594,68.969978332519531,44.394218444824219,121.55976104736328,108.16291809082031,168.33000183105469,96.464065551757812
2022-01-04,448.22283935546875,385.68844604492188,212.13520812988281,69.361900329589844,44.240825653076172,121.05431365966797,108.25368499755859,169.57000732421875,96.346733093261719
2022-01-05,439.61602783203125,373.83963012695312,204.95028686523438,68.752243041992188,43.518962860107422,120.397216796875,107.61842346191406,169.05999755859375,93.589424133300781
2022-01-06,439.20303344726562,373.57699584960938,206.11946105957031,68.403861999511719,43.717475891113281,120.70887756347656,107.47818756103516,166.99000549316406,93.673225402832031
2022-01-07,437.46664428710938,369.53012084960938,203.73391723632812,68.604179382324219,44.114498138427734,119.84121704101562,107.0162353515625,167.75,93.053031921386719
2022-01-10,436.92230224609375,369.77334594726562,203.02676391601562,67.968391418457031,44.114498138427734,120.13608551025391,106.91719818115234,168.25999450683594,92.51666259765625
2022-01-11,440.90191650390625,375.32815551757812,205.18598937988281,68.708702087402344,45.134117126464844,120.93634796142578,107.23896026611328,170.28999328613281,92.659149169921875
2022-01-12,442.09390258789062,376.8165283203125,203.65850830078125,69.379325866699219,45.883041381835938,120.47305297851562,107.16469573974609,170.74000549316406,92.768081665039062
2022-01-13,436.00250244140625,367.38995361328125,201.79153442382812,68.874183654785156,45.233371734619141,121.54292297363281,107.50292205810547,170.16000366210938,92.583717346191406
2022-01-14,436.18069458007812,369.67608642578125,202.07440185546875,68.80450439453125,45.215328216552734,119.70644378662109,106.55420684814453,169.66999816894531,91.745628356933594
2022-01-18,428.45620727539062,360.47329711914062,195.96438598632812,67.794204711914062,44.412261962890625,118.02173614501953,105.53948211669922,169.38999938964844,90.781822204589844
2022-01-19,424.00735473632812,356.51400756835938,192.77731323242188,67.733238220214844,44.60174560546875,118.83873748779297,105.70449829101562,172.08000183105469,89.558212280273438
2022-01-20,419.31430053710938,351.88345336914062,189.28861999511719,67.402275085449219,44.863422393798828,119.57169342041016,105.64674377441406,171.64999389648438,88.410003662109375
2022-01-21,411.08294677734375,342.12619018554688,185.7432861328125,66.487785339355469,44.213752746582031,120.99528503417969,106.33970642089844,171.08999633789062,88.192138671875
2022-01-24,412.82870483398438,343.69241333007812,190.02406311035156,65.82586669921875,43.591152191162109,120.00131225585938,106.00973510742188,172.02999877929688,88.359733581542969
2022-01-25,407.78854370117188,335.72509765625,187.48762512207031,65.425247192382812,43.509941101074219,119.80760192871094,105.71273040771484,172.58000183105469,88.007728576660156
2022-01-26,406.76544189453125,335.1998291015625,184.78147888183594,65.17266845703125,42.959526062011719,118.35857391357422,104.99500274658203,169.78999328613281,86.633270263671875
2022-01-27,404.7568359375,331.82415771484375,180.58554077148438,64.867835998535156,42.463245391845703,120.53199768066406,105.23423767089844,167.60000610351562,85.200149536132812
2022-01-28,414.80917358398438,342.23318481445312,184.10258483886719,65.085578918457031,42.670780181884766,120.57415008544922,105.34975433349609,167.10000610351562,87.957450866699219
2022-01-31,422.28030395507812,353.17718505859375,189.75064086914062,66.034896850585938,44.069381713867188,119.95076751708984,105.39922332763672,168.08999633789062,89.038597106933594
2022-02-01,425.13360595703125,355.58010864257812,191.74955749511719,66.661979675292969,44.340076446533203,119.55260467529297,105.57447814941406,168.22999572753906,88.720115661621094
2022-02-02,429.26339721679688,358.46942138671875,189.84486389160156,67.158424377441406,44.267890930175781,119.95746612548828,105.58274841308594,168.83999633789062,89.851539611816406
2022-02-03,419.173583984375,343.93560791015625,186.25241088867188,66.095855712890625,43.798683166503906,119.02116394042969,104.73139953613281,168.60000610351562,88.8961181640625
2022-02-04,421.1446533203125,348.27438354492188,187.05390930175781,66.252632141113281,43.906959533691406,117.26647186279297,103.68997955322266,168.86000061035156,88.016120910644531
2022-02-07,419.79302978515625,345.47259521484375,187.97795104980469,66.3658447265625,43.816734313964844,117.34243774414062,103.88004302978516,170.11000061035156,87.890403747558594
2022-02-08,423.2470703125,349.35415649414062,191.18380737304688,66.705520629882812,44.240825653076172,116.55787658691406,103.49156188964844,170.6300048828125,87.479743957519531
2022-02-09,429.44174194335938,356.75726318359375,194.81401062011719,67.785499572753906,44.935611724853516,116.77721405029297,103.83871459960938,171.21000671386719,89.457633972167969
2022-02-10,421.72653198242188,348.68295288085938,191.82501220703125,66.923255920410156,44.637840270996094,114.92130279541016,102.42534637451172,170.55999755859375,87.34564208984375
2022-02-11,413.41064453125,337.62203979492188,189.88264465332031,65.9129638671875,43.961097717285156,116.6253662109375,103.18576049804688,173.80999755859375,86.549461364746094
2022-02-14,412.05905151367188,338.04046630859375,189.22261047363281,65.486198425292969,43.654315948486328,115.17439270019531,102.268310546875,174.74000549316406,85.76165771484375
2022-02-15,418.70425415039062,346.44549560546875,194.29539489746094,66.688102722167969,44.60174560546875,113.86684417724609,101.75582885742188,173.08000183105469,86.53271484375
2022-02-16,419.173583984375,346.35794067382812,194.70082092285156,66.940689086914062,44.926586151123047,114.54165649414062,101.90457916259766,174.86000061035156,86.934989929199219
2022-02-17,410.21945190429688,336.05593872070312,189.712890625,65.860710144042969,44.403236389160156,115.39369964599609,101.97901153564453,177.25,86.013092041015625
2022-02-18,407.56317138671875,332.22305297851562,188.08164978027344,65.582000732421875,43.961097717285156,116.60847473144531,102.22696685791016,177.1199951171875,85.493484497070312
2022-02-22,403.18948364257812,328.88626098632812,185.43208312988281,64.815589904785156,43.338489532470703,116.91215515136719,102.09469604492188,177.49000549316406,85.183372497558594
2022-02-23,396.03738403320312,320.46182250976562,181.96218872070312,64.284309387207031,42.833198547363281,115.30093383789062,101.16899108886719,178.28999328613281,83.775382995605469
2022-02-24,401.9974365234375,331.23074340820312,186.73330688476562,63.422061920166016,41.948925018310547,115.37686920166016,101.64839172363281,177.13999938964844,85.183372497558594
2022-02-25,410.86709594726562,336.36721801757812,190.93867492675781,65.007186889648438,42.724918365478516,115.46120452880859,102.06169891357422,176.55000305175781,87.236686706542969
2022-02-28,409.81588745117188,337.369140625,191.71186828613281,63.770442962646484,42.165481567382812,117.99195098876953,103.15272521972656,178.3800048828125,85.937660217285156
2022-03-01,403.57431030273438,332.20364379882812,188.10055541992188,62.376945495605469,41.606044769287109,119.35617065429688,103.50550079345703,181.6199951171875,85.485099792480469
2022-03-02,410.99850463867188,337.77777099609375,192.57933044433594,63.160785675048828,41.678230285644531,115.27625274658203,101.93186187744141,179.72999572753906,87.085838317871094
2022-03-03,408.95230102539062,332.95263671875,190.2974853515625,61.91534423828125,41.091724395751953,116.45036315917969,102.30455780029297,180.80000305175781,87.798210144042969
2022-03-04,405.62966918945312,328.1275634765625,187.31793212890625,60.121189117431641,40.261585235595703,118.46078491210938,102.40397644042969,183.67999267578125,88.20050048828125
2022-03-07,393.67214965820312,316.02584838867188,182.65997314453125,58.213825225830078,38.754703521728516,117.55693817138672,101.16158294677734,186.41000366210938,86.457283020019531
2022-03-08,390.68743896484375,314.55694580078125,183.66885375976562,58.718982696533203,38.881027221679688,116.37435150146484,100.55699920654297,191.50999450683594,86.038246154785156
2022-03-09,401.16201782226562,325.88034057617188,188.84539794921875,61.175029754638672,39.981868743896484,115.23398590087891,100.73092651367188,185.82000732421875,87.362388610839844
2022-03-10,399.35061645507812,322.261474609375,188.50596618652344,60.443450927734375,39.232936859130859,113.57841491699219,99.579643249511719,186.39999389648438,87.580307006835938
2022-03-11,394.2728271484375,315.57827758789062,185.49807739257812,59.790245056152344,38.411823272705078,113.95850372314453,99.538238525390625,185.08999633789062,86.88470458984375
2022-03-14,391.39132690429688,309.51779174804688,181.70762634277344,60.33892822265625,37.482433319091797,111.29773712158203,98.097068786621094,182.30000305175781,86.205863952636719
2022-03-15,399.99819946289062,319.22637939453125,184.60235595703125,60.913753509521484,37.536567687988281,111.10343170166016,98.867340087890625,178.88999938964844,86.784133911132812
2022-03-16,408.86785888671875,331.0654296875,190.41064453125,63.099826812744141,40.559349060058594,112.19309234619141,99.712196350097656,180.00999450683594,87.814987182617188
2022-03-17,413.98318481445312,335.07339477539062,193.39968872070312,63.631099700927734,40.351818084716797,111.35684967041016,100.68950653076172,180.88999938964844,89.172698974609375
2022-03-18,418.5174560546875,341.93161010742188,195.43632507324219,64.249458312988281,40.929302215576172,112.71680450439453,100.88832092285156,179.30000305175781,89.172698974609375
2022-03-21,418.3951416015625,340.98101806640625,193.71083068847656,63.848831176757812,40.297676086425781,110.10672760009766,99.488548278808594,180.66999816894531,88.627937316894531
2022-03-22,423.29086303710938,347.68212890625,195.6531982421875,64.449775695800781,41.028556823730469,108.69603729248047,99.248374938964844,179.36000061035156,88.854202270507812
2022-03-23,417.83953857421875,342.68548583984375,192.25872802734375,63.613670349121094,40.757854461669922,111.07805633544922,99.529983520507812,181.80999755859375,87.857330322265625
2022-03-24,424.13818359375,350.30230712890625,194.46949768066406,64.205909729003906,40.974414825439453,110.20803833007812,99.571380615234375,183.1300048828125,88.413497924804688
2022-03-25,426.20956420898438,350.01007080078125,194.7340087890625,64.240760803222656,40.649585723876953,108.67916107177734,98.784523010253906,182.3800048828125,89.517410278320312
2022-03-28,429.24114990234375,355.4256591796875,194.80014038085938,64.031730651855469,40.784931182861328,109.6082763671875,99.331161499023438,179.05999755859375,90.4696044921875
2022-03-29,434.55130004882812,361.5423583984375,200.01522827148438,65.451362609863281,41.479713439941406,110.43611145019531,100.167724609375,179.13999938964844,93.124053955078125
2022-03-30,431.8680419921875,357.548828125,195.99998474121094,65.181381225585938,41.362415313720703,111.29773712158203,100.39962768554688,180.58000183105469,92.449897766113281
2022-03-31,425.220947265625,353.11715698242188,193.93098449707031,64.101394653320312,40.739818572998047,111.56803894042969,100.167724609375,180.64999389648438,91.320716857910156
2022-04-01,426.42611694335938,352.44509887695312,196.10392761230469,64.702354431152344,41.416553497314453,111.99271392822266,100.50382995605469,179.5,93.098762512207031
2022-04-04,430.07913208007812,359.70150756835938,196.42515563964844,64.963638305664062,42.147434234619141,111.21439361572266,100.85244750976562,180.3699951171875,92.643714904785156
2022-04-05,424.64663696289062,351.7147216796875,191.77691650390625,64.083992004394531,41.371433258056641,108.70181274414062,99.084518432617188,179.24000549316406,92.188690185546875
2022-04-06,420.40045166015625,344.07843017578125,189.05601501464844,63.317550659179688,40.830047607421875,107.82196044921875,98.503562927246094,179.66000366210938,93.284141540527344
2022-04-07,422.51889038085938,344.89657592773438,188.44192504882812,63.4569091796875,40.505210876464844,107.00978088378906,98.047073364257812,180.33999633789062,92.357215881347656
2022-04-08,421.38897705078125,340.0751953125,186.93974304199219,63.483039855957031,40.541305541992188,105.85079956054688,97.275177001953125,181.47000122070312,92.508888244628906
2022-04-11,414.18658447265625,332.0299072265625,185.68321228027344,62.812408447265625,40.035995483398438,104.17574310302734,96.328964233398438,182.3699951171875,91.514541625976562
2022-04-12,412.65188598632812,330.62725830078125,186.26896667480469,62.342109680175781,39.909679412841797,104.03189849853516,96.395416259765625,183.77000427246094,91.379707336425781
2022-04-13,417.37826538085938,337.34799194335938,189.81182861328125,63.012729644775391,40.433025360107422,104.243408203125,96.893394470214844,184.64999389648438,92.028572082519531
2022-04-14,412.18112182617188,329.6337890625,187.96954345703125,62.725303649902344,39.909679412841797,102.15377807617188,95.764610290527344,184.03999328613281,91.632522583007812
2022-04-18,412.3505859375,329.8870849609375,186.70353698730469,62.359512329101562,39.774326324462891,101.64621734619141,95.034202575683594,184.61000061035156,91.261734008789062
2022-04-19,419.00698852539062,337.26034545898438,190.4259033203125,62.6556396484375,39.575820922851562,100.88479614257812,94.278884887695312,181.82000732421875,93.250450134277344
2022-04-20,418.69631958007812,332.341552734375,191.15338134765625,63.073684692382812,39.341209411621094,102.91520690917969,95.25830078125,182.71000671386719,94.800971984863281
2022-04-21,412.43533325195312,325.46502685546875,186.87361145019531,62.394359588623047,38.583259582519531,102.15377807617188,94.245681762695312,182.05999755859375,94.143684387207031
2022-04-22,401.11849975585938,316.94244384765625,182.03643798828125,61.375358581542969,38.240386962890625,101.51083374023438,94.137832641601562,180.28999328613281,92.492042541503906
2022-04-25,403.44400024414062,321.01385498046875,183.14181518554688,61.0792236328125,37.960662841796875,102.52604675292969,95.183609008789062,177.05000305175781,92.256111145019531
2022-04-26,391.75994873046875,308.89718627929688,177.36933898925781,59.372177124023438,37.130527496337891,103.55816650390625,95.1337890625,177.32000732421875,90.739265441894531
2022-04-27,392.86148071289062,308.527099609375,176.63241577148438,59.642189025878906,37.563644409179688,102.22992706298828,94.220779418945312,175.97999572753906,90.140983581542969
2022-04-28,402.78488159179688,319.484619140625,179.92959594726562,60.486988067626953,38.105033874511719,102.38221740722656,94.503013610839844,176.92999267578125,91.801063537597656
2022-04-29,387.89974975585938,305.10824584960938,174.73344421386719,59.781532287597656,38.240386962890625,101.05400848388672,93.457191467285156,176.91000366210938,87.587677001953125
2022-05-02,390.23468017578125,310.20242309570312,176.56629943847656,59.633464813232422,38.186248779296875,99.302352905273438,92.903205871582031,173.6300048828125,85.472557067871094
2022-05-03,392.02352905273438,310.53353881835938,178.077880859375,60.077651977539062,38.465957641601562,99.971824645996094,93.50213623046875,174.08999633789062,86.534347534179688
2022-05-04,403.9617919921875,321.0333251953125,182.83003234863281,61.131492614746094,38.881027221679688,100.52267456054688,94.417198181152344,175.80000305175781,87.5286865234375
2022-05-05,389.6038818359375,304.8648681640625,175.4136962890625,59.163166046142578,37.446338653564453,97.768539428710938,92.969757080078125,175.1300048828125,85.194465637207031
2022-05-06,387.2783203125,301.21231079101562,172.49435424804688,58.588336944580078,36.932018280029297,96.327880859375,92.179450988769531,175.41999816894531,84.183280944824219
2022-05-09,374.87875366210938,289.4267578125,165.23860168457031,56.820320129394531,35.867271423339844,97.175277709960938,92.503860473632812,172.8800048828125,80.475502014160156
2022-05-10,375.74493408203125,292.94296264648438,165.28581237792969,57.247093200683594,36.038715362548828,98.056617736816406,92.894882202148438,171.41999816894531,79.009246826171875
2022-05-11,369.7757568359375,284.2547607421875,161.1761474609375,56.907417297363281,35.78607177734375,99.946426391601562,93.327468872070312,172.82000732421875,78.840705871582031
2022-05-12,369.38973999023438,283.58267211914062,163.06568908691406,56.76806640625,35.551467895507812,99.759956359863281,93.369033813476562,170.16999816894531,79.455863952636719
2022-05-13,378.2210693359375,294.09225463867188,168.2335205078125,58.344467163085938,36.534999847412109,98.285430908203125,92.878257751464844,168.78999328613281,81.554122924804688
2022-05-16,376.68637084960938,290.68316650390625,167.430419921875,58.396736145019531,36.390625,98.183761596679688,93.003028869628906,170.39999389648438,81.040084838867188
2022-05-17,384.43499755859375,298.21234130859375,172.55107116699219,59.485408782958984,37.283920288085938,96.997314453125,92.470611572265625,169.33000183105469,82.143989562988281
2022-05-18,368.93780517578125,283.57305908203125,166.50456237792969,58.065769195556641,36.390625,99.065109252929688,92.811683654785156,169.41999816894531,79.75921630859375
2022-05-19,366.67825317382812,282.053466796875,166.77854919433594,58.6231689453125,36.968109130859375,99.302352905273438,93.061256408691406,171.91000366210938,79.405303955078125
2022-05-20,366.83828735351562,281.1768798828125,166.35345458984375,59.023811340332031,37.121505737304688,100.42943572998047,93.518760681152344,172.02999877929688,79.910896301269531
2022-05-23,373.701904296875,285.85214233398438,168.36578369140625,60.025390625,37.401226043701172,98.776947021484375,93.18603515625,172.83000183105469,80.837860107421875
2022-05-24,370.84915161132812,279.77426147460938,165.87158203125,59.929576873779297,36.751556396484375,100.72601318359375,94.408897399902344,174.1300048828125,81.520408630371094
2022-05-25,374.12551879882812,283.68984985351562,168.85702514648438,59.947006225585938,36.932018280029297,101.12433624267578,95.382171630859375,173.08000183105469,82.211395263671875
2022-05-26,381.60113525390625,291.550048828125,172.62664794921875,60.608917236328125,37.509502410888672,100.66674041748047,95.407096862792969,172.75999450683594,82.312522888183594
2022-05-27,390.968994140625,301.06610107421875,177.27485656738281,61.340518951416016,37.942615509033203,100.91249847412109,95.906219482421875,172.85000610351562,84.520332336425781
2022-05-31,388.77532958984375,300.26742553710938,175.07354736328125,60.974720001220703,38.474987030029297,98.776947021484375,95.19915771484375,171.13999938964844,83.483833312988281
2022-06-01,385.63070678710938,298.04672241210938,174.08154296875,60.330223083496094,38.204292297363281,98.664031982421875,94.643798828125,172.22999572753906,82.7928466796875
2022-06-02,392.9744873046875,306.20889282226562,178.33299255371094,61.584377288818359,38.862987518310547,98.714973449707031,94.68548583984375,174.35000610351562,83.930473327636719
2022-06-03,386.52520751953125,298.241455078125,176.72688293457031,60.704727172851562,38.231361389160156,98.502723693847656,94.38531494140625,172.58000183105469,82.809707641601562
2022-06-06,387.70205688476562,299.23492431640625,177.49211120605469,60.948596954345703,38.438892364501953,96.685981750488281,93.718185424804688,171.82000732421875,82.5484619140625
2022-06-07,391.42095947265625,301.81610107421875,180.35476684570312,61.131492614746094,38.556194305419922,97.730232238769531,94.218513488769531,172.94000244140625,83.686073303222656
2022-06-08,387.16531372070312,299.64413452148438,177.56771850585938,60.277961730957031,38.763725280761719,96.864295959472656,93.676513671875,172.77999877929688,81.756355285644531
2022-06-09,377.95745849609375,291.61825561523438,173.88671875,59.012088775634766,37.846469879150391,97.1868896484375,93.059471130371094,172.22999572753906,79.818214416503906
2022-06-10,366.99838256835938,281.33273315429688,169.16943359375,57.587753295898438,37.427867889404297,96.584129333496094,92.158859252929688,174.53999328613281,78.048606872558594
2022-06-13,353.06399536132812,268.2518310546875,161.22200012207031,55.682701110839844,36.117481231689453,93.553398132324219,90.032485961914062,169.92999267578125,74.147003173828125
2022-06-14,352.00018310546875,268.73880004882812,160.44520568847656,55.157478332519531,36.617977142333984,92.373359680175781,89.565528869628906,168.57000732421875,73.582405090332031
2022-06-15,357.0184326171875,275.44970703125,162.79440307617188,56.190116882324219,37.100269317626953,94.096702575683594,90.966423034667969,170.77000427246094,75.326736450195312
2022-06-16,345.2025146484375,264.3363037109375,155.25428771972656,54.952720642089844,35.962783813476562,94.843803405761719,91.066513061523438,172.69000244140625,73.346458435058594
2022-06-17,345.94674682617188,267.55050659179688,156.46678161621094,54.730167388916016,36.099285125732422,95.149436950683594,91.249969482421875,171.27000427246094,73.902618408203125
2022-06-21,354.65545654296875,274.3006591796875,159.27064514160156,55.558074951171875,36.681674957275391,93.536430358886719,90.332710266113281,170.6300048828125,74.930686950683594
2022-06-22,354.01248168945312,273.90057373046875,158.96754455566406,55.184181213378906,36.026481628417969,96.10870361328125,90.991485595703125,171.30999755859375,75.882911682128906
2022-06-23,357.482666015625,277.97970581054688,160.87152099609375,55.121864318847656,36.135677337646484,96.898269653320312,91.691886901855469,170.25999450683594,77.324577331542969
2022-06-24,368.84848022460938,287.50436401367188,165.85400390625,56.768753051757812,36.991069793701172,95.556930541992188,91.800323486328125,170.08999633789062,78.96978759765625
2022-06-27,367.43951416015625,285.39645385742188,166.46975708007812,56.528396606445312,37.036563873291016,94.741920471191406,90.958106994628906,169.89999389648438,78.851058959960938
2022-06-28,359.93170166015625,276.7012939453125,163.34382629394531,56.145606994628906,36.809070587158203,95.183349609375,90.933097839355469,169.6199951171875,77.89276123046875
2022-06-29,359.6385498046875,276.955078125,161.68614196777344,55.931961059570312,36.663471221923828,96.669021606445312,91.475082397460938,169.49000549316406,77.409385681152344
2022-06-30,356.71676635742188,273.51998901367188,160.42628479003906,55.629287719726562,36.490577697753906,97.517974853515625,91.750267028808594,168.46000671386719,77.265228271484375
2022-07-01,360.48953247070312,275.32537841796875,162.36814880371094,55.762809753417969,36.263072967529297,98.519126892089844,92.909965515136719,168.32000732421875,78.656005859375
2022-07-05,361.17041015625,280.03884887695312,163.7132568359375,54.569931030273438,35.980987548828125,99.293205261230469,92.884895324707031,164.75,78.435508728027344
2022-07-06,362.39019775390625,281.83447265625,162.50076293945312,54.61444091796875,35.762580871582031,97.625968933105469,92.425018310546875,162.13999938964844,78.291351318359375
2022-07-07,367.8177490234375,287.86544799804688,166.34658813476562,55.442337036132812,36.481475830078125,96.766860961914062,92.416664123535156,162.22999572753906,78.50335693359375
2022-07-08,367.51519775390625,288.22650146484375,166.32766723632812,55.504657745361328,36.481475830078125,95.695114135742188,92.266159057617188,162.30000305175781,78.08782958984375
2022-07-11,363.31680297851562,282.068603515625,162.98387145996094,54.605537414550781,35.507789611816406,97.34527587890625,92.525390625,161.42999267578125,77.918220520019531
2022-07-12,360.10195922851562,279.336181640625,162.42497253417969,54.596641540527344,35.371288299560547,97.923736572265625,92.65911865234375,160.83000183105469,77.6129150390625
2022-07-13,358.21072387695312,278.76046752929688,162.28291320800781,54.569931030273438,35.289382934570312,99.046546936035156,93.353141784667969,161.60000610351562,77.239791870117188
2022-07-14,357.34088134765625,279.75588989257812,160.61573791503906,53.804355621337891,34.970893859863281,98.238426208496094,92.759483337402344,159.33000183105469,76.544380187988281
2022-07-15,364.16790771484375,284.8304443359375,163.95956420898438,54.658958435058594,35.15289306640625,98.791328430175781,93.503623962402344,159.00999450683594,77.841896057128906
2022-07-18,361.16094970703125,282.41995239257812,163.49537658691406,54.881504058837891,35.398590087890625,97.7620849609375,92.8514404296875,159.16000366210938,77.290664672851562
2022-07-19,370.91921997070312,291.10528564453125,169.26414489746094,56.377059936523438,35.980987548828125,97.234695434570312,93.110626220703125,159.53999328613281,79.292060852050781
2022-07-20,373.28314208984375,295.72128295898438,171.91642761230469,56.003173828125,35.826282501220703,97.489883422851562,93.010299682617188,158.03999328613281,79.105476379394531
2022-07-21,377.08432006835938,299.96636962890625,172.79737854003906,56.581809997558594,36.23577880859375,99.174148559570312,94.28125,160.27000427246094,79.733047485351562
2022-07-22,373.58578491210938,294.70635986328125,170.04087829589844,56.439384460449219,35.871780395507812,100.84134674072266,95.008659362792969,160.66999816894531,80.148567199707031
2022-07-25,374.03958129882812,293.02780151367188,170.92182922363281,56.875579833984375,35.999187469482422,99.854621887207031,94.205986022949219,160.22999572753906,80.284263610839844
2022-07-26,369.61434936523438,287.27011108398438,169.870361328125,56.083293914794922,35.717082977294922,99.931190490722656,94.189254760742188,160.03999328613281,80.369056701660156
2022-07-27,379.21188354492188,299.41009521484375,173.73518371582031,57.409706115722656,36.381378173828125,99.369773864746094,94.816352844238281,161.66999816894531,80.852439880371094
2022-07-28,383.96810913085938,302.33773803710938,176.12222290039062,57.703475952148438,36.536079406738281,100.16086578369141,95.602287292480469,163.63999938964844,83.472908020019531
2022-07-29,389.56591796875,307.85140991210938,177.37258911132812,58.504665374755859,36.363174438476562,99.888679504394531,95.82806396484375,164.10000610351562,83.922355651855469
2022-08-01,388.41229248046875,307.66604614257812,177.30625915527344,58.584781646728516,36.053779602050781,102.2943115234375,96.017463684082031,165.02999877929688,83.243934631347656
2022-08-02,385.84979248046875,306.74868774414062,177.13578796386719,57.650070190429688,35.880882263183594,100.12981414794922,94.84405517578125,164.05000305175781,82.175392150878906
2022-08-03,391.89199829101562,315.10235595703125,179.74072265625,57.98834228515625,36.162982940673828,101.70630645751953,95.874969482421875,164.44999694824219,82.438270568847656
2022-08-04,391.62725830078125,316.5758056640625,179.36183166503906,58.282115936279297,36.417778015136719,101.67223358154297,96.025840759277344,167.16999816894531,82.311073303222656
2022-08-05,390.96533203125,313.98977661132812,180.73530578613281,57.872615814208984,36.454174041748047,99.252098083496094,94.726737976074219,165.28999328613281,82.540061950683594
2022-08-08,390.511474609375,312.974853515625,182.64877319335938,58.006149291992188,36.499679565429688,100.85414886474609,95.103897094726562,166.69000244140625,83.277839660644531
2022-08-09,388.96072387695312,309.432373046875,180.15753173828125,57.694572448730469,36.363174438476562,100.462158203125,94.676437377929688,167.19999694824219,83.735786437988281
2022-08-10,397.13040161132812,318.0689697265625,185.30104064941406,58.994281768798828,36.818172454833984,99.805984497070312,95.573280334472656,166.77999877929688,85.007858276367188
2022-08-11,397.13040161132812,316.26351928710938,185.99258422851562,58.976478576660156,36.963775634765625,97.47955322265625,94.651298522949219,166.33999633789062,84.8043212890625
2022-08-12,403.853515625,322.42141723632812,189.79103088378906,59.430492401123047,37.355064392089844,98.468101501464844,95.749259948730469,167.8699951171875,86.262969970703125
2022-08-15,405.51766967773438,325.02688598632812,190.46356201171875,59.07440185546875,37.182174682617188,98.382865905761719,95.682220458984375,165.71000671386719,86.610664367675781
2022-08-16,406.31192016601562,324.26580810546875,190.3878173828125,59.056591033935547,37.173069000244141,98.791915893554688,95.313423156738281,165.41999816894531,86.381690979003906
2022-08-17,403.42794799804688,320.56716918945312,187.18611145019531,58.584781646728516,37.018367767333984,97.760780334472656,94.416618347167969,164.35000610351562,85.8643798828125
2022-08-18,404.60049438476562,321.338134765625,188.427001953125,58.388935089111328,36.809070587158203,97.9056396484375,94.659660339355469,163.91999816894531,85.296180725097656
2022-08-19,399.16339111328125,315.07302856445312,184.38224792480469,57.587753295898438,36.308578491210938,96.329147338867188,93.536582946777344,162.72000122070312,84.397285461425781
2022-08-22,390.85195922851562,306.7779541015625,180.583740234375,56.6085205078125,35.990081787109375,96.005325317382812,92.907943725585938,161.63999938964844,82.557014465332031
2022-08-23,389.9063720703125,306.5242919921875,180.87744140625,56.635223388671875,36.181182861328125,95.47698974609375,93.008529663085938,162.77000427246094,81.496963500976562
2022-08-24,391.15447998046875,307.4122314453125,182.26042175292969,56.706443786621094,36.172073364257812,94.778205871582031,92.731948852539062,163.25,81.963386535644531
2022-08-25,396.67660522460938,312.84793090820312,185.09268188476562,57.329586029052734,36.954669952392578,96.099044799804688,93.687431335449219,163.75,83.184562683105469
2022-08-26,383.24954223632812,300.02490234375,179.01133728027344,55.825130462646484,36.408676147460938,96.82342529296875,93.125892639160156,161.75999450683594,81.089912414550781
2022-08-29,380.71536254882812,297.06793212890625,177.3631591796875,55.700504302978516,36.181182861328125,96.022346496582031,92.438613891601562,161.86000061035156,80.360595703125
2022-08-30,376.53591918945312,293.759765625,174.88130187988281,55.299911499023438,35.753482818603516,96.260955810546875,92.555961608886719,160.50999450683594,79.249641418457031
2022-08-31,373.67083740234375,292.05191040039062,173.82038879394531,54.926017761230469,35.880882263183594,95.34063720703125,91.583694458007812,159.27000427246094,78.876502990722656
2022-09-01,374.84341430664062,292.17880249023438,171.92588806152344,54.187141418457031,35.598781585693359,93.595108032226562,91.032333374023438,157.8699951171875,79.020675659179688
2022-09-02,370.89089965820312,288.05084228515625,170.59028625488281,53.831062316894531,35.271190643310547,94.12457275390625,91.099609375,159.25999450683594,77.918220520019531
2022-09-06,369.49139404296875,285.98193359375,168.90415954589844,53.697528839111328,34.852596282958984,91.793228149414062,89.864059448242188,158.33000183105469,78.622093200683594
2022-09-07,376.12936401367188,291.7591552734375,172.57949829101562,54.169338226318359,35.161991119384766,93.244987487792969,91.091171264648438,159.94000244140625,80.15704345703125
2022-09-08,378.58782958984375,293.27178955078125,174.01933288574219,54.204944610595703,34.970893859863281,92.288551330566406,90.881057739257812,158.97999572753906,80.377540588378906
2022-09-09,384.46929931640625,299.68331909179688,177.51466369628906,55.584770202636719,35.489582061767578,92.493492126464844,91.091171264648438,159.82000732421875,81.25103759765625
2022-09-12,388.6014404296875,303.24530029296875,179.66496276855469,56.359256744384766,36.017383575439453,91.733436584472656,90.88946533203125,160.6300048828125,82.039703369140625
2022-09-13,371.70404052734375,286.61630249023438,172.63632202148438,54.400798797607422,34.907196044921875,91.946952819824219,90.233856201171875,158.53999328613281,78.901939392089844
2022-09-14,373.12240600585938,288.89007568359375,173.30889892578125,54.578838348388672,35.080093383789062,92.262931823730469,90.66253662109375,157.92999267578125,78.003021240234375
2022-09-15,368.88619995117188,284.0789794921875,172.04904174804688,54.098125457763672,34.706993103027344,92.203132629394531,90.225517272949219,154.97999572753906,76.561355590820312
2022-09-16,366.07205200195312,282.3419189453125,169.54829406738281,53.768741607666016,34.388496398925781,91.434562683105469,90.015357971191406,155.83999633789062,76.569816589355469
2022-09-19,368.910888671875,284.54061889648438,170.99758911132812,53.955684661865234,34.497699737548828,91.648048400878906,90.166648864746094,155.96000671386719,76.459579467773438
2022-09-20,364.67636108398438,282.27252197265625,168.66737365722656,53.038780212402344,34.306602478027344,90.73431396484375,89.267372131347656,155.07000732421875,74.602378845214844
2022-09-21,358.3150634765625,277.2181396484375,166.09085083007812,52.344402313232422,33.733310699462891,92.254371643066406,89.603538513183594,155.78999328613281,73.423599243164062
2022-09-22,355.30523681640625,273.80618286132812,162.34919738769531,52.193077087402344,33.569507598876953,89.897415161132812,88.342826843261719,155.69999694824219,72.490760803222656
2022-09-23,349.3521728515625,269.34820556640625,158.48440551757812,50.528369903564453,32.741413116455078,90.264610290527344,88.0906982421875,153.00999450683594,71.5272216796875
2022-09-26,345.8961181640625,268.23367309570312,156.31448364257812,49.780593872070312,32.341026306152344,88.53961181640625,86.560997009277344,151.22999572753906,69.521308898925781
2022-09-27,345.01312255859375,268.34130859375,156.84767150878906,49.442317962646484,32.30462646484375,86.208274841308594,85.258255004882812,151.53999328613281,68.595489501953125
2022-09-28,351.8017578125,273.6790771484375,161.80839538574219,50.635204315185547,32.586723327636719,89.094680786132812,86.972808837890625,154.69000244140625,70.018486022949219
2022-09-29,344.45294189453125,265.78961181640625,158.18069458007812,50.038761138916016,31.858722686767578,88.633544921875,86.325653076171875,154.66000366210938,67.961128234863281
2022-09-30,339.12652587890625,261.28271484375,157.028564453125,49.8607177734375,31.740434646606445,87.489227294921875,86.107147216796875,154.66999816894531,68.724082946777344
2022-10-03,348.079833984375,267.4124755859375,161.18946838378906,50.848850250244141,32.259120941162109,88.879432678222656,87.7000732421875,158.42999267578125,69.949913024902344
2022-10-04,358.86566162109375,275.82015991210938,167.57841491699219,52.887432098388672,33.314712524414062,88.631179809570312,88.104850769042969,160.69999694824219,71.364349365234375
2022-10-05,358.0301513671875,275.6734619140625,166.34059143066406,52.326602935791016,33.332908630371094,87.783714294433594,87.438644409179688,159.80999755859375,69.967063903808594
2022-10-06,354.33685302734375,273.50311279296875,165.40753173828125,51.409690856933594,33.132709503173828,87.295768737792969,87.236289978027344,159.6300048828125,68.021133422851562
2022-10-07,344.45294189453125,263.08160400390625,160.54203796386719,50.590690612792969,32.441123962402344,86.448310852050781,86.367706298828125,157.8800048828125,66.383827209472656
2022-10-10,341.82296752929688,260.45169067382812,159.64698791503906,50.305824279785156,31.986129760742188,85.104393005371094,85.591911315917969,155.47999572753906,65.758056640625
2022-10-11,339.65817260742188,256.87353515625,159.69462585449219,49.753890991210938,31.476530075073242,85.481040954589844,85.414810180664062,155.16000366210938,66.42669677734375
2022-10-12,338.537841796875,256.7855224609375,159.256591796875,49.593654632568359,31.512933731079102,85.900444030761719,85.313606262207031,155.99000549316406,65.732337951660156
2022-10-13,347.47222900390625,262.80780029296875,163.19851684570312,50.617397308349609,31.603933334350586,85.078697204589844,85.465415954589844,154.91000366210938,66.932464599609375
2022-10-14,339.55380249023438,254.90849304199219,158.82817077636719,49.8607177734375,31.130741119384766,84.376800537109375,84.647438049316406,152.97999572753906,65.269447326660156
2022-10-17,348.27926635742188,263.325927734375,163.89361572265625,51.089210510253906,31.986129760742188,83.965896606445312,85.052192687988281,153.41999816894531,67.729698181152344
2022-10-18,352.37142944335938,265.4083251953125,165.83596801757812,51.454200744628906,31.995229721069336,84.162811279296875,85.558174133300781,153.75,68.466903686523438
2022-10-19,349.87432861328125,264.44039916992188,163.01759338378906,50.822147369384766,31.412834167480469,82.630531311035156,84.386024475097656,151.69000244140625,66.761016845703125
2022-10-20,346.9405517578125,263.09130859375,160.94189453125,50.706417083740234,31.613039016723633,81.218109130859375,83.652359008789062,151.44999694824219,66.469566345214844
2022-10-21,355.3717041015625,269.26022338867188,164.43629455566406,51.623336791992188,32.095329284667969,79.754341125488281,83.888496398925781,154.14999389648438,66.992469787597656
2022-10-24,359.72021484375,272.22247314453125,165.14089965820312,51.632236480712891,30.875938415527344,79.095184326171875,83.846343994140625,153.64999389648438,66.983901977539062
2022-10-25,365.46438598632812,277.85360717773438,169.64460754394531,52.771705627441406,31.130741119384766,81.397850036621094,84.967864990234375,154,69.615585327148438
2022-10-26,362.7109375,271.71405029296875,170.48246765136719,53.270225524902344,31.640335083007812,82.570610046386719,85.35577392578125,154.97999572753906,69.572731018066406
2022-10-27,360.77410888671875,266.76715087890625,170.52052307128906,52.771705627441406,31.394636154174805,83.435173034667969,85.752151489257812,154.74000549316406,69.675605773925781
2022-10-28,369.357177734375,274.93051147460938,174.39576721191406,53.29693603515625,31.20353889465332,82.861640930175781,85.92919921875,153.16000366210938,71.210044860839844
2022-10-31,366.689208984375,271.73358154296875,174.55769348144531,52.798416137695312,31.112539291381836,82.271003723144531,85.465415954589844,151.91000366210938,71.132888793945312
2022-11-01,365.0845947265625,268.95706176757812,174.79570007324219,53.216812133789062,31.685832977294922,83.039901733398438,86.080337524414062,153.46000671386719,71.107162475585938
2022-11-02,355.92236328125,259.738037109375,168.99711608886719,52.442329406738281,31.421934127807617,82.679473876953125,85.665885925292969,152.38999938964844,69.152679443359375
2022-11-03,352.25747680664062,254.66415405273438,167.86408996582031,51.997226715087891,31.603933334350586,82.233230590820312,85.36138916015625,151.80999755859375,69.058403015136719
2022-11-04,357.32757568359375,258.7603759765625,170.13015747070312,54.080318450927734,32.941616058349609,80.851661682128906,85.530540466308594,156.47000122070312,70.001358032226562
2022-11-07,360.74566650390625,261.60537719726562,170.90142822265625,54.249454498291016,32.959815979003906,80.045066833496094,85.217567443847656,155.85000610351562,70.001358032226562
2022-11-08,362.69195556640625,263.51174926757812,170.96807861328125,54.863700866699219,33.1964111328125,80.920333862304688,85.572830200195312,159.44999694824219,70.215667724609375
2022-11-09,355.21975708007812,257.43081665039062,166.27397155761719,54.098125457763672,32.623119354248047,81.186332702636719,85.3529052734375,158.64999389648438,69.495590209960938
2022-11-10,374.7406005859375,276.42626953125,176.50955200195312,57.133739471435547,33.806102752685547,84.309898376464844,88.211837768554688,163.47999572753906,74.578948974609375
2022-11-11,378.3675537109375,281.51974487304688,177.95683288574219,58.273208618164062,34.725200653076172,84.000968933105469,88.448654174804688,164.55999755859375,74.570381164550781
2022-11-14,375.14886474609375,279.05609130859375,175.96684265136719,57.658962249755859,34.515899658203125,83.794998168945312,88.0003662109375,164.91999816894531,72.753059387207031
2022-11-15,378.34857177734375,282.91775512695312,178.57574462890625,58.041751861572266,35.307586669921875,85.150840759277344,89.226837158203125,165.5,73.541702270507812
2022-11-16,375.46218872070312,279.05609130859375,175.43365478515625,57.908226013183594,34.743400573730469,87.012954711914062,89.988044738769531,165.1199951171875,72.873085021972656
2022-11-17,374.31329345703125,278.440185546875,173.80546569824219,57.881511688232422,34.807098388671875,86.094757080078125,89.505950927734375,163.91999816894531,72.375862121582031
2022-11-18,376.0128173828125,278.45001220703125,174.92900085449219,57.997245788574219,34.606895446777344,85.502655029296875,89.497459411621094,162.78999328613281,73.293098449707031
2022-11-21,374.64566040039062,275.58547973632812,174.01495361328125,57.561046600341797,34.170101165771484,85.863082885742188,89.362167358398438,161.8800048828125,73.678863525390625
2022-11-22,379.687255859375,279.5546875,175.87164306640625,58.362228393554688,34.252002716064453,87.081596374511719,90.157241821289062,162.07000732421875,74.081764221191406
2022-11-23,382.07989501953125,282.36050415039062,176.32867431640625,59.003185272216797,34.534095764160156,88.600433349609375,91.062271118164062,163.08000183105469,74.141769409179688
2022-11-25,381.99441528320312,280.5030517578125,176.70002746582031,59.305862426757812,34.37030029296875,88.300125122070312,91.155303955078125,163.22000122070312,74.613235473632812
2022-11-28,375.89889526367188,276.38717651367188,173.13899230957031,58.540279388427734,34.215599060058594,88.548980712890625,90.495559692382812,161.92999267578125,72.61590576171875
2022-11-29,375.2532958984375,274.2950439453125,173.64360046386719,58.709415435791016,34.952693939208984,87.510650634765625,90.047286987304688,162.72999572753906,73.816009521484375
2022-11-30,387.073974609375,286.7989501953125,178.40437316894531,59.750961303710938,35.962783813476562,88.154228210449219,91.146881103515625,164.80999755859375,75.504776000976562
2022-12-01,386.7891845703125,287.15087890625,178.01400756835938,60.329601287841797,35.844478607177734,90.97039794921875,92.287315368652344,167.83999633789062,75.341888427734375
2022-12-02,386.34295654296875,286.00711059570312,179.05180358886719,60.28509521484375,35.980987548828125,92.114410400390625,92.847328186035156,167.25999450683594,75.119003295898438
2022-12-05,379.39288330078125,281.20693969726562,174.11968994140625,59.4927978515625,35.571491241455078,90.82415771484375,92.058189392089844,164.38999938964844,73.7474365234375
2022-12-06,373.92404174804688,275.38015747070312,171.45365905761719,59.225730895996094,35.525985717773438,91.994010925292969,92.338233947753906,164.83999633789062,73.053077697753906
2022-12-07,373.28793334960938,274.25588989257812,170.94902038574219,59.225730895996094,35.316692352294922,94.161582946777344,93.364952087402344,166.33000183105469,73.198822021484375
2022-12-08,376.21224975585938,277.50167846679688,172.18679809570312,59.528408050537109,35.744388580322266,93.903541564941406,93.067985534667969,166.47000122070312,73.713150024414062
2022-12-09,373.40188598632812,275.732177734375,170.07304382324219,59.564018249511719,35.507789611816406,91.460700988769531,92.372154235839844,167.05999755859375,73.57598876953125
2022-12-12,378.7852783203125,279.19293212890625,172.07255554199219,59.7420654296875,35.398590087890625,91.753135681152344,92.253349304199219,165.67999267578125,74.141769409179688
2022-12-13,381.65261840820312,282.1943359375,173.49783325195312,60.589363098144531,35.651725769042969,92.639091491699219,93.059471130371094,168.50999450683594,75.513336181640625
2022-12-14,379.21249389648438,280.10226440429688,172.3594970703125,60.535736083984375,35.670204162597656,93.034805297851562,93.144340515136719,168.10000610351562,74.998992919921875
2022-12-15,369.93637084960938,270.69732666015625,168.04547119140625,58.989490509033203,34.847972869873047,93.397789001464844,93.222618103027344,165.35000610351562,73.996025085449219
2022-12-16,365.56881713867188,268.11636352539062,166.79243469238281,58.471111297607422,34.949592590332031,92.354454040527344,92.822616577148438,166.78999328613281,72.08441162109375
2022-12-19,362.46890258789062,264.34835815429688,164.53500366210938,58.328105926513672,34.977310180664062,90.802452087402344,91.886390686035156,166.32000732421875,71.16717529296875
2022-12-20,362.96490478515625,264.14254760742188,165.40542602539062,58.560474395751953,34.968070983886719,89.190040588378906,90.805488586425781,169.08000183105469,70.987167358398438
2022-12-21,368.39215087890625,267.97430419921875,168.25593566894531,59.168251037597656,35.282180786132812,89.414253234863281,91.426788330078125,168.80000305175781,71.595794677734375
2022-12-22,363.13656616210938,261.41827392578125,166.05587768554688,58.685611724853516,34.968070983886719,89.396995544433594,91.401237487792969,166.75999450683594,71.29498291015625
2022-12-23,365.22540283203125,262.0062255859375,166.81156921386719,58.891181945800781,34.921875,88.086387634277344,91.120368957519531,167.25999450683594,71.92962646484375
2022-12-27,363.78515625,258.30194091796875,165.69239807128906,58.980556488037109,35.439239501953125,86.34466552734375,89.945854187011719,168.66999816894531,71.903533935546875
2022-12-28,359.26412963867188,254.89164733886719,163.11933898925781,58.35491943359375,34.921875,85.835952758789062,89.66497802734375,167.91000366210938,70.677772521972656
2022-12-29,365.73098754882812,261.10464477539062,167.2515869140625,59.275505065917969,35.503910064697266,86.810295104980469,90.303306579589844,168.85000610351562,72.225189208984375
2022-12-30,364.76760864257812,260.94790649414062,166.78285217285156,58.667732238769531,35.014259338378906,85.844566345214844,89.733062744140625,169.63999938964844,71.703590393066406
2023-01-03,363.23202514648438,259.18399047851562,165.86460876464844,59.186134338378906,35.309898376464844,87.482833862304688,90.354400634765625,171.05999755859375,71.77313232421875
2023-01-04,366.03616333007812,260.41867065429688,167.93074035644531,59.97265625,36.372333526611328,88.681343078613281,91.009735107421875,172.66999816894531,73.398796081542969
2023-01-05,361.85848999023438,256.34194946289062,166.13241577148438,59.373817443847656,36.261470794677734,89.052085876464844,90.941650390625,170.52000427246094,71.425399780273438
2023-01-06,370.15658569335938,263.41738891601562,169.86289978027344,60.89324951171875,37.019031524658203,90.690345764160156,92.431098937988281,173.71000671386719,73.346656799316406
2023-01-09,369.9468994140625,265.12255859375,170.14988708496094,61.152442932128906,37.296192169189453,91.173202514648438,92.797065734863281,174.10000610351562,73.372734069824219
2023-01-10,372.54122924804688,267.36672973632812,172.66560363769531,61.331192016601562,37.564113616943359,89.664299011230469,92.482177734375,174.74000549316406,73.53790283203125
2023-01-11,377.25299072265625,271.9921875,174.81781005859375,61.795970916748047,37.721172332763672,91.121467590332031,93.273689270019531,174.6199951171875,76.172012329101562
2023-01-12,378.62655639648438,273.46212768554688,177.75442504882812,62.707622528076172,37.90594482421875,92.914932250976562,94.3291015625,176.63999938964844,77.136993408203125
2023-01-13,380.09542846679688,275.34368896484375,178.92140197753906,63.038326263427734,38.155384063720703,92.044044494628906,94.022712707519531,178.75999450683594,76.658851623535156
2023-01-17,379.399169921875,275.90225219726562,178.701416015625,63.234951019287109,37.942897796630859,91.449111938476562,93.682235717773438,177.58999633789062,76.876205444335938
2023-01-18,373.4091796875,272.31558227539062,175.81265258789062,63.011505126953125,37.684219360351562,93.665054321289062,94.780189514160156,177.08000183105469,75.754730224609375
2023-01-19,370.69085693359375,269.64022827148438,174.12910461425781,62.913192749023438,37.970611572265625,93.078750610351562,94.58441162109375,179.88999938964844,75.337448120117188
2023-01-20,377.59640502929688,277.01947021484375,176.99874877929688,63.467342376708984,38.552642822265625,91.569839477539062,94.090797424316406,179.28999328613281,76.232879638671875
2023-01-23,382.1270751953125,283.17367553710938,179.18923950195312,63.726531982421875,38.829803466796875,91.138710021972656,93.818450927734375,179.6300048828125,76.580619812011719
2023-01-24,381.71685791015625,282.59552001953125,178.80662536621094,63.646091461181641,38.857513427734375,92.4493408203125,94.312065124511719,180.27999877929688,76.771881103515625
2023-01-25,381.8599853515625,281.96832275390625,179.30401611328125,64.066177368164062,38.894462585449219,92.673530578613281,94.354644775390625,181.11000061035156,76.806648254394531
2023-01-26,386.0567626953125,287.46603393554688,180.36581420898438,64.119804382324219,39.264015197753906,92.24237060546875,94.320579528808594,179.47000122070312,77.667312622070312
2023-01-27,386.94381713867188,290.3275146484375,181.34147644042969,63.994663238525391,39.079242706298828,92.009574890136719,94.048240661621094,179.22000122070312,78.536651611328125
2023-01-30,382.08892822265625,284.45742797851562,178.81617736816406,63.583530426025391,38.293964385986328,91.673309326171875,93.690757751464844,178.75999450683594,77.536903381347656
2023-01-31,387.70693969726562,288.72036743164062,183.15884399414062,63.949977874755859,38.2108154296875,92.406211853027344,94.3631591796875,179.41000366210938,79.162567138671875
2023-02-01,391.82742309570312,294.89419555664062,186.03813171386719,64.522003173828125,38.681983947753906,93.51702880859375,95.321060180664062,181.66999816894531,79.649421691894531
2023-02-02,397.53118896484375,305.47793579101562,189.70166015625,64.4326171875,38.451019287109375,93.638069152832031,95.4576416015625,177.89999389648438,81.457649230957031
2023-02-03,393.30575561523438,300.04888916015625,188.429443359375,63.833782196044922,37.767364501953125,92.237648010253906,94.373397827148438,173.46000671386719,79.927597045898438
2023-02-06,390.90219116210938,297.51071166992188,185.70327758789062,63.181324005126953,37.213047027587891,91.554725646972656,93.647705078125,173.82000732421875,79.345123291015625
2023-02-07,396.01461791992188,303.67477416992188,187.08071899414062,63.717594146728516,37.360866546630859,90.819931030273438,93.340370178222656,173.97999572753906,79.171249389648438
2023-02-08,391.68429565429688,298.27508544921875,184.34501647949219,63.324325561523438,37.314670562744141,91.252151489257812,93.434257507324219,174.41000366210938,78.797447204589844
2023-02-09,388.28875732421875,295.638916015625,181.67625427246094,63.440528869628906,37.490203857421875,90.3876953125,92.6488037109375,173.02999877929688,77.936790466308594
2023-02-10,389.19485473632812,293.6986083984375,182.03971862792969,63.163448333740234,37.129894256591797,89.376258850097656,91.999984741210938,173.36000061035156,78.206283569335938
2023-02-13,393.76361083984375,298.40249633789062,184.230224609375,63.798030853271484,37.434776306152344,90.12835693359375,92.341438293457031,172.47999572753906,78.901756286621094
2023-02-14,393.58245849609375,300.60751342773438,184.14411926269531,63.914226531982422,37.370105743408203,89.920883178710938,92.110946655273438,172.61000061035156,78.275840759277344
2023-02-15,394.86053466796875,302.91049194335938,186.00941467285156,63.628223419189453,37.055992126464844,89.082374572753906,91.760902404785156,170.88999938964844,78.588790893554688
2023-02-16,389.42376708984375,297.22653198242188,184.230224609375,63.315395355224609,37.065235137939453,87.820236206054688,91.026657104492188,170.75,77.823776245117188
2023-02-17,388.450927734375,295.12936401367188,184.7371826171875,63.476272583007812,36.658733367919922,88.503189086914062,91.38525390625,171.25999450683594,77.519500732421875
2023-02-21,380.658203125,288.1422119140625,179.28485107421875,62.779129028320312,36.196804046630859,86.782928466796875,90.087554931640625,170.6199951171875,75.963394165039062
2023-02-22,380.13360595703125,288.35781860351562,179.77272033691406,62.430549621582031,36.021266937255859,87.578224182128906,90.343704223632812,169.66000366210938,75.276588439941406
2023-02-23,382.15576171875,290.87625122070312,181.05445861816406,62.7523193359375,36.196804046630859,88.434043884277344,91.052291870117188,169.57000732421875,75.841682434082031
2023-02-24,378.0733642578125,286.00579833984375,179.36141967773438,61.706592559814453,35.383804321289062,87.284317016601562,90.369285583496094,168.35000610351562,74.511558532714844
2023-02-27,379.3609619140625,288.05398559570312,179.99275207519531,62.439495086669922,35.568580627441406,87.526321411132812,90.3948974609375,169.00999450683594,74.624603271484375
2023-02-28,377.95883178710938,287.68157958984375,180.0023193359375,61.983669281005859,35.319133758544922,87.923980712890625,90.429046630859375,169.77999877929688,74.520256042480469
2023-03-01,376.5091552734375,285.36883544921875,180.23185729980469,62.314353942871094,36.076698303222656,86.979415893554688,89.865325927734375,170.75999450683594,73.581367492675781
2023-03-02,379.43731689453125,287.73056030273438,180.66230773925781,62.439495086669922,36.206043243408203,86.208152770996094,89.942413330078125,170.66000366210938,74.4420166015625
2023-03-03,385.52261352539062,293.67904663085938,183.17803955078125,63.351139068603516,36.529396057128906,88.296607971191406,90.961952209472656,172.49000549316406,75.572189331054688
2023-03-06,385.78970336914062,294.01220703125,180.49971008300781,63.190254211425781,36.400051116943359,87.612037658691406,90.713485717773438,171.6199951171875,75.276588439941406
2023-03-07,379.87606811523438,290.40594482421875,178.40486145019531,62.135597229003906,35.790306091308594,88.149322509765625,90.456459045410156,168.6199951171875,73.520515441894531
2023-03-08,380.49603271484375,291.85629272460938,178.490966796875,62.475246429443359,35.938121795654297,88.235969543457031,90.310844421386719,168.53999328613281,74.363800048828125
2023-03-09,373.47601318359375,286.79962158203125,173.5264892578125,62.019412994384766,35.143608093261719,88.45263671875,90.225143432617188,170.19999694824219,72.659873962402344
2023-03-10,368.08688354492188,282.77188110351562,168.52377319335938,61.358020782470703,34.958831787109375,91.503021240234375,91.518821716308594,173.8699951171875,70.251785278320312
2023-03-13,367.56231689453125,284.86898803710938,165.77848815917969,60.937942504882812,35.014259338378906,91.71099853515625,91.595970153808594,177.86000061035156,71.173294067382812
2023-03-14,373.63812255859375,291.41522216796875,168.8489990234375,61.751277923583984,35.032737731933594,90.203132629394531,91.321807861328125,176.83000183105469,71.860084533691406
2023-03-15,371.30130004882812,292.94400024414062,166.06549072265625,59.838588714599609,34.432231903076172,91.944976806640625,92.1956787109375,178.21000671386719,71.807907104492188
2023-03-16,377.8157958984375,300.66629028320312,168.33247375488281,60.768119812011719,34.958831787109375,91.2257080078125,92.058586120605469,178.57000732421875,71.651420593261719
2023-03-17,373.39810180664062,299.24526977539062,163.78887939453125,60.044155120849609,34.746341705322266,92.594894409179688,92.521263122558594,183.77000427246094,70.025764465332031
2023-03-20,376.98855590820312,300.30728149414062,165.91241455078125,60.982635498046875,34.875686645507812,91.780326843261719,92.247077941894531,183.83999633789062,70.825553894042969
2023-03-21,381.9385986328125,304.59637451171875,168.97334289550781,61.903217315673828,35.189796447753906,90.991714477539062,92.692626953125,180.3699951171875,70.512596130371094
2023-03-22,375.42794799804688,300.45449829101562,164.18107604980469,61.688713073730469,35.328376770019531,92.2049560546875,93.232376098632812,183.44000244140625,67.87847900390625
2023-03-23,376.44290161132812,304.01730346679688,163.45237731933594,61.697647094726562,35.818019866943359,92.2049560546875,93.497970581054688,185.74000549316406,67.452476501464844
2023-03-24,378.91314697265625,305.13623046875,164.93089294433594,61.509952545166016,35.725627899169922,92.594894409179688,93.789253234863281,183.64999389648438,69.182273864746094
2023-03-27,379.62161254882812,303.045654296875,166.7646484375,62.090919494628906,35.531623840332031,90.419769287109375,92.666885375976562,181.94999694824219,69.103240966796875
2023-03-28,378.76943969726562,301.43597412109375,166.52459716796875,62.117725372314453,36.039749145507812,90.584434509277344,92.512702941894531,183.44000244140625,68.936424255371094
2023-03-29,384.27481079101562,306.93234252929688,168.41595458984375,62.868492126464844,36.141372680664062,90.402442932128906,92.941055297851562,182.52999877929688,70.4642333984375
2023-03-30,386.52484130859375,309.83758544921875,168.18551635742188,63.601398468017578,36.501674652099609,90.818397521972656,93.069595336914062,184.17999267578125,71.386199951171875
2023-03-31,391.97274780273438,314.99038696289062,171.27696228027344,63.923164367675781,36.455482482910156,92.178932189941406,93.909194946289062,183.22000122070312,72.914024353027344
2023-04-03,393.46630859375,314.22482299804688,171.353759765625,64.4326171875,36.529396057128906,92.612464904785156,94.476417541503906,184.53999328613281,72.334487915039062
2023-04-04,391.283447265625,313.164794921875,168.34872436523438,64.441551208496094,36.529396057128906,93.072921752929688,94.596763610839844,187.97999572753906,72.237899780273438
2023-04-05,390.2589111328125,310.07315063476562,166.69744873046875,63.994663238525391,36.242996215820312,94.045967102050781,94.906135559082031,187.83000183105469,71.851570129394531
2023-04-06,391.78125,312.1636962890625,166.94705200195312,64.298545837402344,36.390811920166016,94.289215087890625,94.820152282714844,186.49000549316406,72.343284606933594
2023-04-10,392.18341064453125,311.98709106445312,168.73277282714844,64.253868103027344,36.427768707275391,92.768844604492188,94.38189697265625,185.11000061035156,72.676956176757812
2023-04-11,392.28875732421875,309.98477172851562,170.06727600097656,64.468368530273438,36.649494171142578,92.959999084472656,94.356109619140625,186.27999877929688,72.984268188476562
2023-04-12,390.68978881835938,307.24642944335938,168.81916809082031,64.879508972167969,36.390811920166016,92.864387512207031,94.158432006835938,187.19000244140625,72.633041381835938
2023-04-13,395.87918090820312,313.26296997070312,171.05618286132812,65.710723876953125,36.889698028564453,92.134628295898438,94.321708679199219,189.72000122070312,72.413520812988281
2023-04-14,394.91213989257812,312.674072265625,169.46244812011719,65.442581176757812,36.695686340332031,91.291900634765625,94.012336730957031,186.36000061035156,71.289588928222656
2023-04-17,396.32925415039062,312.9390869140625,171.64179992675781,65.326393127441406,36.852741241455078,90.205917358398438,93.419326782226562,185.52999877929688,72.773536682128906
2023-04-18,396.58767700195312,312.95870971679688,170.91215515136719,65.683906555175781,36.806545257568359,90.527389526367188,93.728721618652344,186.25,72.606704711914062
2023-04-19,396.52072143554688,312.81149291992188,171.13296508789062,65.478347778320312,36.437004089355469,90.440513610839844,93.264625549316406,185.36000061035156,73.036949157714844
2023-04-20,394.35684204101562,310.42648315429688,170.24967956542969,65.478347778320312,36.381572723388672,91.213706970214844,93.617012023925781,186.08999633789062,72.316940307617188
2023-04-21,394.66326904296875,310.7503662109375,170.47047424316406,65.809036254882812,36.039749145507812,90.701156616210938,93.677169799804688,184.25,72.325729370117188
2023-04-24,395.074951171875,310.10260009765625,170.35528564453125,65.978858947753906,35.956600189208984,91.578590393066406,94.08966064453125,184.80999755859375,72.053520202636719
2023-04-25,388.8035888671875,304.25283813476562,166.150146484375,65.058265686035156,35.282180786132812,92.925216674804688,94.502212524414062,185.75,71.342300415039062
2023-04-26,387.15679931640625,306.09808349609375,164.54685974121094,65.013565063476562,35.485431671142578,91.934829711914062,94.08966064453125,184.74000549316406,70.657424926757812
2023-04-27,394.86428833007812,314.42117309570312,166.74543762207031,65.826911926269531,35.965839385986328,91.022575378417969,93.745925903320312,184.75,72.255470275878906
2023-04-28,398.23455810546875,316.59024047851562,168.20477294921875,65.80010986328125,36.150615692138672,92.490875244140625,94.476417541503906,184.80000305175781,73.142318725585938
2023-05-01,397.83242797851562,316.22702026367188,168.30073547363281,65.7017822265625,36.030509948730469,89.82391357421875,92.951789855957031,183.97000122070312,72.597915649414062
2023-05-02,393.36102294921875,313.46905517578125,164.84446716308594,65.040397644042969,35.679443359375,92.062309265136719,94.072853088378906,187.52000427246094,71.368644714355469
2023-05-03,390.66107177734375,311.41778564453125,165.44937133789062,65.210205078125,35.624008178710938,92.576210021972656,94.228057861328125,189.11000061035156,71.087646484375
2023-05-04,387.89398193359375,310.31854248046875,163.59638977050781,65.076141357421875,35.910408020019531,91.66168212890625,93.969337463378906,190.44000244140625,71.675956726074219
2023-05-05,395.074951171875,316.91415405273438,167.48466491699219,66.032478332519531,36.390811920166016,91.356803894042969,93.598564147949219,187.46000671386719,72.8701171875
2023-05-08,395.1802978515625,317.69931030273438,167.10066223144531,66.05035400390625,36.409286499023438,90.076499938964844,92.925941467285156,187.69000244140625,72.448646545410156
2023-05-09,393.44720458984375,315.687255859375,166.60140991210938,65.782218933105469,36.187564849853516,89.754219055175781,92.89141845703125,189.02000427246094,72.141334533691406
2023-05-10,395.28558349609375,319.1224365234375,167.4462890625,65.648147583007812,36.169086456298828,90.625213623046875,93.624420166015625,188.75,72.834976196289062
2023-05-11,394.59622192382812,320.16293334960938,166.15977478027344,65.487281799316406,36.039749145507812,91.583290100097656,93.986587524414062,187.1300048828125,72.035957336425781
2023-05-12,394.07916259765625,319.01449584960938,165.82377624511719,65.37109375,35.614772796630859,90.816825866699219,93.408836364746094,186.80999755859375,72.027183532714844
2023-05-15,395.43878173828125,320.741943359375,167.84950256347656,65.871597290039062,36.270713806152344,89.876182556152344,92.908699035644531,187.21000671386719,71.904258728027344
2023-05-16,392.796142578125,321.10513305664062,165.40130615234375,65.245956420898438,36.012027740478516,89.606185913085938,92.443016052246094,184.8699951171875,70.104225158691406
2023-05-17,397.5643310546875,324.99179077148438,169.08798217773438,65.549842834472656,36.178325653076172,89.344894409179688,92.434410095214844,184.22999572753906,71.052536010742188
2023-05-18,401.39410400390625,331.02798461914062,170.11528015136719,65.451522827148438,35.98431396484375,88.682899475097656,92.046333312988281,181.83999633789062,70.7100830078125
2023-05-19,400.81008911132812,330.28207397460938,169.07841491699219,65.835861206054688,36.012027740478516,88.055801391601562,91.934242248535156,183.63999938964844,70.595954895019531
2023-05-22,400.97280883789062,331.39117431640625,171.14256286621094,65.853736877441406,36.307666778564453,87.74224853515625,91.899765014648438,183.21000671386719,71.026199340820312
2023-05-23,396.47271728515625,327.1903076171875,170.33612060546875,64.888450622558594,35.744106292724609,87.994842529296875,92.089469909667969,183.42999267578125,70.358863830566406
2023-05-24,393.6004638671875,325.51202392578125,168.53117370605469,63.9410400390625,35.4761962890625,87.55938720703125,91.727279663085938,181.94999694824219,68.848609924316406
2023-05-25,397.00894165039062,333.4326171875,167.21588134765625,63.851665496826172,35.40228271484375,87.341621398925781,91.425430297851562,180.19999694824219,68.839820861816406
2023-05-26,402.15054321289062,341.95196533203125,169.11680603027344,64.477310180664062,36.030509948730469,88.047103881835938,91.813522338867188,180.91999816894531,69.630073547363281
2023-05-30,402.30368041992188,343.50274658203125,168.49278259277344,63.824844360351562,35.614772796630859,88.926803588867188,92.503402709960938,182.03999328613281,69.893486022949219
2023-05-31,400.0728759765625,341.54953002929688,166.83183288574219,63.163448333740234,35.282180786132812,89.701980590820312,92.805198669433594,182.32000732421875,70.244720458984375
2023-06-01,403.87393188476562,345.49526977539062,168.63679504394531,64.101913452148438,35.910408020019531,90.053909301757812,93.089813232421875,183.75999450683594,70.253509521484375
2023-06-02,409.7144775390625,348.08636474609375,174.75244140625,64.933135986328125,36.529396057128906,89.067092895507812,92.838951110839844,181.05000305175781,71.965721130371094
2023-06-05,408.92935180664062,348.33175659179688,172.40985107421875,64.557746887207031,36.520153045654297,88.901161193847656,92.639976501464844,182.13999938964844,71.465217590332031
2023-06-06,409.8197021484375,348.27279663085938,176.95098876953125,65.094024658203125,36.843509674072266,89.425125122070312,92.821670532226562,182.33999633789062,72.150100708007812
2023-06-07,408.40267944335938,342.36422729492188,180.26185607910156,64.521522521972656,36.685218811035156,88.097724914550781,91.991111755371094,180.14999389648438,73.475967407226562
2023-06-08,410.8729248046875,346.61407470703125,179.58792114257812,65.204154968261719,36.945926666259766,89.128189086914062,92.605392456054688,182.52999877929688,73.019386291503906
2023-06-09,411.61016845703125,347.93911743164062,178.13420104980469,65.094924926757812,37.113525390625,89.005973815917969,92.363121032714844,182.03999328613281,72.597915649414062
2023-06-12,415.34420776367188,353.81826782226562,178.87551879882812,65.377082824707031,37.188007354736328,89.2679443359375,92.657272338867188,181.8800048828125,72.615463256835938
2023-06-13,418.08255004882812,356.53707885742188,180.92610168457031,65.995994567871094,37.560455322265625,88.385917663574219,92.241989135742188,180.53999328613281,73.080856323242188
2023-06-14,418.58047485351562,359.12811279296875,178.98136901855469,66.241729736328125,37.83978271484375,89.093299865722656,92.527503967285156,180.63999938964844,73.353042602539062
2023-06-15,423.76980590820312,363.407470703125,180.45436096191406,66.942558288574219,38.193595886230469,89.949111938476562,93.332084655761719,181.91000366210938,73.739402770996094
2023-06-16,422.32644653320312,361.12054443359375,179.01026916503906,66.796928405761719,38.063243865966797,89.59979248046875,93.167724609375,181.6300048828125,73.686721801757812
2023-06-20,420.13534545898438,360.60357666015625,178.23048400878906,65.914070129394531,37.318363189697266,90.219818115234375,93.505111694335938,179.75,72.81744384765625
2023-06-21,417.982666015625,355.68939208984375,177.81649780273438,66.014190673828125,37.141452789306641,90.438148498535156,93.401298522949219,179.49000549316406,72.378402709960938
2023-06-22,419.49139404296875,359.88616943359375,176.49757385253906,65.6046142578125,37.011100769042969,89.346549987792969,92.916824340820312,177.71000671386719,71.342300415039062
2023-06-23,416.32009887695312,356.318359375,173.84043884277344,64.585235595703125,36.471065521240234,90.237312316894531,93.176368713378906,178.19999694824219,70.358863830566406
2023-06-26,414.61917114257812,351.54180908203125,174.01370239257812,64.667152404785156,36.592109680175781,90.333366394042969,93.280158996582031,178.50999450683594,71.9832763671875
2023-06-27,419.16470336914062,357.58627319335938,176.52642822265625,65.2314453125,36.964550018310547,90.097572326660156,93.176368713378906,177.69000244140625,72.8701171875
2023-06-28,419.3760986328125,358.28411865234375,177.39288330078125,65.276954650878906,36.741085052490234,90.4818115234375,93.582962036132812,177.27999877929688,72.975486755371094
2023-06-29,421.02911376953125,357.56661987304688,179.43388366699219,65.185951232910156,36.545551300048828,88.8487548828125,92.873565673828125,177.08999633789062,73.790641784667969
2023-06-30,425.9974365234375,363.08035278320312,180.29074096679688,65.986885070800781,36.834197998046875,89.896720886230469,93.557029724121094,178.27000427246094,74.199119567871094
2023-07-03,426.48760986328125,363.93536376953125,180.65657043457031,65.914070129394531,37.243877410888672,89.387100219726562,93.294891357421875,178.47000122070312,74.92724609375
2023-07-05,425.85330200195312,363.92559814453125,178.85624694824219,65.176841735839844,37.020412445068359,88.5377197265625,92.626571655273438,177.83999633789062,75.095970153808594
2023-07-06,422.51864624023438,361.1539306640625,175.96803283691406,64.048248291015625,36.266223907470703,87.2855224609375,91.689208984375,177.30999755859375,74.518783569335938
2023-07-07,421.45187377929688,359.954833984375,177.82614135742188,64.530632019042969,36.675907135009766,86.760116577148438,91.6024169921875,178.63999938964844,74.350059509277344
2023-07-10,422.51864624023438,360.07281494140625,180.86836242675781,64.712646484375,36.703838348388672,86.873947143554688,92.079788208007812,178.77999877929688,74.669731140136719
2023-07-11,425.20947265625,361.85183715820312,182.7264404296875,65.295166015625,37.076278686523438,87.320533752441406,92.513771057128906,179.44999694824219,75.735298156738281
2023-07-12,428.63070678710938,366.42202758789062,184.71928405761719,66.542091369628906,37.904949188232422,88.292495727539062,93.329620361328125,181.8800048828125,76.143775939941406
2023-07-13,432.03262329101562,372.6434326171875,186.21150207519531,67.606979370117188,38.398433685302734,89.220695495605469,93.9892578125,182.00999450683594,76.632164001464844
2023-07-14,431.76358032226562,372.5648193359375,184.39193725585938,67.224716186523438,38.184284210205078,88.695335388183594,93.260185241699219,181.42999267578125,76.481201171875
2023-07-17,433.26272583007812,376.0439453125,186.36558532714844,67.142799377441406,38.230838775634766,88.739097595214844,93.416412353515625,181.55999755859375,75.98394775390625
2023-07-18,436.48211669921875,379.12026977539062,188.66648864746094,67.579673767089844,37.951511383056641,89.14190673828125,93.6507568359375,183.63999938964844,75.56658935546875
2023-07-19,437.45272827148438,379.03179931640625,189.46556091308594,67.543258666992188,37.877021789550781,90.148910522460938,94.180213928222656,183.66999816894531,76.419044494628906
2023-07-20,434.55047607421875,370.29434204101562,187.80967712402344,67.197410583496094,37.597694396972656,89.0543212890625,93.546585083007812,182.74000549316406,76.170417785644531
2023-07-21,434.55047607421875,369.18377685546875,187.2127685546875,67.333938598632812,37.541828155517578,89.080635070800781,93.711540222167969,182.17999267578125,76.525604248046875
2023-07-24,436.49169921875,369.77346801757812,187.67485046386719,67.170097351074219,38.053932189941406,88.756607055664062,93.598686218261719,181.39999389648438,77.15606689453125
2023-07-25,437.68341064453125,372.27975463867188,187.65560913085938,67.242912292480469,38.370506286621094,88.590240478515625,93.451126098632812,182.41000366210938,76.605514526367188
2023-07-26,437.750732421875,371.04135131835938,189.13822937011719,67.424949645996094,38.593967437744141,88.677787780761719,93.885093688964844,183.30000305175781,76.951828002929688
2023-07-27,434.84841918945312,370.15679931640625,186.69288635253906,67.270225524902344,38.119102478027344,86.952789306640625,92.739410400390625,180.41999816894531,75.282432556152344
2023-07-28,439.105712890625,376.89907836914062,189.10934448242188,67.752601623535156,39.040889739990234,87.399314880371094,93.346969604492188,181.86000061035156,75.220283508300781
2023-07-31,439.94180297851562,377.0955810546875,191.30433654785156,67.770805358886719,39.059516906738281,87.6094970703125,93.607368469238281,182.35000610351562,75.708663940429688
2023-08-01,438.68292236328125,376.22088623046875,190.42828369140625,66.924362182617188,38.566028594970703,86.173812866210938,92.67462158203125,180.46000671386719,75.584342956542969
2023-08-02,432.5804443359375,367.96505737304688,187.83853149414062,65.67742919921875,37.644248962402344,85.251899719238281,92.1085205078125,179.60000610351562,75.149223327636719
2023-08-03,431.34072875976562,367.37530517578125,187.30900573730469,65.495399475097656,37.793216705322266,83.285011291503906,91.281135559082031,179.53999328613281,74.332305908203125
2023-08-04,429.38986206054688,365.65536499023438,186.93357849121094,65.67742919921875,37.746669769287109,84.760162353515625,92.230453491210938,180.19000244140625,73.728485107421875
2023-08-07,433.1378173828125,368.75137329101562,187.05876159667969,66.232635498046875,37.690799713134766,83.925971984863281,92.003974914550781,179.77999877929688,74.6519775390625
2023-08-08,431.25421142578125,365.61614990234375,185.8841552734375,65.8321533203125,37.234569549560547,84.900657653808594,92.369789123535156,178.63999938964844,74.172470092773438
2023-08-09,428.3712158203125,361.59628295898438,184.43045043945312,65.813957214355469,37.327678680419922,85.339698791503906,92.456871032714844,177.78999328613281,74.163589477539062
2023-08-10,428.52499389648438,362.26455688476562,183.61215209960938,66.096115112304688,37.383544921875,83.934776306152344,91.8037109375,177.60000610351562,73.879440307617188
2023-08-11,428.27505493164062,359.954833984375,183.87205505371094,65.650123596191406,36.834197998046875,83.741615295410156,91.490165710449219,177.60000610351562,73.994895935058594
2023-08-14,430.63922119140625,363.99441528320312,183.55438232421875,65.358871459960938,36.657283782958984,83.557212829589844,91.455337524414062,177.05999755859375,73.506492614746094
2023-08-15,425.62277221679688,360.1318359375,181.12826538085938,64.548828125,36.238292694091797,83.047927856445312,90.976295471191406,176.58999633789062,72.6806640625
2023-08-16,422.49935913085938,356.318359375,178.91401672363281,64.020927429199219,35.912403106689453,82.398155212402344,90.566986083984375,175.57000732421875,71.7838134765625
2023-08-17,419.27999877929688,352.42630004882812,176.80563354492188,63.565841674804688,35.996204376220703,82.046913146972656,90.323104858398438,175.30000305175781,71.206626892089844
2023-08-18,419.48184204101562,351.98410034179688,177.76837158203125,63.565841674804688,35.754123687744141,82.336685180664062,90.66278076171875,175.33000183105469,71.428634643554688
2023-08-21,422.21112060546875,357.655029296875,177.5084228515625,63.802494049072266,35.837924957275391,81.239097595214844,90.122825622558594,175.80999755859375,70.771530151367188
2023-08-22,421.06747436523438,357.14401245117188,176.97891235351562,63.684169769287109,35.763431549072266,81.862518310546875,90.401504516601562,176.10000610351562,70.975761413574219
2023-08-23,425.75723266601562,362.775634765625,178.86589050292969,64.375900268554688,36.331405639648438,83.890876770019531,91.673057556152344,177.88999938964844,72.094596862792969
2023-08-24,419.85662841796875,355.02102661132812,176.39167785644531,63.4930419921875,36.191738128662109,83.337661743164062,91.3594970703125,177.85000610351562,71.819343566894531
2023-08-25,422.81658935546875,357.77294921875,177.14260864257812,63.920822143554688,36.228984832763672,83.609886169433594,91.411781311035156,177.6199951171875,71.87261962890625
2023-08-28,425.49774169921875,360.46603393554688,178.72145080566406,64.594337463378906,36.582798004150391,83.69769287109375,91.699180603027344,178.1300048828125,72.547477722167969
2023-08-29,431.64825439453125,368.33847045898438,181.21495056152344,65.395278930664062,37.048347473144531,84.566970825195312,92.430747985839844,179.8699951171875,73.426582336425781
2023-08-30,433.42608642578125,370.39266967773438,181.89848327636719,65.358871459960938,36.92730712890625,84.479164123535156,92.300094604492188,180.32000732421875,73.692977905273438
2023-08-31,432.79183959960938,371.50323486328125,181.58079528808594,65.104026794433594,36.471065521240234,84.856735229492188,92.456871032714844,180.02000427246094,73.151290893554688
2023-09-01,433.59909057617188,371.11007690429688,183.7373046875,65.067626953125,36.899368286132812,83.534797668457031,91.798751831054688,180.11000061035156,73.275619506835938
2023-09-05,431.72515869140625,371.58187866210938,179.86714172363281,64.503334045410156,36.601421356201172,82.363471984863281,91.143226623535156,178.63999938964844,72.42315673828125
2023-09-06,428.82290649414062,368.30899047851562,179.19320678710938,64.366798400878906,36.396575927734375,82.566047668457031,91.055801391601562,177.83000183105469,72.272201538085938
2023-09-07,427.50628662109375,365.675048828125,177.46031188964844,64.157463073730469,35.968273162841797,82.795021057128906,91.457870483398438,178.02000427246094,72.725074768066406
2023-09-08,428.15017700195312,366.1861572265625,177.06558227539062,64.066444396972656,36.042762756347656,83.112075805664062,91.527824401855469,178.08000183105469,72.440925598144531
2023-09-11,430.96597290039062,370.50076293945312,177.48918151855469,64.730873107910156,36.489688873291016,82.513168334960938,91.352989196777344,178.41000366210938,72.449798583984375
2023-09-12,428.60183715820312,366.39248657226562,177.31588745117188,64.4669189453125,36.377956390380859,82.98876953125,91.326766967773438,177.49000549316406,72.414283752441406
2023-09-13,429.10159301757812,367.78814697265625,176.15093994140625,64.266677856445312,36.331405639648438,82.971138000488281,91.527824401855469,177.08000183105469,71.623992919921875
2023-09-14,432.80136108398438,370.79562377929688,178.63482666015625,65.113136291503906,36.573482513427734,82.372299194335938,91.361709594726562,177.16999816894531,72.920417785644531
2023-09-15,427.58697509765625,364.44650268554688,176.76712036132812,64.967506408691406,36.433826446533203,81.870285034179688,91.221885681152344,178.33999633789062,72.645156860351562
2023-09-18,427.837646484375,364.82638549804688,175.59257507324219,64.739967346191406,36.38726806640625,82.337059020996094,91.396682739257812,179.38999938964844,71.996940612792969
2023-09-19,426.950439453125,364.04885864257812,174.90902709960938,64.794578552246094,36.173114776611328,81.729393005371094,91.090789794921875,179.22000122070312,71.668380737304688
2023-09-20,423.02536010742188,358.802734375,173.1568603515625,64.639839172363281,36.024135589599609,81.984764099121094,91.125717163085938,179.35000610351562,71.730552673339844
2023-09-21,416.03341674804688,352.22784423828125,170.47085571289062,63.565841674804688,35.400302886962891,79.879898071289062,90.2080078125,178.05000305175781,69.288627624511719
2023-09-22,415.09796142578125,352.27706909179688,170.08578491210938,63.620468139648438,35.819297790527344,80.522796630859375,90.758644104003906,178.6199951171875,68.764717102050781
2023-09-25,416.84347534179688,353.95025634765625,170.84632873535156,63.338302612304688,35.6610107421875,78.541206359863281,89.875869750976562,177.69999694824219,68.702545166015625
2023-09-26,410.7196044921875,348.63525390625,168.64967346191406,62.5191650390625,35.158218383789062,78.268196105957031,89.622421264648438,176.27999877929688,67.450508117675781
2023-09-27,410.88345336914062,349.4522705078125,170.22633361816406,62.400833129882812,35.214080810546875,77.863082885742188,89.202880859375,174.10000610351562,66.997634887695312
2023-09-28,413.26556396484375,352.37548828125,171.76423645019531,62.910537719726562,35.307193756103516,78.100852966308594,89.360214233398438,173.22999572753906,67.640518188476562
2023-09-29,412.2625732421875,352.63137817382812,170.95175170898438,62.728496551513672,35.335128784179688,78.109664916992188,89.167922973632812,171.44999694824219,67.8377685546875
2023-10-02,412.0986328125,355.5743408203125,168.36920166015625,61.809234619140625,35.158218383789062,76.802093505859375,88.35101318359375,169.64999389648438,66.591476440429688
2023-10-03,406.58224487304688,349.33416748046875,165.53512573242188,61.035587310791016,34.692665100097656,75.149971008300781,87.333175659179688,169.16000366210938,65.291389465332031
2023-10-04,409.54299926757812,354.08810424804688,165.612548828125,61.144817352294922,34.590251922607422,76.210159301757812,88.0965576171875,169.13999938964844,66.089378356933594
2023-10-05,409.388671875,353.04483032226562,165.73825073242188,61.681816101074219,34.720607757568359,75.830230712890625,87.991241455078125,168.83000183105469,66.456993103027344
2023-10-06,414.24923706054688,358.96017456054688,167.334228515625,62.364437103271484,35.223396301269531,74.911415100097656,87.72802734375,169.69999694824219,66.63629150390625
2023-10-09,416.9013671875,360.79095458984375,168.30148315429688,62.273418426513672,35.055797576904297,76.669578552246094,88.816070556640625,172.82000732421875,67.362564086914062
2023-10-10,419.07131958007812,362.78897094726562,170.20697021484375,63.128974914550781,35.558589935302734,76.563583374023438,88.851173400878906,172.52999877929688,67.685348510742188
2023-10-11,420.78790283203125,365.3775634765625,169.91679382324219,63.392929077148438,35.782054901123047,78.162673950195312,89.395156860351562,173.78999328613281,68.859909057617188
2023-10-12,418.22256469726562,364.10791015625,166.07679748535156,62.865020751953125,35.381675720214844,76.04229736328125,88.465065002441406,173.25999450683594,67.855705261230469
2023-10-13,416.13949584960938,359.5311279296875,164.69363403320312,62.282524108886719,35.251331329345703,77.402900695800781,88.95648193359375,178.83000183105469,67.685348510742188
2023-10-16,420.51791381835938,363.59616088867188,167.35357666015625,62.737602233886719,35.512039184570312,76.157142639160156,88.342247009277344,177.96000671386719,68.492301940917969
2023-10-17,420.49853515625,362.40505981445312,169.22038269042969,62.774002075195312,35.418930053710938,75.317825317382812,87.640274047851562,178.28999328613281,68.393661499023438
2023-10-18,414.89535522460938,357.65109252929688,165.73825073242188,61.681816101074219,34.878890991210938,74.655197143554688,86.938301086425781,180.8699951171875,66.941162109375
2023-10-19,411.24993896484375,354.30462646484375,163.09767150878906,61.135715484619141,34.674045562744141,73.126777648925781,86.236351013183594,183.08999633789062,65.354141235351562
2023-10-20,406.19647216796875,349.01919555664062,160.98907470703125,60.589614868164062,34.255054473876953,73.5419921875,86.578559875488281,183.58999633789062,64.914794921875
2023-10-23,405.49246215820312,350.07229614257812,159.625244140625,60.635124206542969,34.227123260498047,74.425483703613281,87.254180908203125,182.97000122070312,64.278221130371094
2023-10-24,408.54962158203125,353.47787475585938,161.01809692382812,60.980983734130859,34.664737701416016,75.406158447265625,87.745567321777344,182.94999694824219,65.103096008300781
2023-10-25,402.68603515625,344.82623291015625,158.35818481445312,60.544105529785156,34.208503723144531,73.727554321289062,86.947097778320312,183.72000122070312,63.704383850097656
2023-10-26,397.86410522460938,338.25131225585938,158.76437377929688,60.107231140136719,34.040901184082031,74.858421325683594,87.578819274902344,184.00999450683594,64.923774719238281
2023-10-27,396.06063842773438,339.8753662109375,156.89764404296875,59.925193786621094,34.012966156005859,74.540359497070312,87.403396606445312,186.14999389648438,63.883697509765625
2023-10-30,400.79580688476562,343.70416259765625,157.76812744140625,60.689727783203125,34.366786956787109,74.204627990722656,87.140144348144531,185.10000610351562,64.287178039550781
2023-10-31,403.31295776367188,345.34786987304688,159.1319580078125,60.908176422119141,34.171257019042969,73.842384338378906,87.017280578613281,184.08999633789062,65.38104248046875
2023-11-01,407.61416625976562,351.34197998046875,160.04116821289062,61.481578826904297,34.487827301025391,75.443466186523438,88.262565612792969,183.50999450683594,65.784523010253906
2023-11-02,415.42584228515625,357.72000122070312,164.30674743652344,62.737602233886719,35.093044281005859,77.163314819335938,89.310577392578125,184.1199951171875,67.945358276367188
2023-11-03,419.2159423828125,361.9228515625,168.77545166015625,63.402023315429688,35.809986114501953,77.686378479003906,89.750953674316406,184.78999328613281,69.568222045898438
2023-11-06,420.1802978515625,363.399169921875,166.66682434082031,63.083461761474609,36.098625183105469,76.932838439941406,89.275360107421875,183.35000610351562,68.56402587890625
2023-11-07,421.37612915039062,366.83425903320312,166.07679748535156,62.701198577880859,36.033451080322266,78.067573547363281,89.988700866699219,182.58999633789062,67.999160766601562
2023-11-08,421.68478393554688,367.07046508789062,164.30674743652344,62.619289398193359,35.791366577148438,79.397361755371094,90.446670532226562,180.77000427246094,68.223297119140625
2023-11-09,418.39617919921875,364.24566650390625,161.76289367675781,62.610187530517578,35.456172943115234,77.571144104003906,89.530784606933594,181.49000549316406,67.147361755371094
2023-11-10,424.9251708984375,372.43478393554688,163.57160949707031,62.892326354980469,35.707565307617188,78.005546569824219,89.979896545410156,179.50999450683594,67.775001525878906
2023-11-13,424.52011108398438,371.27328491210938,163.629638671875,63.056156158447266,35.698253631591797,77.828224182128906,89.988700866699219,180.50999450683594,67.21014404296875
2023-11-14,432.75619506835938,379.26553344726562,172.61541748046875,64.667152404785156,36.647975921630859,79.592414855957031,91.397819519042969,182.1199951171875,70.940048217773438
2023-11-15,433.67227172851562,379.55093383789062,172.91526794433594,64.567031860351562,36.955238342285156,78.475379943847656,90.9222412109375,181.63999938964844,71.146278381347656
2023-11-16,434.20272827148438,379.87579345703125,170.11994934082031,64.521522521972656,36.601421356201172,79.4505615234375,91.670829772949219,183.69000244140625,70.993858337402344
2023-11-17,434.74276733398438,379.96435546875,172.45097351074219,65.395278930664062,36.647975921630859,79.822906494140625,91.935050964355469,183.66999816894531,70.940048217773438
2023-11-20,438.08926391601562,384.59042358398438,173.45693969726562,65.641029357910156,37.104206085205078,80.310493469238281,92.304939270019531,183.3699951171875,71.4600830078125
2023-11-21,437.13449096679688,382.35610961914062,171.22259521484375,65.386184692382812,36.871437072753906,80.2750244140625,92.331352233886719,185.35000610351562,70.957969665527344
2023-11-22,438.82220458984375,383.92108154296875,172.29623413085938,65.540908813476562,36.796951293945312,80.558708190917969,92.701255798339844,184.55999755859375,71.307655334472656
2023-11-24,439.09225463867188,383.37973022460938,173.45693969726562,66.041496276855469,36.815574645996094,79.61016845703125,92.225677490234375,185.52000427246094,71.513885498046875
2023-11-27,438.30142211914062,383.04507446289062,172.87655639648438,65.813957214355469,36.666595458984375,80.939949035644531,92.974227905273438,186.77000427246094,71.773902893066406
2023-11-28,438.73541259765625,384.04904174804688,172.20915222167969,65.8321533203125,36.973857879638672,81.099510192871094,93.344154357910156,189.25999450683594,72.249107360839844
2023-11-29,438.42681884765625,383.675048828125,173.118408203125,65.96868896484375,36.759712219238281,82.118988037109375,94.101524353027344,189.53999328613281,72.751213073730469
2023-11-30,440.15304565429688,382.71041870117188,173.77610778808594,65.914070129394531,36.834197998046875,81.170433044433594,93.608345031738281,188.75,73.28021240234375
2023-12-01,442.7569580078125,383.802978515625,178.85421752929688,66.605804443359375,36.992477416992188,82.699203491210938,94.735435485839844,192.00999450683594,75.082389831542969
2023-12-04,440.43280029296875,380.23995971679688,180.76933288574219,66.087013244628906,36.573482513427734,82.370155334472656,94.302268981933594,187.86000061035156,75.62933349609375
2023-12-05,440.345947265625,381.19464111328125,178.35122680664062,65.850364685058594,36.350025177001953,84.139930725097656,95.053634643554688,187.14999389648438,75.127243041992188
2023-12-06,438.571533203125,378.98995971679688,178.03201293945312,66.05059814453125,36.303466796875,85.260482788085938,95.407218933105469,187.83999633789062,74.903076171875
2023-12-07,441.91796875,384.2852783203125,179.31845092773438,66.369163513183594,36.480377197265625,84.771354675292969,95.41607666015625,188.14999389648438,75.118263244628906
2023-12-08,443.81784057617188,385.99786376953125,180.68228149414062,66.569381713867188,36.322093963623047,84.077651977539062,94.903396606445312,185.63999938964844,74.99273681640625
2023-12-11,445.54412841796875,389.29513549804688,181.05952453613281,66.73321533203125,36.536243438720703,83.8997802734375,94.876853942871094,183.58999633789062,75.198959350585938
2023-12-12,447.5789794921875,392.39553833007812,180.87574768066406,66.851531982421875,36.545551300048828,84.148818969726562,95.41607666015625,183.49000549316406,75.154121398925781
2023-12-13,453.75115966796875,397.3857421875,186.99844360351562,67.825424194335938,36.908679962158203,86.123115539550781,97.016067504882812,187.6300048828125,78.032257080078125
2023-12-14,455.2073974609375,397.041259765625,192.20220947265625,68.326011657714844,37.448722839355469,88.363441467285156,98.047798156738281,188.72999572753906,80.282760620117188
2023-12-15,454.45797729492188,398.96054077148438,190.58692932128906,67.661582946777344,37.225254058837891,88.46160888671875,97.9058837890625,187,79.153030395507812
2023-12-18,457.01425170898438,401.47344970703125,190.65464782714844,67.825424194335938,37.206630706787109,87.756759643554688,97.497795104980469,187.85000610351562,78.973716735839844
2023-12-19,459.79336547851562,403.52484130859375,194.34954833984375,68.398826599121094,37.523204803466797,88.2296142578125,97.621994018554688,189.1300048828125,79.574440002441406
2023-12-20,453.421875,397.52859497070312,190.54786682128906,67.70855712890625,36.847728729248047,88.827400207519531,97.879241943359375,188.10000610351562,78.606094360351562
2023-12-21,457.72109985351562,402.15399169921875,193.79031372070312,68.80523681640625,37.540283203125,88.265312194824219,97.843780517578125,189.42999267578125,79.303176879882812
2023-12-22,458.6409912109375,402.75567626953125,195.59602355957031,68.8697509765625,37.360027313232422,87.863861083984375,97.67523193359375,190.27000427246094,79.611801147460938
2023-12-26,460.57763671875,405.22125244140625,198.13949584960938,69.183082580566406,37.654125213623047,88.113616943359375,97.879241943359375,191.72000122070312,80.201766967773438
2023-12-27,461.41043090820312,406.04611206054688,198.8385009765625,69.551727294921875,37.872325897216797,89.67498779296875,98.793022155761719,192.58999633789062,80.592086791992188
2023-12-28,461.58468627929688,405.8487548828125,198.08123779296875,69.367393493652344,38.166431427001953,89.023696899414062,98.535774230957031,191.47000122070312,81.163902282714844
2023-12-29,460.24844360351562,404.09231567382812,194.8485107421875,69.441131591796875,38.147453308105469,88.220710754394531,98.172027587890625,191.16999816894531,80.201766967773438
2024-01-02,457.67266845703125,397.25421142578125,193.69329833984375,68.666999816894531,37.701560974121094,87.712135314941406,97.506637573242188,190.72000122070312,80.891609191894531
2024-01-03,453.93505859375,393.0506591796875,188.52861022949219,68.150909423828125,37.492847442626953,88.07794189453125,97.284889221191406,189.1300048828125,78.958267211914062
2024-01-04,452.47286987304688,391.02783203125,188.15972900390625,68.307586669921875,37.369514465332031,86.739639282226562,96.743721008300781,189.32000732421875,78.813041687011719
2024-01-05,453.09262084960938,391.4915771484375,187.60635375976562,68.353660583496094,37.416950225830078,85.909912109375,96.397720336914062,189.35000610351562,78.613357543945312
2024-01-08,459.5609130859375,399.58294677734375,190.98472595214844,69.081710815429688,37.521312713623047,86.757499694824219,97.134078979492188,187.8699951171875,79.738853454589844
2024-01-09,458.86373901367188,400.37234497070312,189.27616882324219,68.464248657226562,36.990036010742188,86.204330444335938,97.302619934082031,187.92999267578125,79.203346252441406
2024-01-10,461.4588623046875,403.08584594726562,189.38294982910156,68.906608581542969,36.904651641845703,85.802841186523438,97.178421020507812,187.5,79.294113159179688
2024-01-11,461.25546264648438,403.92462158203125,187.89761352539062,68.897392272949219,37.056442260742188,86.284622192382812,97.763938903808594,187.8699951171875,78.55889892578125
2024-01-12,461.57501220703125,404.1318359375,187.58695983886719,69.183082580566406,37.189258575439453,86.115097045898438,97.976852416992188,189.71000671386719,79.0308837890625
2024-01-16,459.88046264648438,404.09231567382812,185.26675415039062,68.021903991699219,36.287986755371094,84.598373413085938,96.983238220214844,187.91000366210938,78.449974060058594
2024-01-17,457.32418823242188,401.81298828125,183.94647216796875,67.376792907714844,35.747226715087891,84.464523315429688,96.779197692871094,185.83999633789062,77.015838623046875
2024-01-18,461.3909912109375,407.51632690429688,185.03375244140625,67.975822448730469,36.041328430175781,83.679412841796875,96.592903137207031,187.3699951171875,76.598320007324219
2024-01-19,467.142822265625,415.5977783203125,186.810302734375,68.132484436035156,36.420806884765625,83.947059631347656,96.690467834472656,187.92999267578125,77.515068054199219
2024-01-22,468.13052368164062,416.1405029296875,190.80027770996094,68.344451904296875,36.098247528076172,84.446678161621094,96.956619262695312,187.22000122070312,77.977989196777344
2024-01-23,469.49581909179688,417.86727905273438,190.2469482421875,68.150909423828125,36.411323547363281,83.777542114257812,96.601760864257812,187.94999694824219,77.442459106445312
2024-01-24,470.00900268554688,420.18618774414062,188.6839599609375,68.666999816894531,36.819267272949219,83.286827087402344,96.41546630859375,186.39999389648438,76.335090637207031
2024-01-25,472.56536865234375,420.69924926757812,190.2469482421875,68.860519409179688,36.866703033447266,83.831069946289062,97.054214477539062,187.13999938964844,77.315391540527344
2024-01-26,471.9649658203125,418.19296264648438,190.25663757324219,69.164657592773438,36.895160675048828,83.670478820800781,96.779197692871094,187.00999450683594,77.097557067871094
2024-01-29,475.70269775390625,422.47540283203125,193.58647155761719,69.570144653320312,36.914134979248047,84.634048461914062,97.178421020507812,188.33000183105469,77.6058349609375
2024-01-30,475.33477783203125,419.6632080078125,191.93612670898438,69.477996826171875,36.620033264160156,85.401344299316406,97.488922119140625,188.58999633789062,76.87969970703125
2024-01-31,467.57852172851562,411.44357299804688,187.2471923828125,69.127792358398438,36.420806884765625,86.240020751953125,97.7373046875,188.44999694824219,76.144493103027344
2024-02-01,473.6982421875,416.28854370117188,189.73240661621094,69.809761047363281,36.771831512451172,87.93170166015625,98.493186950683594,190.41000366210938,77.524162292480469
2024-02-02,478.68502807617188,423.32403564453125,188.73249816894531,69.256813049316406,36.667469024658203,85.9893798828125,97.593986511230469,188.61000061035156,76.562019348144531
2024-02-05,476.94210815429688,422.77145385742188,186.33462524414062,68.888191223144531,36.714908599853516,84.252952575683594,96.659149169921875,187.57000732421875,74.9554443359375
2024-02-06,478.32684326171875,421.92282104492188,188.01412963867188,69.312110900878906,37.549770355224609,85.076423645019531,97.202247619628906,188.55000305175781,75.962959289550781
2024-02-07,482.31631469726562,426.26449584960938,187.57725524902344,69.275238037109375,37.597206115722656,84.664703369140625,96.917388916015625,188.5,75.854034423828125
2024-02-08,482.52932739257812,427.05389404296875,190.42169189453125,69.155433654785156,37.38848876953125,84.172393798828125,96.418800354003906,188.33000183105469,76.47125244140625
2024-02-09,485.31802368164062,431.25747680664062,193.51850891113281,69.395050048828125,37.549770355224609,84.002342224121094,96.294151306152344,187.60000610351562,76.589248657226562
2024-02-12,485.10501098632812,429.57012939453125,197.03280639648438,69.514854431152344,37.843864440917969,84.100791931152344,96.303054809570312,187.11000061035156,76.607406616210938
2024-02-13,478.42367553710938,422.87008666992188,188.92666625976562,68.445823669433594,37.132335662841797,82.659744262695312,95.243621826171875,184.52999877929688,75.028060913085938
2024-02-14,482.77133178710938,427.47824096679688,193.31466674804688,69.210731506347656,37.663612365722656,83.0804443359375,95.688751220703125,184.41999816894531,75.618034362792969
2024-02-15,486.10232543945312,428.75112915039062,198.46955871582031,69.994071960449219,37.843864440917969,83.510047912597656,96.035964965820312,185.66000366210938,77.378913879394531
2024-02-16,483.68167114257812,424.86334228515625,195.77078247070312,70.104667663574219,38.024120330810547,83.026687622070312,95.688751220703125,186.33999633789062,76.580177307128906
2024-02-20,481.01873779296875,421.65643310546875,193.07196044921875,70.390350341796875,38.081043243408203,83.098312377929688,96.00927734375,187.47000122070312,76.44403076171875
2024-02-21,481.45443725585938,419.96908569335938,192.159423828125,70.445648193359375,38.147453308105469,82.507568359375,95.76885986328125,187.47999572753906,76.870635986328125
2024-02-22,491.41842651367188,432.26394653320312,193.61558532714844,71.238212585449219,38.536422729492188,82.910331726074219,95.920242309570312,187.55999755859375,77.015838623046875
2024-02-23,491.75732421875,430.99105834960938,194.05245971679688,71.330368041992188,38.517448425292969,84.020225524902344,96.205116271972656,188.6199951171875,76.979545593261719
2024-02-26,489.95626831054688,430.76409912109375,195.27566528320312,71.228996276855469,38.3466796875,83.769622802734375,95.902427673339844,188.19999694824219,76.135406494140625
2024-02-27,490.86648559570312,431.80020141601562,198.04243469238281,71.422523498535156,38.422576904296875,83.178886413574219,95.76885986328125,188,76.2261962890625
2024-02-28,490.21768188476562,429.50103759765625,196.41151428222656,71.007820129394531,37.919761657714844,83.706939697265625,95.760009765625,188.33999633789062,76.997695922851562
2024-02-29,491.98001098632812,433.181640625,197.78028869628906,71.192131042480469,37.938739776611328,84.297714233398438,95.849029541015625,189.30999755859375,77.651229858398438
2024-03-01,496.598876953125,439.70401000976562,199.87724304199219,71.883316040039062,38.403602600097656,84.822990417480469,96.432502746582031,192.88999938964844,78.577049255371094
2024-03-04,496.06631469726562,438.13510131835938,199.69276428222656,71.699005126953125,38.318218231201172,84.481773376464844,96.253791809082031,196.00999450683594,79.312255859375
2024-03-05,491.1085205078125,430.27069091796875,197.78028869628906,71.569969177246094,37.976680755615234,85.684928894042969,96.780990600585938,197.19000244140625,78.350143432617188
2024-03-06,493.59707641601562,432.97442626953125,199.25592041015625,72.417839050292969,38.526931762695312,86.187774658203125,97.040130615234375,198.80999755859375,78.740432739257812
2024-03-07,498.49673461914062,439.54611206054688,200.91600036621094,73.274909973144531,38.764118194580078,86.106948852539062,97.2813720703125,199.94000244140625,78.722267150878906
2024-03-08,495.504638671875,433.201416015625,200.789794921875,73.035301208496094,38.726161956787109,85.954299926757812,97.415428161621094,201.6300048828125,79.629959106445312
2024-03-11,495.07861328125,431.59298706054688,199.19769287109375,72.620590209960938,38.811546325683594,85.909439086914062,97.433273315429688,202,79.248733520507812
2024-03-12,500.40432739257812,437.77984619140625,198.92585754394531,73.201179504394531,39.238460540771484,85.191123962402344,97.120536804199219,199.78999328613281,79.076271057128906
2024-03-13,499.61993408203125,434.4150390625,199.70249938964844,73.210403442382812,39.115131378173828,84.778076171875,97.022254943847656,201.19000244140625,78.676895141601562
2024-03-14,498.63232421875,433.31976318359375,196.12997436523438,72.675880432128906,38.915908813476562,83.476158142089844,96.307388305664062,200.35000610351562,77.496910095214844
2024-03-15,495.20840454101562,428.16900634765625,196.49887084960938,72.703521728515625,38.678730010986328,83.449211120605469,96.334190368652344,199.71000671386719,77.324470520019531
2024-03-18,498.15151977539062,432.25259399414062,195.37274169921875,72.685096740722656,38.745136260986328,83.197792053222656,96.173362731933594,200.02999877929688,77.360786437988281
2024-03-19,500.91976928710938,433.32958984375,196.19792175292969,72.814117431640625,38.555397033691406,83.431243896484375,96.450370788574219,199.80000305175781,77.333534240722656
2024-03-20,505.552978515625,438.4674072265625,200.08111572265625,73.588241577148438,38.991798400878906,83.404319763183594,96.629081726074219,202.17999267578125,77.841835021972656
2024-03-21,507.2236328125,440.5423583984375,202.37994384765625,73.551383972167969,39.039237976074219,83.583892822265625,96.772056579589844,201.97000122070312,78.404586791992188
2024-03-22,506.26214599609375,441.0462646484375,199.58671569824219,73.39471435546875,38.764118194580078,84.383003234863281,97.102668762207031,200.35000610351562,77.417762756347656
2024-03-25,504.86331176757812,439.44558715820312,200.04411315917969,73.238052368164062,38.792572021484375,83.961006164550781,96.772056579589844,200.99000549316406,76.941719055175781
2024-03-26,503.93081665039062,438.0228271484375,199.68402099609375,73.32098388671875,38.764118194580078,84.194442749023438,96.745231628417969,201.63999938964844,76.6304931640625
2024-03-27,508.16583251953125,439.51473999023438,204.03450012207031,73.763343811035156,38.830520629882812,85.02947998046875,97.415428161621094,203.10000610351562,78.607818603515625
2024-03-28,508.0687255859375,438.70452880859375,204.67680358886719,73.597465515136719,38.972827911376953,84.957664489746094,97.3260498046875,205.72000122070312,79.166236877441406
2024-04-01,507.184814453125,439.63336181640625,202.74980163574219,73.28411865234375,39.039237976074219,83.373947143554688,96.394134521484375,207.82000732421875,77.838844299316406
2024-04-02,503.96005249023438,435.83917236328125,199.022216796875,72.768035888671875,39.162570953369141,82.914535522460938,96.2506103515625,210.88999938964844,76.859344482421875
2024-04-03,504.51361083984375,436.8173828125,200.32637023925781,73.173538208007812,39.191028594970703,82.896499633789062,96.31341552734375,212.74000549316406,76.941719055175781
2024-04-04,498.35552978515625,430.13818359375,198.32145690917969,72.546852111816406,39.048725128173828,83.491073608398438,96.421043395996094,211.52000427246094,76.447402954101562
2024-04-05,503.56179809570312,435.20681762695312,198.98326110839844,72.777252197265625,39.134105682373047,82.328971862792969,95.999465942382812,215.13999938964844,76.841041564941406
2024-04-08,503.84347534179688,435.3353271484375,200.07333374023438,73.136665344238281,39.3902587890625,82.319961547851562,95.990501403808594,216.47999572753906,77.664924621582031
2024-04-09,504.42626953125,436.94583129882812,200.86164855957031,73.127456665039062,39.655891418457031,83.085685729980469,96.483810424804688,217.66999816894531,78.699356079101562
2024-04-10,499.37533569335938,433.13189697265625,195.55740356445312,72.1597900390625,39.115131378173828,81.27496337890625,95.111503601074219,215.61000061035156,75.440444946289062
2024-04-11,503.14413452148438,440.04830932617188,196.88101196289062,72.353324890136719,39.352310180664062,80.905609130859375,94.914192199707031,219.80000305175781,75.696754455566406
2024-04-12,496.19918823242188,433.0330810546875,193.37725830078125,71.182914733886719,38.451038360595703,81.338035583496094,95.12945556640625,216.88999938964844,74.799629211425781
2024-04-15,489.9827880859375,425.9093017578125,190.54508972167969,70.970962524414062,38.204376220703125,80.076812744140625,94.08001708984375,220.94999694824219,73.527191162109375
2024-04-16,489.089111328125,425.94882202148438,189.84434509277344,70.270561218261719,37.701560974121094,79.545333862304688,93.766098022460938,221.22000122070312,72.492767333984375
2024-04-17,486.194580078125,420.75167846679688,187.83943176269531,70.316635131835938,37.673099517822266,80.428169250488281,94.277351379394531,219.58999633789062,71.961814880371094
2024-04-18,485.19415283203125,418.3507080078125,187.6837158203125,70.123092651367188,37.824893951416016,80.022758483886719,94.088996887207031,220.33999633789062,71.970962524414062
2024-04-19,480.95916748046875,409.69534301757812,187.97564697265625,70.150749206542969,37.673099517822266,80.311058044433594,94.18768310546875,221.02999877929688,72.318817138671875
2024-04-22,485.38836669921875,413.8155517578125,190.07792663574219,70.970962524414062,38.081043243408203,80.175933837890625,94.420867919921875,215.57000732421875,72.959632873535156
2024-04-23,491.14834594726562,419.9908447265625,193.260498046875,71.745079040527344,38.394119262695312,80.202957153320312,94.582313537597656,215.03999328613281,73.627883911132812
2024-04-24,490.91519165039062,421.41366577148438,192.394287109375,71.606834411621094,38.526931762695312,79.635414123535156,94.214553833007812,214.63999938964844,73.765213012695312
2024-04-25,489.05020141601562,419.3782958984375,191.22636413574219,71.275077819824219,38.612316131591797,79.076873779296875,93.9365234375,215.91999816894531,73.344100952148438
2024-04-26,493.6834716796875,425.85003662109375,193.05609130859375,71.846450805664062,39.058208465576172,79.491279602050781,94.2952880859375,216.6199951171875,73.380714416503906
2024-04-29,495.43185424804688,427.5791015625,194.61331176757812,72.1229248046875,39.437694549560547,80.157905578613281,94.689933776855469,216.17999267578125,74.131370544433594
2024-04-30,487.58355712890625,419.51657104492188,190.66188049316406,71.2105712890625,38.887443542480469,79.473236083984375,94.169715881347656,211.8699951171875,72.877235412597656
2024-05-01,486.00033569335938,416.48324584960938,191.06094360351562,71.05389404296875,38.925388336181641,80.059051513671875,94.561439514160156,213.78999328613281,72.904693603515625
2024-05-02,490.54608154296875,421.79901123046875,194.57438659667969,72.012336730957031,39.931018829345703,80.402580261230469,95.146759033203125,213.1300048828125,73.929977416992188
2024-05-03,496.62655639648438,430.27645874023438,196.50141906738281,72.731170654296875,40.291530609130859,81.2161865234375,95.813125610351562,212.96000671386719,74.424324035644531
2024-05-06,501.75509643554688,434.98947143554688,199.04164123535156,73.228828430175781,40.329475402832031,81.532608032226562,96.083274841308594,215.19999694824219,74.488388061523438
2024-05-07,502.308837890625,435.05865478515625,199.48936462402344,73.422355651855469,40.101787567138672,82.029800415039062,96.1282958984375,214.21000671386719,75.193260192871094
2024-05-08,502.35726928710938,434.8017578125,198.33120727539062,73.339408874511719,40.111274719238281,81.532608032226562,95.885169982910156,213.58000183105469,74.561614990234375
2024-05-09,505.2518310546875,435.75027465820312,200.35556030273438,73.901580810546875,40.234603881835938,81.930366516113281,96.038246154785156,216.94999694824219,76.090377807617188
2024-05-10,505.90277099609375,436.77786254882812,198.84701538085938,74.039817810058594,40.319988250732422,81.469314575195312,95.732078552246094,218.71000671386719,75.879844665527344
2024-05-13,505.97061157226562,437.78570556640625,199.2655029296875,74.039817810058594,40.623577117919922,81.677230834960938,95.768112182617188,216.25999450683594,76.127006530761719
2024-05-14,508.2921142578125,440.6015625,201.32881164550781,74.5927734375,40.841777801513672,82.138275146484375,96.047264099121094,218.08999633789062,76.712882995605469
2024-05-15,514.5863037109375,447.48834228515625,203.83985900878906,75.385330200195312,41.278179168701172,83.259239196777344,96.902732849121094,220.88999938964844,77.774765014648438
2024-05-16,513.5274658203125,446.57937622070312,202.37022399902344,74.979835510253906,41.363563537597656,83.177886962890625,96.749664306640625,220.02999877929688,77.719856262207031
2024-05-17,514.26568603515625,446.36196899414062,202.51622009277344,75.237876892089844,41.543819427490234,82.617393493652344,96.524520874023438,223.66000366210938,77.710693359375
2024-05-20,514.8582763671875,449.47427368164062,202.96389770507812,75.293167114257812,41.39202880859375,82.373329162597656,96.479476928710938,224.55999755859375,77.252983093261719
2024-05-21,516.1209716796875,450.3536376953125,202.76921081542969,75.173362731933594,41.135875701904297,82.798202514648438,96.6416015625,224.22999572753906,77.22552490234375
2024-05-22,514.63482666015625,450.26473999023438,201.05632019042969,74.4637451171875,41.003059387207031,82.897666931152344,96.497528076171875,220.11000061035156,76.529800415039062
2024-05-23,510.87594604492188,448.23928833007812,197.75694274902344,74.085891723632812,40.699474334716797,82.364273071289062,96.074272155761719,215.72000122070312,74.882026672363281
2024-05-24,514.256103515625,452.47799682617188,199.94680786132812,74.694137573242188,40.813316345214844,82.608367919921875,96.335418701171875,215.91999816894531,74.936958312988281
2024-05-28,514.615478515625,454.18734741210938,199.67428588867188,74.666496276855469,40.756393432617188,81.42413330078125,95.759101867675781,218.19000244140625,74.442619323730469
2024-05-29,511.01174926757812,450.98599243164062,196.72531127929688,73.486862182617188,40.149219512939453,80.438743591308594,95.245811462402344,216.16000366210938,73.719429016113281
2024-05-30,507.62191772460938,446.15444946289062,198.59396362304688,74.104339599609375,40.035377502441406,81.2161865234375,95.831130981445312,216.57000732421875,74.799629211425781
2024-05-31,512.245361328125,445.324462890625,200.26797485351562,74.813949584960938,39.646408081054688,81.767631530761719,96.254371643066406,215.30000305175781,76.200233459472656
2024-06-03,512.66302490234375,447.71560668945312,199.13900756835938,75.025909423828125,40.063838958740234,83.090187072753906,96.91876220703125,217.22000122070312,76.02630615234375
2024-06-04,513.23614501953125,448.94076538085938,196.56959533691406,74.933746337890625,39.504100799560547,84.060775756835938,97.298408508300781,215.27000427246094,76.6121826171875
2024-06-05,519.3360595703125,457.99130249023438,199.57693481445312,75.45904541015625,40.139732360839844,84.677627563476562,97.623817443847656,217.82000732421875,76.5206298828125
2024-06-06,519.326416015625,457.83322143554688,198.14627075195312,75.717109680175781,40.338962554931641,84.550613403320312,97.560562133789062,219.42999267578125,76.6671142578125
2024-06-07,518.69500732421875,457.4281005859375,195.82015991210938,74.896888732910156,39.883583068847656,82.999465942382812,96.683731079101562,211.60000610351562,75.943923950195312
2024-06-10,520.297607421875,459.2757568359375,196.49171447753906,74.841590881347656,40.120761871337891,82.446151733398438,96.484893798828125,213.53999328613281,76.200233459472656
2024-06-11,521.5506591796875,462.4276123046875,195.82023620605469,73.991142272949219,39.987022399902344,83.298843383789062,96.900680541992188,214.14999389648438,75.925605773925781
2024-06-12,525.83404541015625,468.484375,198.82626342773438,74.8631591796875,40.388233184814453,83.924720764160156,97.497261047363281,214.72000122070312,76.603019714355469
2024-06-13,526.89288330078125,471.023681640625,197.08903503417969,73.794219970703125,40.292709350585938,85.158370971679688,97.958282470703125,212.97000122070312,76.914268493652344
2024-06-14,527.2135009765625,473.46420288085938,193.95613098144531,72.97845458984375,40.340469360351562,85.874977111816406,98.039627075195312,215.72999572753906,76.895965576171875
2024-06-17,531.40960693359375,479.26406860351562,195.58601379394531,73.269126892089844,40.598388671875,85.022300720214844,97.578651428222656,214.61000061035156,76.593879699707031
2024-06-18,532.759765625,479.41226196289062,195.92759704589844,73.559806823730469,40.970943450927734,85.802413940429688,98.030593872070312,215.47000122070312,76.895965576171875
2024-06-20,531.3123779296875,475.7169189453125,195.0980224609375,73.606689453125,40.904071807861328,85.230934143066406,97.705169677734375,218.16000366210938,76.676254272460938
2024-06-21,530.60009765625,474.4423828125,195.5372314453125,73.090972900390625,40.760780334472656,85.230934143066406,97.7322998046875,214.77999877929688,76.868499755859375
2024-06-24,528.87530517578125,469.04098510742188,196.38632202148438,73.672325134277344,40.760780334472656,85.575637817382812,97.831718444824219,215.6300048828125,77.463531494140625
2024-06-25,530.91192626953125,474.40475463867188,195.74217224121094,73.850479125976562,40.665256500244141,85.720794677734375,97.79559326171875,214.55999755859375,76.511482238769531
2024-06-26,531.5745849609375,475.38449096679688,195.22489929199219,73.306632995605469,40.579280853271484,84.496185302734375,97.262245178222656,212.58000183105469,76.273475646972656
2024-06-27,532.41253662109375,476.61160278320312,197.20614624023438,73.362899780273438,40.607936859130859,84.831825256347656,97.45208740234375,214.99000549316406,77.014968872070312
2024-06-28,530.31756591796875,474.13754272460938,198.01622009277344,73.447296142578125,40.684360504150391,83.253463745117188,96.828384399414062,215.00999450683594,77.629447937011719
2024-07-01,531.408935546875,476.91842651367188,196.35704040527344,73.578559875488281,40.779884338378906,81.816612243652344,96.253280639648438,215.57000732421875,76.897262573242188
2024-07-02,534.98516845703125,481.92593383789062,197.03045654296875,73.756721496582031,40.904071807861328,82.453582763671875,96.870094299316406,215.55999755859375,77.258720397949219
2024-07-03,537.37255859375,485.94375610351562,196.98165893554688,74.600608825683594,41.505882263183594,83.536491394042969,97.586723327636719,217.99000549316406,77.1845703125
2024-07-05,540.4713134765625,491.01058959960938,196.04472351074219,75.097572326660156,41.677825927734375,84.228065490722656,98.094680786132812,220.92999267578125,77.397735595703125
2024-07-08,541.09503173828125,492.17840576171875,197.42086791992188,74.722518920898438,41.687381744384766,84.410064697265625,98.085609436035156,218.19000244140625,77.647987365722656
2024-07-09,541.6212158203125,492.6038818359375,196.56199645996094,74.422462463378906,41.859325408935547,84.036972045898438,97.904197692871094,218.55999755859375,77.629447937011719
2024-07-10,546.980712890625,497.74002075195312,198.48466491699219,75.472648620605469,42.098140716552734,84.300857543945312,98.140045166015625,219.36000061035156,78.204063415527344
2024-07-11,542.26422119140625,486.82449340820312,205.61906433105469,75.688308715820312,42.346508026123047,85.119850158691406,98.666183471679688,223.25,80.446937561035156
2024-07-12,545.68463134765625,489.68453979492188,208.01995849609375,76.494705200195312,42.518451690673828,85.483856201171875,99.029014587402344,223.11000061035156,81.058631896972656
2024-07-15,547.1854248046875,491.00070190429688,211.97268676757812,75.819572448730469,42.069480895996094,84.501045227050781,98.484748840332031,223.83000183105469,81.605461120605469
2024-07-16,550.43023681640625,491.18875122070312,219.20468139648438,76.185272216796875,42.308300018310547,85.693122863769531,99.056221008300781,228.28999328613281,82.606414794921875
2024-07-17,542.712646484375,476.7698974609375,216.9111328125,75.782073974609375,41.620513916015625,85.711334228515625,99.101570129394531,227.22999572753906,83.1717529296875
2024-07-18,538.54193115234375,474.51361083984375,212.71441650390625,75.031944274902344,41.228855133056641,85.056137084960938,98.67523193359375,225.77999877929688,82.4395751953125
2024-07-19,534.96563720703125,470.30767822265625,211.631103515625,74.572486877441406,40.827648162841797,84.555641174316406,98.312416076660156,221.72999572753906,82.291290283203125
2024-07-22,540.48114013671875,477.31423950195312,214.99822998046875,75.360130310058594,41.171543121337891,84.309951782226562,98.257957458496094,221.80000305175781,83.143959045410156
2024-07-23,539.63348388671875,475.63189697265625,217.28202819824219,74.93817138671875,40.808544158935547,84.191665649414062,98.185386657714844,222.58000183105469,83.079071044921875
2024-07-24,527.40386962890625,458.57083129882812,212.6168212890625,73.991142272949219,40.216281890869141,83.281646728515625,97.586723327636719,221.80000305175781,81.855674743652344
2024-07-25,524.65606689453125,453.51382446289062,215.27151489257812,73.522308349609375,40.05389404296875,83.964149475097656,97.976783752441406,218.33000183105469,81.5869140625
2024-07-26,530.5318603515625,458.16510009765625,218.83381652832031,74.459976196289062,40.464653015136719,84.619331359863281,98.521026611328125,220.6300048828125,83.014205932617188
2024-07-29,530.84381103515625,459.08544921875,216.40364074707031,74.131790161132812,40.330917358398438,85.074325561523438,98.729652404785156,220.32000732421875,83.440528869628906
2024-07-30,528.15411376953125,452.781494140625,217.22344970703125,74.300559997558594,40.149417877197266,85.401924133300781,98.811325073242188,222.52000427246094,84.089309692382812
2024-07-31,536.7391357421875,466.18099975585938,218.48245239257812,75.350746154785156,41.028251647949219,86.2755126953125,99.382797241210938,226.55000305175781,83.792716979980469
2024-08-01,529.138427734375,454.88943481445312,211.37734985351562,73.353523254394531,40.311813354492188,87.019622802734375,99.712318420410156,225.77000427246094,84.636116027832031
2024-08-02,519.28680419921875,444.0926513671875,203.90135192871094,72.2001953125,39.738658905029297,89.731292724609375,100.68645477294922,225.33999633789062,84.589775085449219
2024-08-05,504.16314697265625,430.85150146484375,197.3427734375,70.624916076660156,38.611457824707031,90.206069946289062,100.43154144287109,222.47999572753906,82.170806884765625
2024-08-06,508.81134033203125,434.96835327148438,199.48992919921875,70.746810913085938,38.831165313720703,88.188278198242188,99.776069641113281,220.69999694824219,83.792716979980469
2024-08-07,505.41046142578125,430.2576904296875,197.12808227539062,71.084373474121094,39.069980621337891,87.56744384765625,99.320869445800781,220.55000305175781,83.218101501464844
2024-08-08,517.09423828125,443.41970825195312,201.92008972167969,72.275215148925781,39.958366394042969,87.028762817382812,99.366401672363281,224.00999450683594,84.033683776855469
2024-08-09,519.37432861328125,445.73544311523438,201.50047302246094,72.556495666503906,40.178077697753906,87.886993408203125,99.876205444335938,224.55999755859375,84.422950744628906
2024-08-12,519.64727783203125,446.69534301757812,199.68515014648438,72.490867614746094,40.311813354492188,88.206565856933594,100.08557891845703,228.41000366210938,83.801979064941406
2024-08-13,528.19317626953125,457.77911376953125,202.97416687011719,73.737968444824219,40.760780334472656,88.818260192871094,100.78656005859375,228.05999755859375,84.534156799316406
2024-08-14,529.8594970703125,457.92758178710938,201.71516418457031,74.009895324707031,40.541069030761719,89.375213623046875,101.23265075683594,226.19999694824219,84.756599426269531
2024-08-15,538.94146728515625,469.49624633789062,206.94638061523438,74.910049438476562,40.990047454833984,88.653938293457031,100.92310333251953,226.91000366210938,84.691726684570312
2024-08-16,540.14984130859375,470.09988403320312,207.49296569824219,75.322616577148438,41.467670440673828,88.964370727539062,101.22355651855469,231.99000549316406,84.6453857421875
2024-08-19,545.31427001953125,476.27511596679688,210.03048706054688,76.241523742675781,41.868877410888672,89.375213623046875,101.46023559570312,231.61000061035156,85.349754333496094
2024-08-20,544.4276123046875,475.27560424804688,207.58078002929688,76.007110595703125,41.544094085693359,90.087379455566406,101.72423553466797,232.46000671386719,85.247795104980469
2024-08-21,546.29852294921875,477.49234008789062,210.28425598144531,76.710357666015625,41.706485748291016,90.14215087890625,101.95182037353516,232.14999389648438,85.701950073242188
2024-08-22,542.01092529296875,469.92178344726562,208.42988586425781,76.260284423828125,41.190647125244141,89.247383117675781,101.53305816650391,229.3699951171875,85.952163696289062
2024-08-23,547.77001953125,475.01828002929688,215.08609008789062,77.657402038574219,41.878429412841797,89.831718444824219,102.11570739746094,232.02000427246094,87.842872619628906
2024-08-26,546.4642333984375,470.40667724609375,215.15438842773438,77.310462951660156,41.524990081787109,89.603469848632812,101.98826599121094,232.75999450683594,87.805809020996094
2024-08-27,547.2144775390625,471.81195068359375,213.4854736328125,77.666786193847656,41.582305908203125,89.448257446289062,101.90634155273438,233.38999938964844,87.935539245605469
2024-08-28,544.037841796875,466.45809936523438,212.04100036621094,77.394859313964844,41.324378967285156,89.338661193847656,101.69692993164062,231.75,87.592628479003906
2024-08-29,544.08660888671875,465.7752685546875,213.55377197265625,77.685539245605469,41.343486785888672,89.0465087890625,101.52397155761719,232.94999694824219,87.3238525390625
2024-08-30,549.28033447265625,471.32699584960938,214.79327392578125,77.807426452636719,41.429458618164062,88.096977233886719,101.24176788330078,231.28999328613281,88.167259216308594
2024-09-03,537.97686767578125,457.01712036132812,208.22494506835938,76.579086303710938,40.607936859130859,89.537849426269531,101.54784393310547,230.28999328613281,88.12091064453125
2024-09-04,536.87554931640625,455.82949829101562,207.87359619140625,76.241523742675781,40.598388671875,90.691986083984375,102.17829132080078,230.42999267578125,88.37115478515625
2024-09-05,535.56982421875,456.25509643554688,206.83901977539062,76.260284423828125,40.655704498291016,91.204940795898438,102.68080902099609,232.35000610351562,88.083839416503906
2024-09-06,526.5560302734375,444.03329467773438,202.90585327148438,74.825660705566406,39.910598754882812,91.195785522460938,102.63513946533203,230.6300048828125,88.00042724609375
2024-09-09,532.45159912109375,449.743408203125,203.471923828125,75.575790405273438,40.244949340820312,91.589630126953125,102.86357116699219,231.60000610351562,88.982833862304688
2024-09-10,534.770751953125,453.89981079101562,203.30601501464844,75.200721740722656,40.09210205078125,92.2308349609375,103.14680480957031,232.6199951171875,90.271110534667969
2024-09-11,540.25689697265625,463.75643920898438,203.90135192871094,75.650802612304688,40.388233184814453,92.157554626464844,103.19246673583984,232.25,90.095008850097656
2024-09-12,544.80767822265625,468.30868530273438,206.5267333984375,76.269660949707031,40.722572326660156,91.72705078125,103.11939239501953,236.33000183105469,90.475006103515625
2024-09-13,547.6529541015625,470.40667724609375,211.62132263183594,76.44781494140625,40.913627624511719,91.974357604980469,103.43917846679688,238.67999267578125,91.42034912109375
2024-09-16,548.4617919921875,468.32843017578125,212.38258361816406,77.066680908203125,41.047359466552734,92.81707763671875,103.89604187011719,238.66000366210938,91.7261962890625
2024-09-17,548.6859130859375,468.57589721679688,214.13935852050781,76.635345458984375,41.095123291015625,92.36822509765625,103.90516662597656,237.33999633789062,91.086692810058594
2024-09-18,547.0587158203125,466.54718017578125,214.17839050292969,76.391555786132812,40.951831817626953,91.223243713378906,103.47574615478516,235.50999450683594,90.975479125976562
2024-09-19,556.3939208984375,478.34344482421875,218.58981323242188,77.901191711425781,41.821113586425781,90.920967102050781,103.56710052490234,239.16999816894531,90.994026184082031
2024-09-20,555.43206787109375,477.43301391601562,216.24748229980469,77.132308959960938,41.735141754150391,90.572906494140625,103.65847778320312,242.21000671386719,90.632553100585938
2024-09-23,556.820068359375,478.69851684570312,215.45693969726562,77.422988891601562,42.059928894042969,90.380538940429688,103.51229858398438,242.67999267578125,91.53155517578125
2024-09-24,558.41326904296875,481.00759887695312,215.81803894042969,77.882431030273438,43.492813110351562,90.362228393554688,103.68589782714844,246.07000732421875,91.661323547363281
2024-09-25,557.18170166015625,481.45358276367188,213.18565368652344,77.460494995117188,43.034290313720703,89.611122131347656,103.07369995117188,245.72999572753906,91.049613952636719
2024-09-26,559.3907470703125,485.07073974609375,214.3216552734375,79.167045593261719,44.610466003417969,89.821769714355469,103.07369995117188,246.97999572753906,90.224761962890625
2024-09-27,558.5794677734375,482.37521362304688,215.77107238769531,78.688835144042969,44.524490356445312,90.288948059082031,103.48487854003906,245.02000427246094,90.339736938476562
2024-09-30,560.8177490234375,483.68328857421875,216.31944274902344,78.416915893554688,43.808048248291016,89.858428955078125,103.22904205322266,243.05999755859375,91.050025939941406
2024-10-01,555.793701171875,476.94442749023438,213.38154602050781,77.835563659667969,44.123283386230469,90.507209777832031,103.72515106201172,245.61000061035156,90.461219787597656
2024-10-02,556.02838134765625,477.61831665039062,213.08773803710938,77.6761474609375,44.992568969726562,89.744483947753906,103.49588012695312,245.66000366210938,90.143455505371094
2024-10-03,555.01171875,477.26153564453125,211.65794372558594,76.954154968261719,44.457626342773438,88.899063110351562,102.82646179199219,245.49000549316406,89.320991516113281
2024-10-04,560.055419921875,482.9400634765625,214.61544799804688,77.404228210449219,44.868385314941406,87.805488586425781,102.26705932617188,245,88.891082763671875
2024-10-07,554.99224853515625,477.7669677734375,212.93104553222656,76.972908020019531,45.240928649902344,87.143867492675781,101.74436187744141,244.16999816894531,88.105995178222656
2024-10-08,560.2410888671875,484.90225219726562,213.07794189453125,76.85101318359375,44.123283386230469,87.290901184082031,101.94609069824219,242.3699951171875,88.283576965332031
2024-10-09,564.12158203125,488.7176513671875,213.54800415039062,76.869766235351562,43.884468078613281,86.794662475585938,101.74436187744141,241.05000305175781,88.377037048339844
2024-10-10,563.13427734375,488.16268920898438,212.36306762695312,76.775993347167969,43.970443725585938,86.45465087890625,101.63431549072266,242.82000732421875,87.591957092285156
2024-10-11,566.50653076171875,488.92575073242188,216.68179321289062,77.169815063476562,44.285678863525391,86.105438232421875,101.61597442626953,245.47000122070312,88.582649230957031
2024-10-14,571.1396484375,493.02853393554688,218.27806091308594,77.394859313964844,44.104175567626953,86.169776916503906,101.62514495849609,245.07000732421875,89.115379333496094
2024-10-15,566.7020263671875,486.43832397460938,218.45433044433594,76.110252380371094,43.168025970458984,87.217369079589844,102.12033081054688,245.91999816894531,90.190185546875
2024-10-16,569.1651611328125,486.49777221679688,222.04841613769531,76.307167053222656,43.502368927001953,87.5849609375,102.44130706787109,247.14999389648438,91.180877685546875
2024-10-17,569.2139892578125,486.834716796875,221.44123840332031,76.316535949707031,43.435497283935547,86.197349548339844,101.68016815185547,248.6300048828125,90.461219787597656
2024-10-18,571.40362548828125,490.02578735351562,220.98097229003906,76.832267761230469,43.865364074707031,86.26165771484375,101.56095123291016,251.27000427246094,91.134147644042969
2024-10-21,570.46527099609375,490.96725463867188,217.50442504882812,75.9227294921875,43.559680938720703,84.754608154296875,100.52472686767578,251.22000122070312,89.349021911621094
2024-10-22,570.16204833984375,491.50238037109375,216.68179321289062,75.49139404296875,43.464157104492188,84.837295532226562,100.51555633544922,253.92999267578125,89.479881286621094
2024-10-23,564.952392578125,483.970703125,214.70359802246094,74.731887817382812,43.20623779296875,84.607574462890625,100.17623901367188,250.8699951171875,90.134109497070312
2024-10-24,566.1741943359375,487.89511108398438,215.17366027832031,75.153846740722656,43.139369964599609,85.149749755859375,100.47885131835938,252.80000305175781,90.330390930175781
2024-10-25,565.978759765625,490.8681640625,214.36082458496094,74.900672912597656,43.101158142089844,84.671882629394531,100.24043273925781,253.32000732421875,89.479881286621094
2024-10-28,567.7283935546875,490.94741821289062,217.85696411132812,75.500770568847656,43.292209625244141,84.442153930664062,100.15791320800781,253.33000183105469,89.760269165039062
2024-10-29,568.6470947265625,495.6646728515625,217.15185546875,75.228851318359375,43.158473968505859,84.570816040039062,100.27712249755859,256.08999633789062,89.115379333496094
2024-10-30,566.92681884765625,491.91864013671875,216.85806274414062,74.741264343261719,42.738162994384766,84.818939208984375,100.14874267578125,257.5,89.507926940917969
2024-10-31,555.81341552734375,479.50125122070312,213.25422668457031,74.281822204589844,42.461139678955078,84.956748962402344,99.946998596191406,253.50999450683594,87.993843078613281
2024-11-01,558.1591796875,483.04904174804688,214.44895935058594,74.431838989257812,42.499347686767578,83.759010314941406,99.399429321289062,252.47000122070312,87.021842956542969
2024-11-04,556.95684814453125,481.641845703125,215.53599548339844,74.488105773925781,42.738162994384766,85.059112548828125,100.13565063476562,252.83000183105469,87.975143432617188
2024-11-05,563.69146728515625,487.7861328125,219.59033203125,75.228851318359375,43.320865631103516,85.51092529296875,100.61418914794922,253.39999389648438,89.143417358398438
2024-11-06,577.70806884765625,501.03594970703125,232.31156921386719,74.141151428222656,42.785923004150391,83.168907165527344,99.565078735351562,245.69999694824219,87.24615478515625
2024-11-07,582.1749267578125,508.92434692382812,231.48895263671875,75.266357421875,43.731624603271484,84.210830688476562,100.74302673339844,249.64999389648438,88.292930603027344
2024-11-08,584.69671630859375,509.51904296875,233.19294738769531,74.225555419921875,42.652191162109375,85.280403137207031,101.09272766113281,247.96000671386719,89.6107177734375
2024-11-11,585.2540283203125,509.22177124023438,236.69886779785156,74.244300842285156,42.327404022216797,84.865478515625,100.89948272705078,242.13999938964844,89.162124633789062
2024-11-12,583.4359130859375,508.29998779296875,232.54660034179688,72.865936279296875,41.524990081787109,83.593063354492188,99.988418579101562,240.05000305175781,87.928428649902344
2024-11-13,583.71929931640625,507.64602661132812,230.24522399902344,72.434608459472656,41.257511138916016,82.800079345703125,99.611083984375,237.6300048828125,88.414421081542969
2024-11-14,579.9658203125,504.11801147460938,227.14082336425781,72.584632873535156,41.028251647949219,83.279541015625,99.583488464355469,237.00999450683594,87.620010375976562
2024-11-15,572.537353515625,492.10693359375,223.75238037109375,72.32208251953125,41.028251647949219,83.058273315429688,99.629493713378906,236.58999633789062,87.666748046875
2024-11-18,574.88323974609375,495.52590942382812,224.19308471679688,72.715919494628906,41.496326446533203,83.205802917480469,99.81353759765625,241.08999633789062,88.302268981933594
2024-11-19,576.984619140625,498.93496704101562,225.85792541503906,72.622138977050781,41.467670440673828,83.629920959472656,100.02520751953125,243.25,88.732185363769531
2024-11-20,577.18023681640625,498.64761352539062,226.15170288085938,72.42523193359375,41.419910430908203,83.362548828125,99.785934448242188,244.6199951171875,88.620040893554688
2024-11-21,580.27874755859375,500.44131469726562,229.58909606933594,72.443992614746094,41.333934783935547,83.297988891601562,99.666305541992188,246.66000366210938,89.274269104003906
2024-11-22,582.0771484375,501.24407958984375,233.82951354980469,72.725288391113281,41.343486785888672,83.344078063964844,99.758331298828125,249.83999633789062,89.947181701660156
2024-11-25,584.0516357421875,502.036865234375,237.38436889648438,73.100349426269531,41.372142791748047,85.501701354980469,101.00070190429688,242.47999572753906,91.199569702148438
2024-11-26,587.10125732421875,504.73236083984375,235.64118957519531,72.678398132324219,41.200199127197266,85.169776916503906,100.74302673339844,242.94999694824219,91.564071655273438
2024-11-27,585.32220458984375,500.7584228515625,235.96437072753906,73.072219848632812,41.257511138916016,85.759872436523438,101.11114501953125,243.49000549316406,92.152877807617188
2024-11-29,588.9583740234375,505.15853881835938,236.86534118652344,74.047393798828125,41.324378967285156,86.645042419433594,101.73692321777344,245.58999633789062,91.74163818359375
2024-12-02,590.01409912109375,510.65866088867188,236.74783325195312,74.253684997558594,41.486778259277344,86.853202819824219,101.89669799804688,243.44000244140625,90.4051513671875
2024-12-03,590.28765869140625,512.22442626953125,235.06341552734375,74.675628662109375,41.572750091552734,86.103759765625,101.53653717041016,243.92999267578125,89.947181701660156
2024-12-04,593.95306396484375,518.55706787109375,235.90565490722656,74.731887817382812,41.677825927734375,87.029014587402344,102.02597808837891,244.66999816894531,89.704193115234375
2024-12-05,592.97564697265625,517.12005615234375,233.15376281738281,75.097572326660156,41.954849243164062,87.204811096191406,101.99826812744141,242.86000061035156,89.489227294921875
2024-12-06,594.09979248046875,521.748046875,233.98617553710938,75.088203430175781,41.887985229492188,87.334327697753906,102.22914886474609,242.94999694824219,89.358367919921875
2024-12-09,591.04034423828125,517.6849365234375,232.81101989746094,75.041313171386719,42.747714996337891,86.529365539550781,101.97056579589844,245.36000061035156,89.6107177734375
2024-12-10,589.20269775390625,515.92095947265625,231.80230712890625,74.366203308105469,42.059928894042969,86.122268676757812,101.81358337402344,248.58999633789062,88.311607360839844
2024-12-11,593.7576904296875,525.15704345703125,232.85018920898438,74.835029602050781,42.231876373291016,85.308074951171875,101.53653717041016,250.96000671386719,88.105995178222656
2024-12-12,590.6982421875,521.7679443359375,229.82411193847656,74.178665161132812,42.021720886230469,84.271766662597656,100.96396636962891,247.27999877929688,87.965805053710938
2024-12-13,590.5809326171875,525.76171875,228.24745178222656,73.972373962402344,42.059928894042969,83.411277770996094,100.40066528320312,244.28999328613281,87.713455200195312
2024-12-16,593.102783203125,533.33294677734375,229.58909606933594,73.72857666015625,41.830669403076172,83.661087036132812,100.52993011474609,244.8800048828125,87.405036926269531
2024-12-17,590.65911865234375,530.9842529296875,226.960693359375,73.611679077148438,41.730613708496094,83.864669799804688,100.5391845703125,243.94000244140625,86.984458923339844
2024-12-18,573.055419921875,511.82803344726562,216.91258239746094,71.80584716796875,40.759231567382812,82.815994262695312,99.292694091796875,239.25999450683594,83.395553588867188
2024-12-19,572.87945556640625,509.5487060546875,215.95004272460938,71.577735900878906,40.895225524902344,81.562042236328125,98.755157470703125,239.60000610351562,82.105766296386719
2024-12-20,579.76031494140625,513.99835205078125,217.97340393066406,71.378143310546875,41.06036376953125,82.026481628417969,99.1444091796875,242.10000610351562,83.489006042480469
2024-12-23,583.23199462890625,519.006103515625,217.47247314453125,71.843856811523438,41.293491363525391,81.274085998535156,98.85711669921875,240.96000671386719,83.815521240234375
2024-12-24,589.71478271484375,526.04376220703125,219.41726684570312,72.100479125976562,41.419773101806641,81.617774963378906,99.162948608398438,241.44000244140625,84.372276306152344
2024-12-26,589.75396728515625,525.686279296875,221.66653442382812,72.442642211914062,41.274070739746094,81.571319580078125,99.255607604980469,243.07000732421875,84.598747253417969
2024-12-27,583.54583740234375,518.69842529296875,218.43504333496094,72.338088989257812,41.089504241943359,80.902572631835938,98.838584899902344,241.39999389648438,83.749458312988281
2024-12-30,576.88665771484375,511.79974365234375,216.75544738769531,71.862876892089844,40.759231567382812,81.552757263183594,99.264892578125,240.6300048828125,83.334259033203125
2024-12-31,574.78802490234375,507.4521484375,217.03048706054688,71.862876892089844,40.623237609863281,81.116195678710938,99.014671325683594,242.1300048828125,84.060867309570312
2025-01-02,573.375732421875,506.45953369140625,217.20729064941406,71.615753173828125,40.564956665039062,81.339118957519531,99.023933410644531,245.41999816894531,83.315376281738281
2025-01-03,580.544921875,514.74786376953125,220.43875122070312,71.929397583007812,40.943801879882812,81.079071044921875,98.792228698730469,243.49000549316406,84.410011291503906
2025-01-06,583.88909912109375,520.6636962890625,220.52716064453125,72.613716125488281,41.089504241943359,80.716796875,98.542022705078125,243.19000244140625,83.324821472167969
2025-01-07,577.28887939453125,511.37286376953125,218.7591552734375,72.556694030761719,40.798088073730469,79.806510925292969,98.087905883789062,244.55999755859375,82.532135009765625
2025-01-08,578.13226318359375,511.4622802734375,217.76715087890625,72.442642211914062,40.603813171386719,79.908706665039062,98.245468139648438,245.86000061035156,82.749183654785156
2025-01-10,569.3056640625,503.44195556640625,212.97392272949219,71.340126037597656,39.914131164550781,79.379264831542969,97.680137634277344,248.21000671386719,80.729759216308594
2025-01-13,570.18829345703125,501.82403564453125,213.38645935058594,71.140525817871094,39.642147064208984,79.351402282714844,97.402099609375,245.74000549316406,81.720596313476562
2025-01-14,570.972900390625,501.34756469726562,215.81253051757812,71.39715576171875,40.088977813720703,79.221351623535156,97.513328552246094,247.02999877929688,82.466087341308594
2025-01-15,581.35888671875,512.8817138671875,220.05570983886719,72.309577941894531,40.613529205322266,80.586753845214844,98.681015014648438,248.8800048828125,82.937919616699219
2025-01-16,580.2408447265625,509.2884521484375,220.49769592285156,72.680252075195312,40.564956665039062,80.846809387207031,98.875656127929688,250.60000610351562,84.655364990234375
2025-01-17,586.06646728515625,517.88446044921875,221.450439453125,72.974884033203125,40.885513305664062,80.986190795898438,98.959053039550781,249.27000427246094,84.598747253417969
2025-01-21,591.43096923828125,520.92181396484375,225.70343017578125,74.448074340820312,41.322635650634766,81.710655212402344,99.533660888671875,253.1300048828125,86.184097290039062
2025-01-22,594.75567626953125,527.58221435546875,224.23011779785156,74.276992797851562,41.351776123046875,81.283393859863281,99.218544006347656,254.42999267578125,84.683670043945312
2025-01-23,598.001953125,528.703857421875,225.25163269042969,74.885276794433594,41.448909759521484,80.651779174804688,99.07952880859375,254.07000732421875,85.306480407714844
2025-01-24,596.2562255859375,525.71612548828125,224.62300109863281,75.303474426269531,41.720905303955078,81.014030456542969,99.274169921875,255.64999389648438,85.599021911621094
2025-01-27,587.8218994140625,510.41012573242188,222.47193908691406,75.303474426269531,40.963222503662109,81.970741271972656,99.959968566894531,252.99000549316406,86.740852355957031
2025-01-28,592.87261962890625,517.95391845703125,222.71751403808594,75.208419799804688,41.264354705810547,81.915016174316406,99.820930480957031,255.17999267578125,85.693382263183594
2025-01-29,590.21490478515625,516.981201171875,222.20674133300781,75.198921203613281,41.274070739746094,81.747833251953125,99.691192626953125,254.19999694824219,84.561004638671875
2025-01-30,593.382568359375,519.18475341796875,224.46585083007812,76.025802612304688,41.973461151123047,82.054336547851562,99.91363525390625,258.04998779296875,85.63677978515625
2025-01-31,590.22467041015625,518.43035888671875,222.45231628417969,75.312973022460938,41.497482299804688,81.515602111816406,99.589263916015625,258.55999755859375,85.448043823242188
2025-02-03,586.2528076171875,514.28125,219.84941101074219,74.429054260253906,41.196353912353516,82.179313659667969,99.746421813964844,259.94000244140625,85.268745422363281
2025-02-04,590.18548583984375,520.59423828125,222.894287109375,75.293968200683594,41.934608459472656,82.430999755859375,99.941780090332031,262.5,85.334808349609375
2025-02-05,592.57843017578125,522.9566650390625,225.32038879394531,76.025802612304688,41.827754974365234,83.791946411132812,100.63936614990234,264.1300048828125,86.533233642578125
2025-02-06,594.6380615234375,525.686279296875,224.58369445800781,76.386978149414062,42.002605438232422,83.754661560058594,100.45336151123047,263.42999267578125,86.750282287597656
2025-02-07,589.19500732421875,519.05572509765625,221.98085021972656,75.664627075195312,41.963748931884766,83.213996887207031,100.01618194580078,263.89999389648438,86.467178344726562
2025-02-10,593.19635009765625,525.33892822265625,222.98271179199219,76.177879333496094,42.4688720703125,82.962333679199219,100.04409027099609,268.3699951171875,86.429428100585938
2025-02-11,593.64739990234375,524.08831787109375,221.68618774414062,76.539047241210938,42.303733825683594,82.430999755859375,99.820869445800781,267.3900146484375,86.806907653808594
2025-02-12,591.7349853515625,524.39593505859375,219.64315795898438,76.824172973632812,42.536865234375,81.312400817871094,99.281379699707031,267.67001342773438,86.004798889160156
2025-02-13,597.98236083984375,531.9398193359375,222.11833190917969,77.755599975585938,42.808849334716797,82.664039611816406,100.05338287353516,270.30999755859375,86.863533020019531
2025-02-14,597.952880859375,534.17315673828125,221.95138549804688,77.869659423828125,43.139122009277344,83.102157592773438,100.44402313232422,266.29000854492188,86.467178344726562
2025-02-18,599.7083740234375,535.3841552734375,223.16934204101562,78.430412292480469,43.411109924316406,82.123374938964844,100.0347900390625,270.70001220703125,86.854087829589844
2025-02-19,601.12060546875,535.5330810546875,222.4031982421875,77.622543334960938,43.343109130859375,82.225906372070312,100.09059906005859,270.85000610351562,86.920143127441406
2025-02-20,598.61981201171875,533.25994873046875,220.27180480957031,77.983711242675781,43.741378784179688,82.533538818359375,100.33241271972656,270.989990234375,87.335357666015625
2025-02-21,588.38092041015625,522.1923828125,213.92666625976562,77.498992919921875,43.615104675292969,83.530937194824219,100.68587493896484,270.739990234375,86.47662353515625
2025-02-24,585.70355224609375,516.02825927734375,212.38458251953125,77.451461791992188,42.944847106933594,83.773307800292969,100.94631958007812,272.20999145507812,86.816337585449219
2025-02-25,582.790771484375,509.52667236328125,211.57917785644531,78.15478515625,42.973987579345703,85.218154907226562,101.71830749511719,268.6199951171875,87.882667541503906
2025-02-26,583.0849609375,510.7574462890625,211.84434509277344,78.25933837890625,43.401393890380859,85.721527099609375,101.93223571777344,269.02999877929688,87.514633178710938
2025-02-27,573.77777099609375,496.57302856445312,208.61289978027344,77.375434875488281,42.556293487548828,85.115615844726562,101.50438690185547,264.92999267578125,87.863792419433594
2025-02-28,582.73187255859375,504.41473388671875,210.83267211914062,77.537010192871094,41.973461151123047,86.159637451171875,101.95084381103516,263.26998901367188,88.609283447265625
2025-03-03,572.52239990234375,493.37689208984375,205.06707763671875,78.392410278320312,41.604343414306641,86.561729431152344,102.27295684814453,266.739990234375,89.024482727050781
2025-03-04,565.74554443359375,491.88796997070312,202.74905395507812,78.373390197753906,41.954032897949219,85.495735168457031,101.93684387207031,269.05999755859375,87.99591064453125
2025-03-05,571.82611083984375,498.30023193359375,204.76260375976562,80.245765686035156,43.207118988037109,84.813095092773438,101.61005401611328,269.6199951171875,88.977317810058594
2025-03-06,561.675537109375,484.59231567382812,201.62933349609375,79.41888427734375,42.935134887695312,84.532569885253906,101.29261779785156,268.25,86.693672180175781
2025-03-07,564.82373046875,488.15576171875,202.28741455078125,80.245765686035156,43.148834228515625,84.261405944824219,101.13387298583984,268.3900146484375,87.212669372558594
2025-03-10,549.779296875,469.23663330078125,197.19952392578125,78.354385375976562,42.119167327880859,85.140373229980469,101.47935485839844,266.04000854492188,86.372817993164062
2025-03-11,545.208984375,468.11495971679688,197.17990112304688,78.088264465332031,42.4688720703125,84.532569885253906,100.81645965576172,269.16000366210938,85.363105773925781
2025-03-12,548.10223388671875,473.39569091796875,197.52363586425781,78.649017333984375,42.701999664306641,84.027633666992188,100.51766967773438,270.32998657226562,85.098876953125
2025-03-13,540.7957763671875,464.87908935546875,194.57701110839844,78.126274108886719,42.527149200439453,84.766349792480469,100.83513641357422,275.1300048828125,83.419174194335938
2025-03-14,551.96630859375,476.11541748046875,199.28182983398438,79.561447143554688,43.304256439208984,84.317489624023438,100.78843688964844,275.239990234375,85.089447021484375
2025-03-17,556.22271728515625,479.20242309570312,201.79627990722656,80.454864501953125,44.042507171630859,84.738288879394531,100.99384307861328,276.73001098632812,86.542671203613281
2025-03-18,550.2108154296875,471.03326416015625,200.04402160644531,80.445358276367188,43.819091796875,84.822463989257812,101.23660278320312,279.95999145507812,86.089729309082031
2025-03-19,556.203125,477.33633422851562,203.15478515625,80.682968139648438,43.925941467285156,85.261940002441406,101.83412933349609,281.1099853515625,86.193519592285156
2025-03-20,554.59466552734375,475.7183837890625,201.86520385742188,80.008148193359375,43.517963409423828,85.318038940429688,101.68475341796875,280.75,86.136909484863281
2025-03-21,554.777587890625,477.28671264648438,200.614990234375,79.513923645019531,43.304256439208984,84.813095092773438,101.54469299316406,278.489990234375,85.183807373046875
2025-03-24,564.712890625,487.76043701171875,205.60600280761719,79.504417419433594,43.498531341552734,83.943458557128906,101.10589599609375,277.25,86.495498657226562
2025-03-25,566.07037353515625,490.5438232421875,204.46406555175781,79.941619873046875,43.372257232666016,83.934135437011719,101.20858764648438,278.47000122070312,85.524993896484375
2025-03-26,559.3125,481.51754760742188,202.38694763183594,78.9056396484375,43.109981536865234,83.382392883300781,100.79779052734375,278.239990234375,85.858665466308594
2025-03-27,557.82708740234375,478.77383422851562,201.42222595214844,79.076713562011719,43.323684692382812,83.1392822265625,100.67639923095703,281.97000122070312,85.639389038085938
2025-03-28,546.59344482421875,466.16876220703125,197.3270263671875,78.373390197753906,42.517436981201172,84.289443969726562,101.28328704833984,284.05999755859375,85.524993896484375
2025-03-31,550.26251220703125,466.14889526367188,196.38200378417969,77.679573059082031,42.449440002441406,85.121681213378906,101.47935485839844,288.1400146484375,86.316268920898438
2025-04-01,551.81671142578125,469.9066162109375,196.40167236328125,77.793624877929688,42.585433959960938,85.859306335449219,101.84204864501953,287.57000732421875,86.354400634765625
2025-04-02,555.308837890625,473.33615112304688,199.50259399414062,77.974205017089844,42.643714904785156,85.803016662597656,102.07637786865234,288.16000366210938,86.878738403320312
2025-04-03,527.9427490234375,447.996826171875,186.69528198242188,76.339447021484375,41.740333557128906,86.197158813476562,102.06699371337891,286.42001342773438,83.913833618164062
2025-04-04,497.03543090820312,420.1722412109375,178.36709594726562,71.302108764648438,39.418727874755859,87.135612487792969,101.95452117919922,279.72000122070312,80.27203369140625
2025-04-07,496.15011596679688,421.18618774414062,176.75263977050781,69.581809997558594,37.951934814453125,84.507911682128906,99.967552185058594,273.70999145507812,78.165122985839844
2025-04-08,488.37905883789062,413.60125732421875,172.09635925292969,69.344200134277344,37.417675018310547,82.912544250488281,98.702247619628906,275.20001220703125,76.067764282226562
2025-04-09,539.66827392578125,463.24612426757812,186.72483825683594,74.695175170898438,40.011264801025391,83.400550842285156,100.35182952880859,285.3800048828125,80.605705261230469
2025-04-10,516.0205078125,443.54327392578125,178.87901306152344,73.222007751464844,39.321586608886719,81.101341247558594,98.646018981933594,292.35000610351562,78.765739440917969
2025-04-11,525.22784423828125,451.71469116210938,181.48771667480469,75.056350708007812,40.555244445800781,81.542404174804688,98.627273559570312,297.92999267578125,79.728622436523438
2025-04-14,530.3232421875,454.7764892578125,183.62388610839844,75.864227294921875,40.924369812011719,82.124237060546875,99.236488342285156,296.23001098632812,81.377914428710938
2025-04-15,528.837890625,455.28350830078125,183.85029602050781,76.548545837402344,40.885513305664062,82.4151611328125,99.770729064941406,297.77999877929688,81.62579345703125
2025-04-16,517.08282470703125,441.55508422851562,182.08822631835938,76.253913879394531,40.409538269042969,82.875015258789062,100.19251251220703,307.47000122070312,81.568588256835938
2025-04-17,517.82061767578125,441.47555541992188,183.57467651367188,77.080795288085938,40.720375061035156,82.143020629882812,100.05190277099609,306.1199951171875,82.788871765136719
2025-04-21,505.4951171875,430.55047607421875,179.89295959472656,76.662605285644531,40.710662841796875,80.707160949707031,98.974052429199219,315.58999633789062,81.063308715820312
2025-04-22,518.64691162109375,441.85333251953125,184.54925537109375,78.249832153320312,41.322635650634766,81.15765380859375,99.217735290527344,311.1099853515625,82.636337280273438
2025-04-23,526.68359375,451.873779296875,187.28593444824219,78.563484191894531,41.798614501953125,81.945945739746094,99.658271789550781,303.64999389648438,82.788871765136719
2025-04-24,537.769775390625,464.58816528320312,191.03659057617188,79.608970642089844,42.284305572509766,82.809326171875,100.67985534667969,308.07000732421875,83.093955993652344
2025-04-25,541.6552734375,469.76739501953125,191.09562683105469,79.951126098632812,42.206592559814453,83.419342041015625,101.21408081054688,304.73001098632812,82.950942993164062
2025-04-28,541.86187744140625,469.6182861328125,191.90287780761719,80.483375549316406,42.284305572509766,83.944839477539062,101.44841003417969,309.07000732421875,83.465751647949219
2025-04-29,545.2752685546875,472.7198486328125,193.03495788574219,80.644943237304688,42.400871276855469,84.648681640625,101.68273162841797,306.05999755859375,83.913833618164062
2025-04-30,545.49169921875,472.66015625,191.82411193847656,80.549911499023438,42.507724761962891,83.963638305664062,101.20474243164062,303.76998901367188,84.209373474121094
2025-05-01,549.35748291015625,478.83346557617188,193.01528930664062,80.293289184570312,42.498008728027344,83.53790283203125,100.84902191162109,297.45999145507812,84.48583984375
2025-05-02,557.51220703125,485.94119262695312,197.3565673828125,81.832992553710938,43.712238311767578,82.633659362792969,100.60433959960938,297.98001098632812,85.524993896484375
2025-05-05,554.31536865234375,483.05838012695312,195.84054565429688,81.975570678710938,44.042507171630859,82.172111511230469,100.46319580078125,306.8800048828125,85.334312438964844
2025-05-06,549.68212890625,478.56509399414062,193.70439147949219,81.871009826660156,43.867660522460938,82.445266723632812,100.66082000732422,315.48001098632812,84.676513671875
2025-05-07,551.99383544921875,480.44387817382812,194.34422302246094,81.595382690429688,43.362541198730469,82.793777465820312,100.86783599853516,310.75,84.771835327148438
2025-05-08,555.840087890625,485.40438842773438,198.04566955566406,81.310264587402344,43.333400726318359,81.870697021484375,100.35968780517578,304.6300048828125,84.438163757324219
2025-05-09,555.1317138671875,485.08633422851562,197.68141174316406,81.709442138671875,43.62481689453125,81.993156433105469,100.32206726074219,306.83999633789062,85.000648498535156
2025-05-12,573.4774169921875,504.84881591796875,204.63142395019531,82.127639770507812,44.567058563232422,81.230201721191406,100.30323028564453,298.19000244140625,85.420120239257812
2025-05-13,577.2646484375,512.54315185546875,205.37960815429688,82.232177734375,44.644763946533203,80.900527954101562,100.38790893554688,299.45999145507812,84.333305358886719
2025-05-14,578.00244140625,515.61480712890625,203.55841064453125,81.832992553710938,44.984752655029297,80.363655090332031,99.8797607421875,293.16000366210938,83.503883361816406
2025-05-15,580.82562255859375,516.181396484375,204.88739013671875,82.726417541503906,44.965324401855469,81.070075988769531,100.59496307373047,297.83999633789062,85.029258728027344
2025-05-16,584.5045166015625,518.42816162109375,206.58059692382812,82.91650390625,44.936180114746094,81.286727905273438,100.78314971923828,294.239990234375,86.087471008300781
2025-05-19,585.1439208984375,518.9251708984375,205.71427917480469,83.705375671386719,45.033317565917969,81.051246643066406,100.79254913330078,298.02999877929688,86.106536865234375
2025-05-20,583.176513671875,517.1954345703125,205.82260131835938,84.104560852050781,44.984752655029297,80.467262268066406,100.54789733886719,303.57998657226562,85.60125732421875
2025-05-21,573.34954833984375,510.0081787109375,200.04402160644531,83.610328674316406,44.868183135986328,79.092079162597656,99.428077697753906,305.82000732421875,83.322738647460938
2025-05-22,573.575927734375,510.9625244140625,200.03421020507812,83.562797546386719,44.722476959228516,79.506523132324219,99.936233520507812,303.1099853515625,82.94140625
2025-05-23,569.66070556640625,506.23062133789062,199.40415954589844,83.676856994628906,44.907039642333984,79.638389587402344,100.01151275634766,309.75,83.027206420898438
2025-05-27,581.50433349609375,518.1397705078125,204.46406555175781,84.893424987792969,44.800186157226562,80.749839782714844,100.91487121582031,304.5,84.476303100585938
2025-05-28,578.14013671875,515.84344482421875,202.30819702148438,83.914466857910156,44.596195220947266,80.401329040527344,100.67021942138672,303.80999755859375,84.390495300292969
2025-05-29,580.4222412109375,516.85748291015625,202.90870666503906,84.285140991210938,44.761333465576172,81.145439147949219,101.12192535400391,305.6099853515625,85.153182983398438
2025-05-30,579.77301025390625,516.04229736328125,201.87507629394531,84.408699035644531,44.217357635498047,81.26788330078125,101.41361999511719,303.60000610351562,85.153182983398438
2025-06-02,583.038818359375,520.11810302734375,202.50509643554688,85.311614990234375,44.537910461425781,80.511558532714844,101.12650299072266,311.67001342773438,85.267585754394531
2025-06-03,586.3636474609375,524.183837890625,205.77334594726562,84.665321350097656,44.644763946533203,80.369743347167969,101.17373657226562,308.91000366210938,85.095985412597656
2025-06-04,586.20635986328125,525.645263671875,205.19256591796875,85.045494079589844,45.198451995849609,81.674400329589844,101.91043090820312,310.89999389648438,85.334312438964844
2025-06-05,583.37322998046875,521.688720703125,205.28114318847656,84.988456726074219,45.431587219238281,81.731124877929688,101.5987548828125,309.32998657226562,85.267585754394531
2025-06-06,589.364013671875,526.788330078125,208.5986328125,85.2926025390625,45.577293395996094,80.691184997558594,100.98484039306641,305.17999267578125,85.677528381347656
2025-06-09,589.8951416015625,527.56378173828125,210.03591918945312,85.283103942871094,45.965847015380859,80.776260375976562,101.28705596923828,306.6199951171875,85.79193115234375
2025-06-10,593.23968505859375,531.0531005859375,211.16798400878906,85.39715576171875,46.228118896484375,81.192230224609375,101.53264617919922,306.70999145507812,86.5260009765625
2025-06-11,591.54766845703125,529.263671875,210.30168151855469,85.254585266113281,46.422401428222656,81.438056945800781,101.85376739501953,308.3699951171875,86.058853149414062
2025-06-12,593.89874267578125,530.50628662109375,209.46493530273438,85.910392761230469,46.500106811523438,82.411834716796875,102.42045593261719,312.20001220703125,86.478340148925781
2025-06-13,587.25885009765625,523.84588623046875,205.63554382324219,84.807884216308594,45.761859893798828,81.61767578125,101.8065185546875,316.29000854492188,85.639389038085938
2025-06-16,592.84619140625,531.132568359375,208.05996704101562,85.125991821289062,46.322868347167969,80.795181274414062,101.62708282470703,311.77999877929688,85.706123352050781
2025-06-17,587.78021240234375,525.953369140625,205.86849975585938,84.081741333007812,45.714778900146484,81.778411865234375,101.97654724121094,311.94000244140625,85.40106201171875
2025-06-18,587.691650390625,525.86383056640625,206.954345703125,84.226776123046875,45.704967498779297,81.920204162597656,102.05211639404297,310.260009765625,85.69659423828125
2025-06-20,586.31146240234375,523.7166748046875,206.52003479003906,83.47259521484375,45.440158843994141,81.768943786621094,102.13710021972656,310.1300048828125,85.639389038085938
2025-06-23,592.10272216796875,529.10174560546875,209.04708862304688,84.101081848144531,45.812854766845703,82.033653259277344,102.39213562011719,311.07998657226562,86.926406860351562
2025-06-24,598.6439208984375,537.19281005859375,211.71240234375,85.125991821289062,46.999614715576172,82.629295349121094,102.87379455566406,306.19000244140625,87.15521240234375
2025-06-25,598.97930908203125,538.56610107421875,209.24455261230469,84.661880493164062,47.038848876953125,82.7332763671875,102.75102233886719,307.1199951171875,85.057846069335938
2025-06-26,603.66558837890625,543.601806640625,212.64030456542969,85.609443664550781,47.352703094482422,83.149269104003906,103.12882232666016,306.77999877929688,84.978904724121094
2025-06-27,606.664794921875,545.46295166015625,212.70938110351562,86.382965087890625,47.166351318359375,82.619834899902344,102.95881652832031,301.22000122070312,85.190704345703125
2025-06-30,609.5654296875,548.99591064453125,213.01541137695312,86.431312561035156,47.313472747802734,83.432899475097656,103.52549743652344,304.82998657226562,85.739448547363281
2025-07-01,609.36810302734375,544.36822509765625,215.20687866210938,86.286277770996094,47.401744842529297,83.639739990234375,103.65062713623047,307.54998779296875,86.365219116210938
2025-07-02,612.13055419921875,548.159912109375,218.18803405761719,86.537666320800781,47.607711791992188,83.108345031738281,103.63167572021484,309.25,86.5673828125
2025-07-03,616.95501708984375,553.553955078125,220.21168518066406,86.5570068359375,47.823482513427734,82.529487609863281,103.38520050048828,307.1400146484375,86.663658142089844
2025-07-07,612.357421875,549.384033203125,216.90473937988281,85.619110107421875,47.146736145019531,81.741859436035156,102.76904296875,307.3699951171875,85.922370910644531
2025-07-08,612.02203369140625,549.692626953125,218.40521240234375,86.247596740722656,47.440975189208984,81.637481689453125,102.47515869140625,304.16000366210938,85.797218322753906
2025-07-09,615.69207763671875,553.58380126953125,220.77435302734375,86.895423889160156,47.362514495849609,82.491531372070312,103.06290435791016,305.51998901367188,85.864616394042969
2025-07-10,617.42852783203125,552.78765869140625,221.90956115722656,86.83740234375,47.490013122558594,82.5484619140625,103.08186340332031,306.20001220703125,86.403724670410156
2025-07-11,615.258056640625,551.54364013671875,218.84942626953125,86.005867004394531,47.333087921142578,81.409721374511719,102.45620727539062,309.1400146484375,86.413352966308594
2025-07-14,616.43206787109375,553.54400634765625,220.32025146484375,86.005867004394531,47.401744842529297,81.238914489746094,102.42777252197266,308.010009765625,86.971725463867188
2025-07-15,613.7978515625,554.051513671875,216.00645446777344,85.106651306152344,47.745018005371094,80.669563293457031,102.05805969238281,306.73001098632812,85.691322326660156
2025-07-16,615.8499755859375,554.618896484375,218.17819213867188,85.454734802246094,47.970603942871094,80.783432006835938,102.21920013427734,308.260009765625,86.5
2025-07-17,619.61871337890625,559.107177734375,221.0408935546875,85.6771240234375,48.245223999023438,80.764472961425781,102.46567535400391,307.58999633789062,86.403724670410156
2025-07-18,619.1649169921875,558.56982421875,219.4713134765625,85.435401916503906,48.137340545654297,80.887809753417969,102.65528869628906,308.3900146484375,86.586647033691406
2025-07-21,620.3389892578125,561.46588134765625,218.5828857421875,85.889846801757812,48.451190948486328,81.6090087890625,103.05341339111328,313.1300048828125,86.942840576171875
2025-07-22,620.427734375,558.55987548828125,220.39926147460938,86.363624572753906,48.480613708496094,82.102470397949219,103.29988098144531,316.10000610351562,88.43505859375
2025-07-23,625.70611572265625,561.1075439453125,223.765380859375,88.510147094726562,48.971012115478516,81.64697265625,103.13874816894531,312.17999267578125,88.608345031738281
2025-07-24,625.91314697265625,562.30181884765625,220.67564392089844,87.8526611328125,48.706199645996094,81.504631042480469,102.98704528808594,310.26998901367188,88.300277709960938
2025-07-25,628.55718994140625,563.65533447265625,221.49497985839844,87.746292114257812,48.559074401855469,82.017059326171875,103.31884765625,307.39999389648438,88.309906005859375
2025-07-28,628.39947509765625,565.4168701171875,221.23831176757812,86.334617614746094,48.235416412353516,81.48565673828125,103.11029815673828,305.41000366210938,86.89471435546875
2025-07-29,626.741943359375,564.54107666015625,219.82670593261719,86.160575866699219,48.255035400390625,82.86163330078125,103.79283142089844,306.25,88.290641784667969
2025-07-30,625.95269775390625,565.29742431640625,218.71122741699219,85.541763305664062,47.901947021484375,82.434593200683594,103.40416717529297,300.95999145507812,87.039115905761719
2025-07-31,623.60455322265625,562.30181884765625,216.56912231445312,84.623199462890625,47.627326965332031,82.482040405273438,103.43260955810547,302.95999145507812,85.81646728515625
2025-08-01,613.38348388671875,551.22515869140625,212.1566162109375,84.40081787109375,47.274242401123047,83.654640197753906,104.35017395019531,309.1099853515625,85.604667663574219
2025-08-04,622.70672607421875,561.39617919921875,216.90473937988281,85.522422790527344,47.764636993408203,83.883262634277344,104.53102111816406,310.91000366210938,86.480743408203125
2025-08-05,619.5496826171875,557.5845947265625,218.01036071777344,85.51275634765625,47.901947021484375,84.140472412109375,104.607177734375,311.16000366210938,86.875457763671875
2025-08-06,624.295166015625,564.600830078125,217.72407531738281,86.073554992675781,48.127529144287109,83.654640197753906,104.57863616943359,310.5,86.201560974121094
2025-08-07,623.77227783203125,566.51153564453125,217.01333618164062,86.847076416015625,48.529651641845703,83.511764526367188,104.47393798828125,313.1199951171875,86.451866149902344
2025-08-08,628.63623046875,571.796142578125,217.4871826171875,87.378875732421875,48.490421295166016,83.149803161621094,104.14077758789062,313.04998779296875,85.739448547363281
2025-08-11,627.39306640625,570.10418701171875,217.43782043457031,87.011444091796875,48.353111267089844,83.245033264160156,104.30260467529297,308.54998779296875,85.171455383300781
2025-08-12,634.072265625,577.26971435546875,223.89372253417969,88.075035095214844,48.94158935546875,82.825904846191406,104.39778137207031,308.26998901367188,85.652809143066406
2025-08-13,636.2427978515625,577.55841064453125,228.24702453613281,88.606834411621094,49.530063629150391,83.511764526367188,104.94983673095703,309.20999145507812,86.451866149902344
2025-08-14,636.30206298828125,577.1104736328125,225.30532836914062,88.616508483886719,48.921974182128906,82.892601013183594,104.588134765625,307.25,85.835723876953125
2025-08-15,634.812255859375,574.57281494140625,224.20962524414062,89.138633728027344,48.980819702148438,82.302009582519531,104.45488739013672,307.42999267578125,86.326705932617188
2025-08-18,634.67413330078125,574.3438720703125,225.0289306640625,89.041938781738281,49.265251159667969,82.063873291015625,104.26453399658203,306.95001220703125,85.595054626464844
2025-08-19,631.23089599609375,566.55133056640625,223.30143737792969,89.051612854003906,48.863124847412109,82.540153503417969,104.42633056640625,305.26998901367188,87.068000793457031
2025-08-20,629.55377197265625,563.18756103515625,222.51171875,89.370689392089844,48.794471740722656,82.72113037109375,104.47393798828125,308.3599853515625,87.31829833984375
2025-08-21,627.028076171875,560.5802001953125,223.06452941894531,88.809883117675781,48.68658447265625,82.311531066894531,104.07413482666016,307.29000854492188,87.058380126953125
2025-08-22,636.6571044921875,569.22845458984375,231.81060791015625,90.144218444824219,49.657569885253906,82.921180725097656,104.89273071289062,310.57998657226562,88.743125915527344
2025-08-25,633.85528564453125,567.58648681640625,229.37234497070312,88.954917907714844,49.373138427734375,82.683036804199219,104.61670684814453,309.82998657226562,88.232887268066406
2025-08-26,636.5091552734375,569.8653564453125,231.26768493652344,88.858238220214844,49.245635986328125,82.635414123535156,104.69284820556641,312.07998657226562,88.001838684082031
2025-08-27,637.95947265625,570.7412109375,232.90632629394531,88.645515441894531,48.951396942138672,82.540153503417969,104.73091888427734,312.70999145507812,88.550582885742188
2025-08-28,640.21875,574.31396484375,233.18270874023438,88.974258422851562,49.137744903564453,83.083114624023438,104.89273071289062,315.02999877929688,88.319534301757812
2025-08-29,636.400634765625,567.666015625,232.14622497558594,88.452133178710938,48.902359008789062,82.492515563964844,104.51198577880859,318.07000732421875,88.800880432128906
2025-09-02,631.68475341796875,562.908935546875,230.89254760742188,87.581924438476562,48.863124847412109,81.878631591796875,104.16239166259766,325.58999633789062,87.327934265136719
2025-09-03,635.10821533203125,567.33758544921875,230.66552734375,87.71728515625,49.049472808837891,82.777458190917969,104.78325653076172,328.1400146484375,87.376068115234375
2025-09-04,640.41607666015625,572.47283935546875,233.54795837402344,88.355445861816406,48.892547607421875,83.408546447753906,105.49964141845703,326.69000244140625,88.030708312988281
2025-09-05,638.561279296875,573.29888916015625,234.71279907226562,88.751876831054688,49.481025695800781,84.680274963378906,106.1873779296875,331.04998779296875,89.022315979003906
2025-09-08,640.12994384765625,576.09539794921875,235.1866455078125,89.641426086425781,49.93218994140625,85.808586120605469,106.55989837646484,334.82000732421875,88.50244140625
2025-09-09,641.60986328125,577.7275390625,233.80464172363281,89.341682434082031,50.206809997558594,85.3209228515625,106.36885833740234,334.05999755859375,88.300277709960938
2025-09-10,643.46466064453125,577.91668701171875,233.3900146484375,89.322341918945312,50.550090789794922,85.808586120605469,106.68408203125,335.260009765625,88.155860900878906
2025-09-11,648.81201171875,581.28045654296875,237.703857421875,90.269912719726562,51.285686492919922,86.382308959960938,107.18076324462891,334.760009765625,89.763603210449219
2025-09-12,648.5948486328125,583.84808349609375,235.27545166015625,89.912155151367188,51.256259918212891,86.009384155273438,106.98972320556641,335.42001342773438,89.349639892578125
2025-09-15,652.0479736328125,588.843994140625,236.27249145507812,90.511634826660156,51.628959655761719,86.210189819335938,107.32403564453125,338.91000366210938,89.205230712890625
2025-09-16,651.1502685546875,588.34637451171875,235.88343811035156,90.260238647460938,52.011470794677734,86.391860961914062,107.22852325439453,339.58999633789062,88.733497619628906
2025-09-17,650.3411865234375,587.172119140625,236.48728942871094,89.921821594238281,52.237052917480469,86.17193603515625,107.03748321533203,336.97000122070312,88.61798095703125
2025-09-18,653.37994384765625,592.46661376953125,242.37745666503906,90.269912719726562,52.109554290771484,85.282684326171875,106.81780242919922,335.6199951171875,88.810516357421875
2025-09-19,656.61602783203125,596.47723388671875,240.53614807128906,89.921821594238281,51.991855621337891,85.120132446289062,106.73181915283203,339.17999267578125,88.232887268066406
2025-09-22,659.7225341796875,600.00836181640625,241.93197631835938,90.211898803710938,52.246860504150391,84.814140319824219,106.49303436279297,345.04998779296875,88.25213623046875
2025-09-23,656.13128662109375,596.02294921875,241.38751220703125,90.037849426269531,52.276283264160156,85.406990051269531,106.70316314697266,346.45999145507812,88.733497619628906
2025-09-24,654.043701171875,593.9305419921875,239.1700439453125,89.515724182128906,52.099742889404297,85.081901550292969,106.27334594726562,343.32000732421875,87.8607177734375
2025-09-25,651.02630615234375,591.36993408203125,236.88328552246094,88.877571105957031,51.795696258544922,85.081901550292969,106.08230590820312,344.75,87.598304748535156
2025-09-26,654.756103515625,593.801025390625,238.91264343261719,89.564071655273438,51.697616577148438,85.005386352539062,106.22557830810547,346.739990234375,88.463310241699219
2025-09-29,656.59625244140625,596.55096435546875,239.18983459472656,89.912155151367188,52.16839599609375,85.703407287597656,106.57901000976562,352.45999145507812,88.492469787597656
2025-09-30,659.06951904296875,598.18505859375,239.52642822265625,90.279579162597656,52.374366760253906,85.454811096191406,106.47392272949219,355.47000122070312,88.852073669433594
2025-10-01,661.3153076171875,601.05450439453125,240.05108642578125,91.024093627929688,52.786296844482422,85.675491333007812,106.90150451660156,356.02999877929688,88.988136291503906
2025-10-02,662.07696533203125,603.52545166015625,241.56570434570312,91.16912841796875,53.031494140625,85.924972534179688,107.07406616210938,354.79000854492188,88.521629333496094
2025-10-03,662.0672607421875,600.98480224609375,243.35749816894531,91.932975769042969,53.188423156738281,85.761856079101562,106.93984985351562,357.6400146484375,88.852073669433594
2025-10-06,664.44158935546875,605.498291015625,244.32762145996094,92.145698547363281,53.433620452880859,85.080581665039062,106.59471893310547,364.3800048828125,88.016220092773438
2025-10-07,661.9781494140625,602.3099365234375,241.70428466796875,91.343170166015625,53.021690368652344,85.5699462890625,106.79605102539062,366.260009765625,87.695503234863281
2025-10-08,665.925537109375,609.2147216796875,244.23855590820312,91.613899230957031,53.443431854248047,85.637115478515625,106.66182708740234,372.29998779296875,87.238700866699219
2025-10-09,663.996337890625,608.4774169921875,242.66455078125,90.859725952148438,52.894184112548828,85.5699462890625,106.450927734375,365.42999267578125,86.762466430664062
2025-10-10,646.04998779296875,587.3546142578125,235.39834594726562,89.186973571777344,50.942405700683594,86.951644897460938,106.74810028076172,369.1199951171875,85.65447998046875
2025-10-13,655.9630126953125,599.81903076171875,241.95179748535156,89.902488708496094,52.423404693603516,86.903678894042969,107.11241149902344,378.08999633789062,86.198760986328125
2025-10-14,655.16162109375,595.82366943359375,245.40667724609375,90.308586120605469,51.952625274658203,87.181938171386719,107.46710968017578,380.79000854492188,87.08319091796875
2025-10-15,658.07025146484375,600.02825927734375,247.81222534179688,90.743690490722656,52.805915832519531,86.990028381347656,107.46710968017578,387.3900146484375,88.3466796875
2025-10-16,653.588623046875,597.806396484375,242.59524536132812,91.21746826171875,53.149188995361328,87.642509460449219,107.77388000488281,396.45001220703125,88.035667419433594
2025-10-17,657.29864501953125,601.7320556640625,240.96183776855469,91.381851196289062,53.139381408691406,87.508171081542969,107.56298065185547,388.989990234375,88.609092712402344
2025-10-20,664.1348876953125,609.3143310546875,245.6640625,92.136024475097656,53.865169525146484,87.844009399414062,107.88893890380859,403.14999389648438,89.503250122070312
2025-10-21,664.125,609.15496826171875,244.505859375,91.459190368652344,53.266891479492188,88.275787353515625,107.90810394287109,377.239990234375,89.250556945800781
2025-10-22,660.6722412109375,603.286376953125,240.89254760742188,91.323829650878906,53.217845916748047,88.333351135253906,108.01356506347656,377.27999877929688,89.629600524902344
2025-10-23,664.5899658203125,608.35784912109375,243.94157409667969,91.749267578125,53.688629150390625,87.728858947753906,107.87936401367188,378.79000854492188,89.5712890625
2025-10-24,670.0213623046875,614.85406494140625,246.92127990722656,91.894302368164062,54.041713714599609,87.767234802246094,108.06149291992188,377.51998901367188,89.833702087402344
2025-10-27,677.92608642578125,625.80413818359375,247.78254699707031,92.532455444335938,54.639999389648438,88.064689636230469,108.24362945556641,367.010009765625,90.086410522460938
2025-10-28,679.72662353515625,630.6165771484375,246.45602416992188,92.493782043457031,54.620380401611328,88.294975280761719,108.25321960449219,364.3800048828125,88.317527770996094
2025-10-29,680.05322265625,633.45623779296875,244.35733032226562,91.971656799316406,54.934234619140625,87.402626037597656,107.63967132568359,363,86.043251037597656
2025-10-30,672.5738525390625,623.77154541015625,242.38735961914062,91.565559387207031,54.365375518798828,86.894081115722656,107.06448364257812,370.1300048828125,86.451446533203125
2025-10-31,674.77996826171875,626.7806396484375,243.75347900390625,91.362510681152344,54.237873077392578,86.635009765625,106.63306427001953,368.1199951171875,86.674995422363281
2025-11-03,676.04638671875,629.77960205078125,242.97142028808594,91.40118408203125,54.581153869628906,86.4183349609375,106.34635925292969,368.77999877929688,86.548652648925781
2025-11-04,668.0328369140625,616.99627685546875,238.77406311035156,90.463287353515625,53.580741882324219,86.610939025878906,106.49067687988281,362.32000732421875,86.694427490234375
2025-11-05,670.34783935546875,621.01171875,242.21905517578125,91.043434143066406,54.061328887939453,85.667213439941406,106.17316436767578,366.510009765625,86.772178649902344
2025-11-06,663.15545654296875,609.44390869140625,237.9326171875,90.840377807617188,53.659202575683594,86.437606811523438,106.73120880126953,366.07000732421875,86.354263305664062
2025-11-07,663.808349609375,607.52093505859375,239.17994689941406,91.178802490234375,53.502277374267578,86.254623413085938,106.51952362060547,368.30999755859375,87.695503234863281
2025-11-10,674.1666259765625,620.96185302734375,241.57559204101562,92.136024475097656,54.443836212158203,86.235382080078125,106.57726287841797,378.3800048828125,87.646903991699219
2025-11-11,675.7099609375,619.307861328125,241.78350830078125,92.812858581542969,54.502685546875,86.630203247070312,107.00059509277344,379.8699951171875,88.628532409667969
2025-11-12,676.08599853515625,618.81964111328125,241.18952941894531,93.363990783691406,54.512493133544922,86.784286499023438,106.894775390625,385.989990234375,87.967643737792969
2025-11-13,664.86700439453125,606.18585205078125,234.40840148925781,92.368080139160156,53.874980926513672,86.071670532226562,106.36559295654297,382.8699951171875,86.888816833496094
2025-11-14,664.75811767578125,606.64410400390625,235.09147644042969,92.107025146484375,53.904403686523438,85.580543518066406,106.07694244384766,375.95999145507812,87.073471069335938
2025-11-17,658.56494140625,601.46307373046875,230.4189453125,90.908058166503906,53.266891479492188,85.792404174804688,106.14430236816406,371.64999389648438,86.354263305664062
2025-11-18,653.03460693359375,594.13970947265625,231.121826171875,89.728446960449219,53.002071380615234,85.763519287109375,106.19241333007812,374.35000610351562,86.704154968261719
2025-11-19,655.55743408203125,597.68682861328125,231.08219909667969,89.457710266113281,52.815719604492188,85.590171813964844,106.20201873779297,374.95999145507812,86.023811340332031
2025-11-20,645.56524658203125,583.5384521484375,226.8056640625,88.220077514648438,52.089935302734375,85.927223205566406,106.34635925292969,374.85000610351562,85.664199829101562
2025-11-21,651.995849609375,587.9224853515625,233.23039245605469,89.583412170410156,52.080127716064453,86.187217712402344,106.72158813476562,374.26998901367188,87.054039001464844
2025-11-24,661.59228515625,602.95758056640625,237.48715209960938,89.660758972167969,52.629371643066406,86.6783447265625,107.14494323730469,380.20001220703125,87.28729248046875
2025-11-25,667.815185546875,606.674072265625,242.66455078125,90.734016418457031,52.815719604492188,86.899810791015625,107.44319152832031,380.07998657226562,88.093978881835938
2025-11-26,672.42547607421875,612.034423828125,244.81271362304688,91.729934692382812,53.198234558105469,87.285011291503906,107.80882263183594,383.1199951171875,88.482742309570312
2025-11-28,676.0958251953125,616.99627685546875,246.24813842773438,92.039344787597656,53.276695251464844,86.870948791503906,107.62599945068359,387.8800048828125,88.774314880371094
2025-12-01,673.00909423828125,614.923828125,243.14959716796875,91.584892272949219,53.237464904785156,85.789505004882812,107.04947662353516,389.75,87.753814697265625
2025-12-02,674.25567626953125,619.73626708984375,242.70414733886719,91.894302368164062,53.257080078125,85.828147888183594,107.11707305908203,387.239990234375,87.442802429199219
2025-12-03,676.59051513671875,621.250732421875,247.1192626953125,92.387428283691406,53.296314239501953,86.069770812988281,107.35851287841797,386.8800048828125,87.666343688964844
2025-12-04,677.08514404296875,620.67291259765625,249.28726196289062,92.638809204101562,53.286506652832031,85.605880737304688,107.16535949707031,387.1300048828125,87.452522277832031
2025-12-05,678.371337890625,623.20361328125,248.24783325195312,92.638809204101562,53.688629150390625,85.209648132324219,107.05912017822266,386.44000244140625,87.355331420898438
2025-12-08,676.33331298828125,622.00799560546875,248.3468017578125,92.348747253417969,53.570930480957031,84.92938232421875,106.83702850341797,385.42001342773438,86.684715270996094
2025-12-09,675.74951171875,622.775146484375,248.861572265625,92.223045349121094,53.482662200927734,85.016372680664062,106.70182037353516,387.39999389648438,86.354263305664062
2025-12-10,680.23126220703125,625.32586669921875,252.24717712402344,93.247970581054688,54.080944061279297,85.344955444335938,107.19432830810547,389.04998779296875,86.665267944335938
2025-12-11,681.8140869140625,623.30328369140625,255.20712280273438,93.799102783203125,53.825939178466797,85.228996276855469,107.03981018066406,393.239990234375,87.044319152832031
2025-12-12,674.4832763671875,611.38677978515625,251.29684448242188,93.305984497070312,53.198234558105469,84.407524108886719,106.39279174804688,395.44000244140625,86.937408447265625
2025-12-15,673.4642333984375,608.3179931640625,249.39614868164062,93.876441955566406,53.041305541992188,84.465507507324219,106.51832580566406,395.79998779296875,87.209548950195312
2025-12-16,671.62408447265625,609.5235595703125,248.21614074707031,93.441337585449219,52.706047058105469,84.92938232421875,106.759765625,395.8900146484375,86.568077087402344
2025-12-17,664.2337646484375,598.224853515625,245.57406616210938,92.683334350585938,52.328010559082031,84.852073669433594,106.64385986328125,399.29000854492188,86.888816833496094
2025-12-18,669.24969482421875,606.8931884765625,247.0341796875,93.3428955078125,52.924911499023438,85.257980346679688,107.04947662353516,398.57000732421875,86.432014465332031
2025-12-19,675.31536865234375,614.8043212890625,249.10014343261719,93.972923278808594,53.442222595214844,84.93975830078125,106.77413177490234,399.01998901367188,86.1015625
2025-12-22,679.52252197265625,617.7513427734375,251.87136840820312,94.209182739257812,53.730720520019531,84.755424499511719,106.75473785400391,408.23001098632812,86.543899536132812
2025-12-23,682.62823486328125,620.64447021484375,250.3814697265625,94.790000915527344,54.029170989990234,84.891242980957031,106.86138916015625,413.6400146484375,86.485054016113281
2025-12-24,685.02947998046875,622.46026611328125,251.00721740722656,94.908134460449219,54.138599395751953,85.405441284179688,107.27828216552734,411.92999267578125,87.053909301757812
2025-12-26,684.9599609375,622.4202880859375,249.72590637207031,95.065635681152344,54.516635894775391,85.124099731445312,107.26858520507812,416.739990234375,87.1519775390625
2025-12-29,682.51904296875,619.40740966796875,248.19630432128906,94.7801513671875,54.377361297607422,85.444252014160156,107.41401672363281,398.60000610351562,87.328521728515625
2025-12-30,681.68560791015625,617.97076416015625,246.35874938964844,94.937660217285156,54.596221923828125,85.240516662597656,107.28797912597656,398.8900146484375,87.505058288574219
2025-12-31,676.635009765625,612.86285400390625,244.5013427734375,94.534042358398438,54.427101135253906,84.561378479003906,106.83230590820312,396.30999755859375,86.789093017578125
2026-01-02,677.8753662109375,611.67572021484375,247.10369873046875,95.528312683105469,55.949192047119141,84.435256958007812,106.80323028564453,398.27999877929688,86.818519592285156
2026-01-05,682.39007568359375,616.5341796875,251.02708435058594,96.621025085449219,56.565982818603516,84.852439880371094,107.10377502441406,408.760009765625,87.014671325683594
2026-01-06,686.4483642578125,621.951416015625,254.35450744628906,96.768692016601562,56.983810424804688,84.677803039550781,107.10377502441406,413.17999267578125,87.652175903320312
2026-01-07,684.23565673828125,622.550048828125,253.75856018066406,96.404449462890625,56.556034088134766,85.172599792480469,107.18133544921875,409.23001098632812,86.798896789550781
2026-01-08,684.16619873046875,619.00836181640625,256.52972412109375,96.414299011230469,56.575931549072266,84.745719909667969,106.88077545166016,411.489990234375,87.573715209960938
2026-01-09,688.69085693359375,625.173828125,258.47653198242188,97.270736694335938,56.844535827636719,85.308433532714844,107.26858520507812,414.47000122070312,87.750259399414062
2026-01-12,689.7723388671875,625.69256591796875,259.73797607421875,97.861396789550781,57.640396118164062,85.056182861328125,107.14255523681641,422.23001098632812,87.867942810058594
2026-01-13,688.39324951171875,624.7647705078125,259.5889892578125,97.300270080566406,57.212619781494141,85.201698303222656,107.37523651123047,421.6300048828125,88.35833740234375
2026-01-14,685.00958251953125,618.09051513671875,261.41659545898438,97.75311279296875,57.451381683349609,85.696510314941406,107.64669799804688,425.94000244140625,89.12335205078125
2026-01-15,686.87506103515625,620.3153076171875,263.72097778320312,97.713729858398438,57.789623260498047,85.677093505859375,107.51096343994141,423.32998657226562,89.741233825683594
2026-01-16,686.29949951171875,619.7965087890625,263.96929931640625,97.979522705078125,57.570758819580078,85.182304382324219,107.20072174072266,421.29000854492188,90.839714050292969
2026-01-20,672.32867431640625,606.62762451171875,260.81069946289062,96.4930419921875,57.013656616210938,84.06658935546875,106.55113220214844,437.23001098632812,89.15277099609375
2026-01-21,680.0880126953125,614.8282470703125,265.985595703125,97.487312316894531,57.958744049072266,84.706901550292969,107.19101715087891,443.60000610351562,89.505851745605469
2026-01-22,683.64031982421875,619.29766845703125,267.97213745117188,97.871238708496094,58.396469116210938,85.075584411621094,107.39462280273438,451.79000854492188,88.623153686523438
2026-01-23,683.8883056640625,621.2530517578125,263.02569580078125,98.412673950195312,58.764556884765625,85.308433532714844,107.46248626708984,458,88.799690246582031
2026-01-26,687.3612060546875,623.98663330078125,262.2012939453125,98.904884338378906,58.864036560058594,85.715904235839844,107.54975128173828,464.70001220703125,88.681999206542969
2026-01-27,690.099853515625,629.64324951171875,262.94625854492188,100.49964141845703,60.027988433837891,85.182304382324219,107.43340301513672,476.10000610351562,88.652572631835938
2026-01-28,690.03033447265625,631.72833251953125,261.52587890625,99.436470031738281,60.435867309570312,84.988258361816406,107.27828216552734,494.55999755859375,87.740447998046875
2026-01-29,688.66107177734375,627.947265625,261.59539794921875,100.10588073730469,60.127471923828125,85.007667541503906,107.30736541748047,495.89999389648438,88.966415405273438
2026-01-30,686.60711669921875,620.40509033203125,257.90045166015625,99.170669555664062,58.794399261474609,84.532272338867188,107.20072174072266,444.95001220703125,89.054695129394531
2026-02-02,690.02044677734375,624.6650390625,260.41339111328125,99.820396423339844,58.973468780517578,84.290756225585938,107.10146331787109,427.1300048828125,88.132759094238281
2026-02-03,684.18603515625,615.06768798828125,261.00936889648438,99.869613647460938,59.291812896728516,84.495277404785156,107.15011596679688,454.29000854492188,87.936607360839844
2026-02-04,680.8719482421875,604.32305908203125,258.76461791992188,100.19447326660156,58.495952606201172,84.281005859375,107.01387023925781,453.97000122070312,89.201805114746094
2026-02-05,672.36834716796875,595.6236572265625,254.106201171875,98.767066955566406,58.227348327636719,85.196479797363281,107.52963256835938,441.8800048828125,89.074310302734375
2026-02-06,685.267578125,608.2138671875,263.2342529296875,101.01154327392578,59.759384155273438,85.254913330078125,107.5880126953125,455.45999145507812,90.476821899414062
2026-02-09,688.57177734375,612.87286376953125,265.08172607421875,102.37004089355469,60.197109222412109,85.235435485839844,107.5880126953125,467.02999877929688,90.859321594238281
2026-02-10,686.7559814453125,610.029541015625,264.3665771484375,102.61614990234375,60.286643981933594,86.219070434570312,107.84103393554688,462.39999389648438,92.075485229492188
2026-02-11,686.59722900390625,611.66571044921875,263.16476440429688,103.30525207519531,61.241680145263672,85.761337280273438,107.72425079345703,467.6300048828125,91.56549072265625
2026-02-12,675.9901123046875,599.22509765625,257.79122924804688,102.52755737304688,60.545299530029297,86.900802612304688,108.23027801513672,451.3900146484375,91.457595825195312
2026-02-13,676.46630859375,600.5020751953125,261.18817138671875,102.61614990234375,60.803955078125,87.378005981445312,108.59031677246094,462.6199951171875,92.771835327148438
2026-02-17,677.55780029296875,599.88348388671875,261.26763916015625,102.59646606445312,60.555248260498047,87.524093627929688,108.69736480712891,448.20001220703125,93.654541015625
2026-02-18,680.97113037109375,604.3629150390625,262.21121215820312,102.71459197998047,60.873592376708984,87.192962646484375,108.59031677246094,458.27999877929688,92.556068420410156
2026-02-19,679.1751708984375,602.04840087890625,262.81710815429688,102.42911529541016,60.724369049072266,87.280624389648438,108.67791748046875,459.55999755859375,92.359916687011719
2026-02-20,684.0867919921875,607.3758544921875,262.8270263671875,103.265869140625,62.017646789550781,87.076103210449219,108.59031677246094,468.6199951171875,93.056259155273438
2026-02-23,677.10137939453125,599.99322509765625,258.73477172851562,102.84256744384766,61.331214904785156,87.397491455078125,108.70710754394531,481.27999877929688,93.066078186035156
2026-02-24,682.02288818359375,606.43804931640625,261.55563354492188,103.02960968017578,62.296199798583984,87.553314208984375,108.67791748046875,474.6099853515625,93.301460266113281
2026-02-25,687.778076171875,615.227294921875,262.79721069335938,104.0140380859375,62.982631683349609,87.563064575195312,108.64871978759766,473.42001342773438,93.046463012695312
2026-02-26,683.95782470703125,607.8048095703125,264.19772338867188,103.92543029785156,62.385734558105469,87.913642883300781,108.71683502197266,477.48001098632812,93.6839599609375
2026-02-27,680.6734619140625,605.859375,259.64862060546875,103.73838806152344,62.25640869140625,88.449287414550781,108.67791748046875,483.75,93.8507080078125
2026-03-02,681.06048583984375,606.65753173828125,262.03240966796875,101.6907958984375,61.181991577148438,87.561088562011719,108.30978393554688,490,94.086090087890625
2026-03-03,675.057373046875,600.16290283203125,257.49322509765625,98.530799865722656,58.117916107177734,87.38519287109375,108.26096343994141,468.1400146484375,93.585884094238281
2026-03-04,679.820068359375,609.311279296875,259.99624633789062,99.800704956054688,58.744659423828125,87.111602783203125,108.35861206054688,471.79998779296875,93.703575134277344
2026-03-05,676.02972412109375,607.47552490234375,255.02993774414062,97.61529541015625,57.332004547119141,86.759834289550781,107.92896270751953,466.1300048828125,92.762031555175781
2026-03-06,667.16888427734375,598.337158203125,249.19947814941406,96.748992919921875,57.023605346679688,86.437362670898438,107.56768035888672,473.510009765625,91.7518310546875
2026-03-09,673.01336669921875,606.32830810546875,251.91108703613281,97.44793701171875,58.147762298583984,87.189765930175781,108.21212768554688,472.52999877929688,91.957794189453125
2026-03-10,671.93170166015625,606.33831787109375,251.65284729003906,97.674354553222656,58.376571655273438,86.261489868164062,107.47001647949219,477.8599853515625,91.820487976074219
2026-03-11,671.08837890625,606.25848388671875,251.14628601074219,97.467628479003906,58.525798797607422,85.147544860839844,106.59120941162109,476.239990234375,90.869132995605469
2026-03-12,660.89788818359375,595.85308837890625,245.74293518066406,95.9417724609375,56.655517578125,84.981437683105469,106.01508331298828,466.8800048828125,90.241432189941406
2026-03-13,657.15716552734375,592.32135009765625,244.92845153808594,94.799842834472656,56.506294250488281,84.561279296875,105.62449645996094,460.83999633789062,90.3885498046875
2026-03-16,663.844970703125,598.9656982421875,247.24275207519531,96.571800231933594,58.078125,85.215957641601562,106.13226318359375,460.42999267578125,91.143753051757812
2026-03-17,665.59124755859375,601.8887939453125,248.80694580078125,96.837600708007812,58.446208953857422,85.450469970703125,106.7279052734375,459.26998901367188,91.545860290527344
2026-03-18,656.3038330078125,593.4986572265625,244.79698181152344,95.183769226074219,57.262367248535156,84.971672058105469,106.15178680419922,444.739990234375,90.192398071289062
2026-03-19,654.68646240234375,591.623046875,246.39898681640625,95.016410827636719,57.322052001953125,85.489555358886719,106.62049865722656,426.41000366210938,89.829498291015625
2026-03-20,645.30096435546875,580.6888427734375,241.01588439941406,92.132057189941406,55.352291107177734,83.867507934570312,105.31202697753906,413.3800048828125,87.044097900390625
2026-03-23,652.07666015625,587.35455322265625,246.21987915039062,94.347000122070312,57.013656616210938,84.414703369140625,106.00532531738281,404.04000854492188,87.720832824707031
2026-03-24,649.88775634765625,583.33892822265625,247.54325866699219,93.785881042480469,56.227741241455078,84.043380737304688,105.79049682617188,404.1300048828125,87.141937255859375
2026-03-25,653.50946044921875,587.17474365234375,250.56816101074219,95.15423583984375,57.123085021972656,84.854408264160156,106.17131805419922,416.29000854492188,87.072540283203125
2026-03-26,641.838623046875,573.16009521484375,246.20991516113281,93.185394287109375,55.183174133300781,84.141105651855469,105.34131622314453,400.6400146484375,86.953598022460938
2026-03-27,630.89404296875,561.96246337890625,241.89149475097656,92.338790893554688,54.914569854736328,83.681854248046875,105.08744049072266,414.70001220703125,86.239883422851562
2026-03-30,628.78466796875,557.66717529296875,238.41883850097656,92.604576110839844,54.466896057128906,84.795783996582031,105.76119995117188,414.57998657226562,86.567001342773438
2026-03-31,647.0621337890625,576.54638671875,246.76713562011719,95.616905212402344,56.496345520019531,84.707847595214844,106.42519378662109,430.29000854492188,87.925025939941406
2026-04-01,651.9373779296875,583.6685791015625,248.31936645507812,97.073860168457031,56.934070587158203,84.624458312988281,106.53893280029297,437.82000732421875,88.242233276367188
2026-04-02,652.52447509765625,584.33782958984375,250.040771484375,96.473358154296875,56.297378540039062,85.1444091796875,106.98995208740234,429.41000366210938,89.441665649414062
2026-04-06,655.6087646484375,587.85400390625,251.10545349121094,96.955726623535156,56.814693450927734,85.007064819335938,106.82327270507812,427.64999389648438,89.570526123046875
2026-04-07,655.89727783203125,587.94390869140625,251.65274047851562,96.817901611328125,57.013656616210938,84.99725341796875,106.94092559814453,431.80999755859375,89.699386596679688
2026-04-08,672.60272216796875,605.4246826171875,259.17514038085938,100.59809112548828,60.127471923828125,85.271942138671875,107.35272216796875,434.52999877929688,91.315155029296875
2026-04-09,676.4830322265625,609.52020263671875,260.65771484375,100.36182403564453,59.968299865722656,85.056106567382812,107.35272216796875,437.91000366210938,91.969383239746094
2026-04-10,676.03533935546875,610.39923095703125,260.00100708007812,100.58824157714844,60.246852874755859,84.850090026855469,107.06838989257812,437.1300048828125,92.167640686035156
2026-04-13,682.64178466796875,616.7122802734375,263.75228881835938,101.20842742919922,60.754215240478516,85.10516357421875,107.48019409179688,435.3599853515625,92.514579772949219
2026-04-14,690.959716796875,627.909912109375,267.38412475585938,102.02549743652344,61.918167114257812,85.556434631347656,107.83316802978516,445.08999633789062,93.396804809570312
2026-04-15,696.412109375,636.7003173828125,268.05081176757812,101.70063781738281,61.878372192382812,85.183647155761719,107.79395294189453,440.45999145507812,93.466194152832031
2026-04-16,698.1234130859375,639.76690673828125,268.6080322265625,101.40531158447266,62.127079010009766,84.644073486328125,107.29390716552734,440.07998657226562,94.328590393066406
2026-04-17,706.56072998046875,648.1376953125,274.4090576171875,102.69490814208984,63.310924530029297,85.419090270996094,107.89199829101562,445.92999267578125,95.835311889648438
2026-04-20,705.14776611328125,646.0799560546875,275.97125244140625,102.29129791259766,62.853305816650391,85.399482727050781,107.88218688964844,442.08999633789062,96.1822509765625
2026-04-21,700.53125,643.6226806640625,273.14535522460938,100.04680633544922,61.928112030029297,84.928573608398438,107.47039031982422,429.57000732421875,94.477279663085938
2026-04-22,707.62530517578125,654.390869140625,275.10556030273438,100.38151550292969,63.052268981933594,85.095352172851562,107.67628479003906,435.260009765625,93.694175720214844
2026-04-23,704.87921142578125,650.70489501953125,274.15032958984375,99.662887573242188,62.027595520019531,84.908958435058594,107.38214111328125,431.04000854492188,94.655708312988281
2026-04-24,710.34149169921875,663.1512451171875,275.27468872070312,100.18462371826172,63.410408020019531,85.065910339355469,107.46058654785156,433.25,94.467369079589844
2026-04-27,711.56536865234375,663.5008544921875,275.76229858398438,99.800704956054688,63.310924530029297,84.644073486328125,107.15663146972656,429.8900146484375,93.951911926269531
2026-04-28,708.1029052734375,656.82818603515625,272.54833984375,99.387245178222656,62.664287567138672,84.732368469238281,107.20565032958984,421.91000366210938,94.814308166503906
2026-04-29,707.993408203125,660.84375,270.7274169921875,98.373291015625,62.365837097167969,84.0750732421875,106.60756683349609,417.41000366210938,94.07086181640625
2026-04-30,715.0377197265625,667.0069580078125,276.58816528320312,100.72605895996094,63.65911865234375,83.99658203125,106.72522735595703,423.66000366210938,95.488372802734375
2026-05-01,717.0177001953125,673.40997314453125,277.89163208007812,100.50949096679688,63.798389434814453,84.296913146972656,106.89748382568359,423.17999267578125,95.220726013183594
2026-05-04,714.3909912109375,672.141357421875,276.49859619140625,99.131294250488281,63.768543243408203,83.656875610351562,106.55296325683594,414.70999145507812,94.625968933105469
2026-05-05,720.12200927734375,680.86175537109375,281.15533447265625,100.45042419433594,65.06182861328125,84.119667053222656,106.94670104980469,418.26998901367188,94.923347473144531
2026-05-06,730.13128662109375,695.0062255859375,285.37423706054688,103.17726898193359,67.141014099121094,84.75970458984375,107.47823333740234,430.95999145507812,96.241722106933594
2026-05-07,727.89263916015625,694.1771240234375,280.8568115234375,101.28718566894531,66.24566650390625,84.336288452148438,107.03528594970703,431.67999267578125,95.547843933105469
2026-05-08,733.90216064453125,710.44921875,282.75732421875,102.34051513671875,67.588691711425781,84.75970458984375,107.48807525634766,433.76998901367188,95.775833129882812
2026-05-11,735.57366943359375,712.5069580078125,283.91152954101562,102.12393951416016,67.538948059082031,84.247673034667969,107.22231292724609,434.64999389648438,95.845222473144531
2026-05-12,734.4593505859375,706.463623046875,281.165283203125,101.53328704833984,65.479652404785156,83.686408996582031,106.85810089111328,432.92999267578125,95.845222473144531
2026-05-13,738.56854248046875,713.92547607421875,281.2647705078125,102.21253967285156,66.862464904785156,83.499343872070312,106.91716766357422,430.5,95.052207946777344
2026-05-14,744.39898681640625,718.99981689453125,283.03594970703125,101.84830474853516,67.031585693359375,83.617485046386719,106.84827423095703,427.20999145507812,94.487190246582031
2026-05-15,735.44439697265625,708.15179443359375,276.22000122070312,100.13540649414062,64.733528137207031,82.376823425292969,106.16908264160156,417.29000854492188,93.089515686035156
2026-05-18,734.927001953125,705.1051025390625,274.59808349609375,101.06076812744141,64.634048461914062,82.278343200683594,105.97222137451172,418.42999267578125,94.179901123046875
2026-05-19,730.03173828125,700.75994873046875,271.64285278320312,100.33229064941406,63.927722930908203,81.746627807617188,105.44068145751953,411.5,94.447540283203125
2026-05-20,737.51385498046875,712.3671875,278.47869873046875,102.00581359863281,65.121513366699219,82.62298583984375,106.25767517089844,417.39999389648438,95.646965026855469
2026-05-21,738.9764404296875,713.72564697265625,281.08566284179688,102.56693267822266,65.688568115234375,82.928230285644531,106.47422790527344,416.989990234375,95.825393676757812
2026-05-22,741.88177490234375,716.7523193359375,283.70257568359375,102.36020660400391,65.539337158203125,83.381172180175781,106.67108917236328,413.82000732421875,95.924522399902344
2026-05-26,746.80682373046875,729.4783935546875,289.06582641601562,103.49228668212891,68.046310424804688,83.794731140136719,107.07465362548828,414,96.370590209960938
2026-05-27,746.67742919921875,728.6492919921875,288.92648315429688,103.13789367675781,68.036361694335938,83.991661071777344,107.22231292724609,408.489990234375,96.073211669921875
2026-05-28,750.79656982421875,734.79248046875,290.57827758789062,103.05914306640625,68.255226135253906,84.424911499023438,107.54712677001953,412.76998901367188,95.706451416015625
2026-05-29,752.6671142578125,737.49951171875,288.9862060546875,103.16743469238281,68.245277404785156,84.444602966308594,107.64556884765625,417.1199951171875,94.863868713378906
2026-06-01,754.7166748046875,741.9246826171875,287.54342651367188,102.81304168701172,69.717628479003906,84.490081787109375,107.62876892089844,411.260009765625,93.267936706542969
2026-06-02,755.7415771484375,745.34088134765625,290.2100830078125,103.38399505615234,70.433906555175781,84.668014526367188,107.61888122558594,411.95001220703125,93.694175720214844
2026-06-03,750.43841552734375,743.39306640625,286.23995971679688,102.49802398681641,69.558448791503906,84.331916809082031,107.32247161865234,407.8699951171875,93.58514404296875
2026-06-04,753.2740478515625,739.7969970703125,290.558349609375,103.31508636474609,68.742691040039062,84.519729614257812,107.54972076416016,411.26998901367188,95.2603759765625
2026-06-05,733.83251953125,704.2860107421875,280.24984741210938,100.66699981689453,64.256011962890625,84.08477783203125,106.87784576416016,396.239990234375,95.944351196289062
2026-06-08,735.49407958984375,715.283935546875,282.6976318359375,101.27733612060547,65.410011291503906,83.649833679199219,106.76914978027344,397.26998901367188,94.635879516601562
2026-06-09,733.3350830078125,707.052978515625,283.60308837890625,101.29702758789062,65.479652404785156,84.144096374511719,107.11497497558594,390.77999877929688,96.816658020019531
2026-06-10,721.77362060546875,692.92852783203125,280.6478271484375,99.987747192382812,64.325653076171875,83.906837463378906,106.86797332763672,374.57998657226562,96.826576232910156
2026-06-11,734.04150390625,716.332763671875,288.96630859375,103.09852600097656,67.150962829589844,84.994239807128906,107.7769775390625,386.32000732421875,96.757186889648438
2026-06-12,738.0113525390625,720.54815673828125,291.49368286132812,103.38399505615234,67.528999328613281,84.786643981933594,107.70780944824219,386.54000854492188,97.649322509765625
2026-06-15,751.02545166015625,743.18328857421875,293.87249755859375,104.08000183105469,69.75,84.737220764160156,107.68804931640625,396.54998779296875,96.965347290039062
2026-06-16,746.54815673828125,729.05877685546875,291.31912231445312,104.30999755859375,68.639999389648438,85.201828002929688,107.81649780273438,397.6300048828125,97.2032470703125
2026-06-17,737.225341796875,721.71685791015625,289.1248779296875,103.77999877929688,68.55999755859375,85.340225219726562,107.47067260742188,388.60000610351562,94.774658203125
2026-06-18,744.8902587890625,739.8070068359375,294.82000732421875,104.41000366210938,70.790000915527344,85.755409240722656,107.76708984375,387.1199951171875,94.725090026855469
2026-06-22,742.546142578125,737.95001220703125,297.40325927734375,104.58000183105469,71.209999084472656,85.102973937988281,107.48055267333984,384.58999633789062,95.74609375
2026-06-23,731.76287841796875,713.6500244140625,294.55072021484375,102.45999908447266,67.169998168945312,85.211708068847656,107.6090087890625,377.32000732421875,97.004997253417969
2026-06-24,731.4237060546875,710.6199951171875,295.91714477539062,102.26000213623047,67.25,86.378181457519531,108.10302734375,365.92001342773438,97.010002136230469
2026-06-25,732.4810791015625,716.3800048828125,298.13134765625,103.15000152587891,67.959999084472656,86.348533630371094,108.19195556640625,369.45999145507812,97.19000244140625
2026-06-26,727.18426513671875,706.52001953125,299.0489501953125,102.54000091552734,67.19000244140625,86.358421325683594,108.19195556640625,373.6300048828125,98.669998168945312
2026-06-29,739.16448974609375,724.08001708984375,298.19119262695312,103.44999694824219,67.430000305175781,86.447380065917969,108.38957214355469,368.57998657226562,98.150001525878906
2026-06-30,744.92022705078125,736.4000244140625,299.6673583984375,103.87999725341797,68.410003662109375,85.429183959960938,107.76708984375,368.3800048828125,96.430000305175781
2026-07-01,743.9127197265625,725.16998291015625,298.540283203125,103.01999664306641,66.480003356933594,84.851730346679688,107.54102325439453,370.60000610351562,96.819999694824219
2026-07-02,742.9351806640625,712.5999755859375,296.8048095703125,104.37000274658203,65.699996948242188,84.841812133789062,107.71949768066406,378.1300048828125,98.019996643066406
2026-07-06,749.4190673828125,722.82000732421875,298.12136840820312,105.45999908447266,67.569999694824219,84.782279968261719,107.74923706054688,382.1300048828125,97.239997863769531
2026-07-07,745.85791015625,709.42999267578125,295.41842651367188,104.16000366210938,65.720001220703125,83.889320373535156,106.96593475341797,377.489990234375,98.400001525878906
2026-07-08,743.55364990234375,711.44000244140625,292.71551513671875,103.36000061035156,66.230003356933594,83.7008056640625,106.75771331787109,374.45001220703125,96.800003051757812
2026-07-09,749.8480224609375,723.280029296875,296.4656982421875,103.91999816894531,66.779998779296875,83.829788208007812,106.79737854003906,378.17999267578125,97.089996337890625
2026-07-10,753.0799560546875,725.510009765625,295.21893310546875,104.33000183105469,66.900001525878906,83.809944152832031,106.54949188232422,377.010009765625,97.319999694824219
2026-07-13,747.31427001953125,711.739990234375,292.71551513671875,103.23999786376953,64.5,83.313850402832031,106.05373382568359,367.1300048828125,97.830001831054688
2026-07-14,749.96771240234375,719.69000244140625,293.74282836914062,103.95999908447266,65.669998168945312,83.422996520996094,106.30161285400391,372.14999389648438,97.569999694824219
2026-07-15,752.9403076171875,717.739990234375,294.99951171875,104.65000152587891,65.569999694824219,83.581741333007812,106.66847991943359,372.35000610351562,97.860000610351562
2026-07-16,748.86041259765625,705.94000244140625,294.82000732421875,103.80999755859375,64.19000244140625,83.551971435546875,106.58914947509766,364.95999145507812,100.06999969482422
2026-07-17,741.44879150390625,695.33001708984375,293.2740478515625,103.33000183105469,63.290000915527344,83.859550476074219,106.64865112304688,368.41000366210938,100.01999664306641
2026-07-20,740.2518310546875,696.05999755859375,291.54855346679688,102.56999969482422,63.560001373291016,83.234474182128906,106.24211883544922,367.60000610351562,99.480003356933594
2026-07-21,746.426513671875,708.969970703125,295.76754760742188,104.05999755859375,65.339996337890625,83.006278991699219,105.94466400146484,374.80999755859375,99.519996643066406
2026-07-22,745.55859375,705.3499755859375,293.02468872070312,104.25,64.989997863769531,82.787994384765625,105.76618194580078,379.1199951171875,99.019996643066406
2026-07-23,736.35150146484375,691.96002197265625,291.3291015625,102.90000152587891,64.599998474121094,82.520095825195312,105.35966491699219,371.51998901367188,98.69000244140625
2026-07-24,737.099609375,684.22998046875,290.41152954101562,103.41000366210938,63.330001831054688,82.599472045898438,105.32991790771484,371.89999389648438,100.80999755859375
2026-07-27,737.25927734375,682.1199951171875,292.14697265625,103.91000366210938,63.619998931884766,83.095565795898438,105.60755157470703,374.6300048828125,100.54000091552734
2026-07-28,739.02484130859375,675.489990234375,292.60577392578125,103.88999938964844,62.360000610351562,83.581741333007812,105.92483520507812,369.3699951171875,100.94999694824219
2026-07-29,727.65313720703125,661.72998046875,287.81829833984375,103.37000274658203,61.069999694824219,82.202598571777344,105.32000732421875,371.07998657226562,100.66000366210938
2026-07-30,739.852783203125,683.54998779296875,291.82781982421875,106.23999786376953,63.590000152587891,82.152992248535156,105.50839233398438,377.16000366210938,99.489997863769531
2026-07-31,745.17962646484375,687.989990234375,290.44143676757812,105.58000183105469,64.089996337890625,81.607284545898438,105.34974670410156,371.54000854492188,98.949996948242188
2026-08-03,755.793212890625,700.07000732421875,295.4483642578125,106.01999664306641,64.319999694824219,81.876258850097656,105.66641998291016,371.70999145507812,99.069999694824219
2026-08-04,769.41937255859375,723.8499755859375,300.92404174804688,107.31999969482422,66,82.503852844238281,106.31370544433594,374.16000366210938,98.919998168945312
2026-08-05,767.8831787109375,717.29998779296875,298.98910522460938,107.43000030517578,65.720001220703125,82.68316650390625,106.29378509521484,389.6400146484375,98.919998168945312
2026-08-06,766.65625,714.6500244140625,297.47308349609375,107.36000061035156,65.019996643066406,82.204994201660156,105.91537475585938,389.67001342773438,98.040000915527344
2026-08-07,771.3446044921875,723.030029296875,300.77444458007812,108.55000305175781,65.639999389648438,82.444084167480469,106.10458374023438,398.47000122070312,98.430000305175781
2026-08-10,771.11517333984375,720.8699951171875,299.19857788085938,108.01000213623047,65.169998168945312,81.746749877929688,105.51704406738281,402.54000854492188,97.110000610351562
2026-08-11,768.65130615234375,718.45001220703125,300.2059326171875,108.08999633789062,65.430000305175781,81.876258850097656,105.54692077636719,400.95999145507812,96.379997253417969
2026-08-12,770.57647705078125,723.70001220703125,301.92144775390625,108.5,66.459999084472656,81.796562194824219,105.67638397216797,404.92001342773438,97.30999755859375
2026-08-13,775.95318603515625,732.07000732421875,302.70938110351562,108.69000244140625,66.680000305175781,82.274726867675781,106.10458374023438,398.95999145507812,98.580001831054688
2026-08-14,774.4169921875,731.07000732421875,304.29525756835938,108.63999938964844,66.610000610351562,81.726829528808594,105.67638397216797,401.48001098632812,98.830001831054688
2026-08-17,770.75604248046875,729.8699951171875,303.2679443359375,108.44999694824219,67.319999694824219,81.039466857910156,105.25813293457031,405.489990234375,97.980003356933594
2026-08-18,765.54901123046875,717.510009765625,299.44793701171875,107.26999664306641,65.339996337890625,81.348289489746094,105.39754486083984,398.54998779296875,97.620002746582031
2026-08-19,767.15496826171875,716.08001708984375,300.93402099609375,107.66000366210938,66.110000610351562,82.703086853027344,106.12449645996094,413.83999633789062,98.610000610351562
2026-08-20,760.71099853515625,710.92999267578125,296.89459228515625,107.34999847412109,66.620002746582031,82.025680541992188,105.61663055419922,415.260009765625,98.599998474121094
2026-08-21,763.8232421875,713.44000244140625,299.17861938476562,108.23999786376953,67.120002746582031,81.736793518066406,105.47721099853516,423.3599853515625,98.5
2026-08-24,761.57879638671875,706.32000732421875,297.19378662109375,108.02999877929688,66.110000610351562,82.244842529296875,105.73612976074219,426.69000244140625,99.099998474121094
2026-08-25,764.01275634765625,710.719970703125,298.45053100585938,108.80999755859375,67.25,83.151374816894531,106.41328430175781,428.07000732421875,99.25
2026-08-26,764.182373046875,711.3699951171875,298.15130615234375,108.26999664306641,67.169998168945312,82.982025146484375,106.3336181640625,421.32000732421875,98.610000610351562
2026-08-27,769.18994140625,721.1099853515625,299.02899169921875,108.01999664306641,67.610000610351562,82.812667846679688,106.28382873535156,422.60000610351562,97.650001525878906
2026-08-28,767.44427490234375,716.42999267578125,294.97958374023438,107.72000122070312,67.139999389648438,82.563621520996094,105.90541839599609,408.8900146484375,97.239997863769531
2026-08-31,765.14996337890625,716.760009765625,293.164306640625,107.44999694824219,67.019996643066406,82.204994201660156,105.76599884033203,408.42001342773438,96.44000244140625
2026-09-01,759.89306640625,707.6400146484375,289.81307983398438,106.48999786376953,66.769996643066406,81.870002746582031,105.22000122070312,396.75,96.300003051757812
2026-09-02,763.2646484375,709.239990234375,293.24411010742188,107.05999755859375,67.150001525878906,81.949996948242188,105.34999847412109,402.77999877929688,95.779998779296875
2026-09-03,771.25482177734375,717.66998291015625,294.42105102539062,108.20999908447266,67.470001220703125,82.069999694824219,105.5,410.22000122070312,96.660003662109375
2026-09-04,768.2822265625,718.96002197265625,295.23892211914062,108.34999847412109,68.699996948242188,82.209999084472656,105.48000335693359,406.76998901367188,96.019996643066406
2026-09-08,764.06268310546875,718.3599853515625,293.90240478515625,107.76000213623047,68.830001831054688,82.199996948242188,105.48000335693359,399.72000122070312,95.930000305175781
2026-09-09,760.51153564453125,716.30999755859375,289.88290405273438,106.55999755859375,68.480003356933594,81.730003356933594,105.30999755859375,403.35000610351562,94.94000244140625
2026-09-10,755.95281982421875,708.69000244140625,286.9505615234375,105.66000366210938,67,80.779998779296875,104.36000061035156,396.3599853515625,94.120002746582031
2026-09-11,762.39678955078125,714.8800048828125,288.13748168945312,106.69999694824219,67.839996337890625,80.870002746582031,104.31999969482422,398.76998901367188,94.800003051757812
2026-09-14,758.9952392578125,709.17999267578125,287.16000366210938,105.84999847412109,65.989997863769531,80.930000305175781,104.30000305175781,392.83999633789062,94.330001831054688
2026-09-15,755.513916015625,704.53997802734375,285.1400146484375,105.40000152587891,65.760002136230469,80.709999084472656,104.27999877929688,394.14999389648438,94.099998474121094
2026-09-16,752.18218994140625,704.719970703125,283.92001342773438,105.01999664306641,65.720001220703125,80.879997253417969,104.44999694824219,391.739990234375,93.480003356933594
2026-09-17,760.71099853515625,716.91998291015625,285.42999267578125,106.04000091552734,66.910003662109375,81.779998779296875,105.16000366210938,398.3599853515625,93.80999755859375
2026-09-18,761.69000244140625,721.45001220703125,284.10000610351562,104.97000122070312,67.029998779296875,81.25,104.69999694824219,401.17001342773438,92.910003662109375
